北京,116,2000/6/5
北京,129,2000/6/6
北京,135,2000/6/7
北京,86,2000/6/8
北京,73,2000/6/9
北京,85,2000/6/10
北京,73,2000/6/11
北京,68,2000/6/12
北京,92,2000/6/13
北京,130,2000/6/14
北京,245,2000/6/15
北京,139,2000/6/16
北京,115,2000/6/17
北京,111,2000/6/18
北京,309,2000/6/19
北京,206,2000/6/20
北京,137,2000/6/21
北京,128,2000/6/22
北京,85,2000/6/23
北京,94,2000/6/24
北京,71,2000/6/25
北京,106,2000/6/26
北京,84,2000/6/27
北京,93,2000/6/28
北京,85,2000/6/29
北京,73,2000/6/30
北京,83,2000/7/1
北京,125,2000/7/2
北京,107,2000/7/3
北京,82,2000/7/4
北京,44,2000/7/5
北京,72,2000/7/6
北京,106,2000/7/7
北京,107,2000/7/8
北京,66,2000/7/9
北京,91,2000/7/10
北京,92,2000/7/11
北京,113,2000/7/12
北京,107,2000/7/13
北京,131,2000/7/14
北京,111,2000/7/15
北京,64,2000/7/16
北京,69,2000/7/17
北京,88,2000/7/18
北京,77,2000/7/19
北京,83,2000/7/20
北京,111,2000/7/21
北京,57,2000/7/22
北京,55,2000/7/23
北京,60,2000/7/24
北京,44,2000/7/25
北京,127,2000/7/26
北京,114,2000/7/27
北京,86,2000/7/28
北京,73,2000/7/29
北京,52,2000/7/30
北京,69,2000/7/31
北京,86,2000/8/1
北京,118,2000/8/2
北京,56,2000/8/3
北京,91,2000/8/4
北京,121,2000/8/5
北京,127,2000/8/6
北京,78,2000/8/7
北京,79,2000/8/8
北京,46,2000/8/9
北京,108,2000/8/10
北京,80,2000/8/11
北京,79,2000/8/12
北京,69,2000/8/13
北京,80,2000/8/14
北京,105,2000/8/15
北京,119,2000/8/16
北京,105,2000/8/17
北京,55,2000/8/18
北京,74,2000/8/19
北京,41,2000/8/20
北京,62,2000/8/21
北京,104,2000/8/22
北京,118,2000/8/23
北京,121,2000/8/24
北京,126,2000/8/25
北京,99,2000/8/26
北京,92,2000/8/27
北京,75,2000/8/28
北京,91,2000/8/29
北京,94,2000/8/30
北京,69,2000/8/31
北京,93,2000/9/1
北京,124,2000/9/2
北京,120,2000/9/3
北京,93,2000/9/4
北京,26,2000/9/5
北京,32,2000/9/6
北京,70,2000/9/7
北京,89,2000/9/8
北京,117,2000/9/10
北京,144,2000/9/11
北京,111,2000/9/12
北京,120,2000/9/13
北京,97,2000/9/14
北京,108,2000/9/15
北京,74,2000/9/17
北京,105,2000/9/18
北京,127,2000/9/19
北京,143,2000/9/20
北京,62,2000/9/21
北京,80,2000/9/22
北京,136,2000/9/23
北京,29,2000/9/24
北京,91,2000/9/25
北京,93,2000/9/26
北京,114,2000/9/27
北京,45,2000/9/28
北京,102,2000/9/29
北京,111,2000/9/30
北京,93,2000/10/1
北京,117,2000/10/2
北京,78,2000/10/3
北京,76,2000/10/4
北京,100,2000/10/5
北京,75,2000/10/6
北京,169,2000/10/7
北京,59,2000/10/8
北京,89,2000/10/9
北京,91,2000/10/10
北京,75,2000/10/11
北京,28,2000/10/12
北京,47,2000/10/13
北京,92,2000/10/14
北京,72,2000/10/16
北京,149,2000/10/17
北京,86,2000/10/18
北京,88,2000/10/19
北京,104,2000/10/20
北京,91,2000/10/21
北京,88,2000/10/22
北京,55,2000/10/23
北京,63,2000/10/24
北京,41,2000/10/25
北京,85,2000/10/26
北京,99,2000/10/27
北京,121,2000/10/28
北京,96,2000/10/29
北京,90,2000/10/30
北京,80,2000/11/1
北京,116,2000/11/2
北京,207,2000/11/3
北京,306,2000/11/4
北京,283,2000/11/5
北京,200,2000/11/6
北京,93,2000/11/7
北京,49,2000/11/8
北京,78,2000/11/9
北京,40,2000/11/10
北京,74,2000/11/11
北京,67,2000/11/12
北京,118,2000/11/13
北京,196,2000/11/14
北京,101,2000/11/15
北京,59,2000/11/16
北京,83,2000/11/17
北京,83,2000/11/18
北京,124,2000/11/19
北京,57,2000/11/20
北京,78,2000/11/21
北京,113,2000/11/22
北京,172,2000/11/23
北京,129,2000/11/24
北京,103,2000/11/25
北京,75,2000/11/26
北京,125,2000/11/27
北京,121,2000/11/28
北京,204,2000/11/29
北京,141,2000/11/30
北京,106,2000/12/1
北京,146,2000/12/2
北京,95,2000/12/3
北京,149,2000/12/4
北京,71,2000/12/5
北京,157,2000/12/7
北京,141,2000/12/8
北京,197,2000/12/9
北京,43,2000/12/10
北京,81,2000/12/11
北京,109,2000/12/12
北京,118,2000/12/13
北京,115,2000/12/15
北京,92,2000/12/16
北京,123,2000/12/17
北京,147,2000/12/18
北京,59,2000/12/19
北京,103,2000/12/20
北京,146,2000/12/21
北京,137,2000/12/22
北京,74,2000/12/23
北京,64,2000/12/24
北京,67,2000/12/25
北京,107,2000/12/26
北京,101,2000/12/27
北京,79,2000/12/28
北京,137,2000/12/29
北京,165,2000/12/30
北京,81,2000/12/31
北京,100,2001/1/1
北京,126,2001/1/2
北京,56,2001/1/3
北京,108,2001/1/5
北京,88,2001/1/6
北京,78,2001/1/7
北京,105,2001/1/8
北京,77,2001/1/9
北京,105,2001/1/10
北京,93,2001/1/11
北京,107,2001/1/12
北京,128,2001/1/13
北京,53,2001/1/14
北京,81,2001/1/15
北京,128,2001/1/16
北京,179,2001/1/17
北京,225,2001/1/18
北京,116,2001/1/19
北京,153,2001/1/20
北京,161,2001/1/21
北京,149,2001/1/22
北京,115,2001/1/23
北京,136,2001/1/24
北京,101,2001/1/25
北京,109,2001/1/26
北京,108,2001/1/27
北京,86,2001/1/28
北京,101,2001/1/29
北京,109,2001/1/30
北京,139,2001/1/31
北京,110,2001/2/1
北京,113,2001/2/2
北京,130,2001/2/3
北京,62,2001/2/4
北京,88,2001/2/5
北京,105,2001/2/6
北京,87,2001/2/7
北京,140,2001/2/8
北京,116,2001/2/9
北京,100,2001/2/10
北京,83,2001/2/11
北京,102,2001/2/12
北京,106,2001/2/13
北京,157,2001/2/14
北京,131,2001/2/15
北京,77,2001/2/16
北京,101,2001/2/17
北京,148,2001/2/18
北京,227,2001/2/19
北京,105,2001/2/20
北京,155,2001/2/21
北京,293,2001/2/22
北京,99,2001/2/23
北京,57,2001/2/24
北京,97,2001/2/25
北京,104,2001/2/26
北京,117,2001/2/27
北京,125,2001/2/28
北京,216,2001/3/1
北京,149,2001/3/2
北京,256,2001/3/3
北京,172,2001/3/4
北京,113,2001/3/5
北京,338,2001/3/6
北京,57,2001/3/7
北京,48,2001/3/8
北京,111,2001/3/10
北京,87,2001/3/11
北京,175,2001/3/12
北京,186,2001/3/13
北京,201,2001/3/14
北京,76,2001/3/15
北京,131,2001/3/16
北京,127,2001/3/17
北京,128,2001/3/18
北京,152,2001/3/19
北京,144,2001/3/20
北京,162,2001/3/21
北京,500,2001/3/22
北京,358,2001/3/24
北京,128,2001/3/25
北京,54,2001/3/26
北京,57,2001/3/27
北京,54,2001/3/28
北京,80,2001/3/29
北京,71,2001/3/30
北京,73,2001/3/31
北京,139,2001/4/1
北京,224,2001/4/2
北京,107,2001/4/3
北京,150,2001/4/4
北京,180,2001/4/5
北京,77,2001/4/6
北京,95,2001/4/7
北京,194,2001/4/8
北京,143,2001/4/9
北京,205,2001/4/10
北京,129,2001/4/11
北京,64,2001/4/12
北京,61,2001/4/13
北京,79,2001/4/14
北京,121,2001/4/15
北京,130,2001/4/16
北京,150,2001/4/17
北京,205,2001/4/18
北京,154,2001/4/19
北京,81,2001/4/20
北京,140,2001/4/21
北京,119,2001/4/22
北京,156,2001/4/23
北京,72,2001/4/24
北京,108,2001/4/25
北京,124,2001/4/26
北京,94,2001/4/27
北京,157,2001/4/28
北京,100,2001/4/29
北京,158,2001/4/30
北京,277,2001/5/1
北京,332,2001/5/2
北京,303,2001/5/3
北京,238,2001/5/4
北京,500,2001/5/5
北京,99,2001/5/6
北京,93,2001/5/7
北京,104,2001/5/8
北京,74,2001/5/9
北京,68,2001/5/10
北京,90,2001/5/11
北京,114,2001/5/12
北京,142,2001/5/13
北京,126,2001/5/14
北京,185,2001/5/15
北京,402,2001/5/16
北京,189,2001/5/17
北京,189,2001/5/17
北京,189,2001/5/17
北京,112,2001/5/18
北京,137,2001/5/19
北京,158,2001/5/20
北京,158,2001/5/21
北京,116,2001/5/22
北京,132,2001/5/23
北京,110,2001/5/24
北京,82,2001/5/25
北京,56,2001/5/26
北京,54,2001/5/27
北京,71,2001/5/28
北京,101,2001/5/29
北京,57,2001/5/30
北京,88,2001/5/31
北京,99,2001/6/1
北京,84,2001/6/2
北京,139,2001/6/3
北京,132,2001/6/4
北京,141,2001/6/5
北京,159,2001/6/7
北京,131,2001/6/8
北京,180,2001/6/9
北京,164,2001/6/10
北京,134,2001/6/11
北京,163,2001/6/12
北京,105,2001/6/13
北京,74,2001/6/14
北京,50,2001/6/15
北京,60,2001/6/16
北京,82,2001/6/17
北京,111,2001/6/18
北京,89,2001/6/19
北京,81,2001/6/20
北京,76,2001/6/21
北京,70,2001/6/22
北京,74,2001/6/23
北京,99,2001/6/24
北京,91,2001/6/25
北京,113,2001/6/26
北京,93,2001/6/27
北京,69,2001/6/28
北京,74,2001/6/29
北京,75,2001/6/30
北京,108,2001/7/1
北京,115,2001/7/2
北京,86,2001/7/3
北京,67,2001/7/4
北京,68,2001/7/5
北京,74,2001/7/6
北京,69,2001/7/7
北京,95,2001/7/8
北京,99,2001/7/9
北京,92,2001/7/10
北京,84,2001/7/11
北京,77,2001/7/12
北京,69,2001/7/13
北京,62,2001/7/14
北京,83,2001/7/15
北京,101,2001/7/16
北京,98,2001/7/17
北京,89,2001/7/18
北京,82,2001/7/19
北京,105,2001/7/20
北京,79,2001/7/21
北京,48,2001/7/22
北京,119,2001/7/23
北京,126,2001/7/24
北京,44,2001/7/25
北京,42,2001/7/26
北京,86,2001/7/27
北京,68,2001/7/28
北京,93,2001/7/29
北京,89,2001/7/30
北京,76,2001/7/31
北京,54,2001/8/1
北京,53,2001/8/2
北京,35,2001/8/3
北京,65,2001/8/4
北京,108,2001/8/5
北京,114,2001/8/6
北京,90,2001/8/7
北京,63,2001/8/8
北京,79,2001/8/9
北京,102,2001/8/10
北京,100,2001/8/11
北京,107,2001/8/12
北京,81,2001/8/13
北京,79,2001/8/14
北京,116,2001/8/15
北京,98,2001/8/16
北京,96,2001/8/17
北京,94,2001/8/18
北京,63,2001/8/19
北京,39,2001/8/20
北京,81,2001/8/21
北京,73,2001/8/22
北京,66,2001/8/23
北京,52,2001/8/24
北京,64,2001/8/25
北京,61,2001/8/26
北京,83,2001/8/27
北京,85,2001/8/28
北京,99,2001/8/29
北京,97,2001/8/30
北京,93,2001/8/31
北京,86,2001/9/1
北京,105,2001/9/2
北京,98,2001/9/3
北京,109,2001/9/4
北京,92,2001/9/5
北京,68,2001/9/6
北京,92,2001/9/7
北京,72,2001/9/8
北京,64,2001/9/9
北京,88,2001/9/10
北京,97,2001/9/11
北京,102,2001/9/12
北京,103,2001/9/13
北京,120,2001/9/14
北京,94,2001/9/15
北京,95,2001/9/16
北京,93,2001/9/17
北京,56,2001/9/18
北京,98,2001/9/19
北京,81,2001/9/20
北京,100,2001/9/21
北京,75,2001/9/22
北京,84,2001/9/23
北京,91,2001/9/24
北京,70,2001/9/25
北京,96,2001/9/26
北京,128,2001/9/27
北京,92,2001/9/28
北京,107,2001/9/29
北京,95,2001/9/30
北京,63,2001/10/1
北京,115,2001/10/2
北京,69,2001/10/3
北京,47,2001/10/4
北京,86,2001/10/5
北京,122,2001/10/6
北京,104,2001/10/7
北京,122,2001/10/8
北京,49,2001/10/9
北京,36,2001/10/10
北京,83,2001/10/11
北京,107,2001/10/12
北京,126,2001/10/13
北京,126,2001/10/14
北京,78,2001/10/15
北京,72,2001/10/16
北京,76,2001/10/17
北京,87,2001/10/18
北京,143,2001/10/19
北京,259,2001/10/20
北京,183,2001/10/21
北京,276,2001/10/22
北京,232,2001/10/23
北京,167,2001/10/24
北京,105,2001/10/25
北京,129,2001/10/26
北京,140,2001/10/27
北京,61,2001/10/28
北京,85,2001/10/29
北京,155,2001/10/30
北京,38,2001/11/1
北京,106,2001/11/2
北京,134,2001/11/3
北京,57,2001/11/4
北京,51,2001/11/5
北京,68,2001/11/6
北京,129,2001/11/7
北京,158,2001/11/8
北京,85,2001/11/9
北京,121,2001/11/10
北京,161,2001/11/11
北京,94,2001/11/12
北京,58,2001/11/13
北京,57,2001/11/14
北京,71,2001/11/15
北京,105,2001/11/16
北京,66,2001/11/17
北京,117,2001/11/18
北京,87,2001/11/19
北京,88,2001/11/20
北京,131,2001/11/21
北京,151,2001/11/22
北京,310,2001/11/23
北京,161,2001/11/24
北京,23,2001/11/25
北京,52,2001/11/26
北京,82,2001/11/27
北京,128,2001/11/28
北京,115,2001/11/29
北京,63,2001/11/30
北京,102,2001/12/2
北京,96,2001/12/3
北京,107,2001/12/4
北京,89,2001/12/5
北京,59,2001/12/6
北京,100,2001/12/7
北京,136,2001/12/8
北京,137,2001/12/9
北京,119,2001/12/10
北京,112,2001/12/11
北京,186,2001/12/12
北京,192,2001/12/13
北京,83,2001/12/14
北京,97,2001/12/15
北京,113,2001/12/16
北京,89,2001/12/18
北京,106,2001/12/19
北京,119,2001/12/20
北京,62,2001/12/21
北京,79,2001/12/22
北京,58,2001/12/23
北京,61,2001/12/24
北京,64,2001/12/25
北京,108,2001/12/26
北京,101,2001/12/27
北京,82,2001/12/28
北京,85,2001/12/29
北京,98,2001/12/30
北京,132,2001/12/31
北京,88,2002/1/1
北京,97,2002/1/2
北京,116,2002/1/3
北京,111,2002/1/4
北京,81,2002/1/5
北京,78,2002/1/6
北京,138,2002/1/7
北京,100,2002/1/8
北京,157,2002/1/9
北京,349,2002/1/10
北京,196,2002/1/11
北京,190,2002/1/12
北京,100,2002/1/13
北京,103,2002/1/14
北京,160,2002/1/15
北京,97,2002/1/16
北京,103,2002/1/17
北京,123,2002/1/18
北京,137,2002/1/19
北京,268,2002/1/20
北京,52,2002/1/21
北京,44,2002/1/22
北京,66,2002/1/23
北京,106,2002/1/24
北京,94,2002/1/25
北京,96,2002/1/26
北京,58,2002/1/27
北京,62,2002/1/28
北京,56,2002/1/29
北京,62,2002/1/30
北京,109,2002/1/31
北京,96,2002/2/1
北京,95,2002/2/2
北京,126,2002/2/3
北京,161,2002/2/4
北京,138,2002/2/5
北京,106,2002/2/6
北京,99,2002/2/7
北京,113,2002/2/8
北京,80,2002/2/9
北京,90,2002/2/10
北京,86,2002/2/11
北京,142,2002/2/12
北京,93,2002/2/13
北京,125,2002/2/14
北京,135,2002/2/15
北京,138,2002/2/16
北京,111,2002/2/17
北京,70,2002/2/18
北京,101,2002/2/19
北京,153,2002/2/20
北京,146,2002/2/21
北京,97,2002/2/22
北京,82,2002/2/23
北京,99,2002/2/24
北京,131,2002/2/25
北京,88,2002/2/26
北京,74,2002/2/27
北京,96,2002/2/28
北京,133,2002/3/1
北京,105,2002/3/2
北京,86,2002/3/3
北京,105,2002/3/4
北京,89,2002/3/5
北京,70,2002/3/6
北京,87,2002/3/7
北京,109,2002/3/8
北京,161,2002/3/9
北京,83,2002/3/10
北京,129,2002/3/11
北京,107,2002/3/12
北京,89,2002/3/13
北京,186,2002/3/14
北京,108,2002/3/15
北京,500,2002/3/16
北京,188,2002/3/17
北京,102,2002/3/18
北京,139,2002/3/19
北京,155,2002/3/20
北京,500,2002/3/21
北京,370,2002/3/22
北京,164,2002/3/23
北京,105,2002/3/24
北京,156,2002/3/25
北京,180,2002/3/26
北京,105,2002/3/27
北京,126,2002/3/28
北京,120,2002/3/29
北京,122,2002/3/30
北京,118,2002/3/31
北京,188,2002/4/1
北京,260,2002/4/2
北京,296,2002/4/3
北京,118,2002/4/4
北京,132,2002/4/5
北京,80,2002/4/6
北京,500,2002/4/7
北京,500,2002/4/8
北京,253,2002/4/9
北京,67,2002/4/10
北京,110,2002/4/11
北京,133,2002/4/13
北京,246,2002/4/14
北京,324,2002/4/15
北京,225,2002/4/16
北京,120,2002/4/17
北京,121,2002/4/18
北京,131,2002/4/19
北京,148,2002/4/20
北京,174,2002/4/21
北京,106,2002/4/22
北京,32,2002/4/23
北京,86,2002/4/24
北京,92,2002/4/25
北京,117,2002/4/26
北京,110,2002/4/27
北京,90,2002/4/28
北京,86,2002/4/29
北京,106,2002/4/30
北京,84,2002/5/1
北京,76,2002/5/2
北京,92,2002/5/3
北京,85,2002/5/4
北京,79,2002/5/5
北京,92,2002/5/7
北京,99,2002/5/8
北京,105,2002/5/9
北京,105,2002/5/10
北京,78,2002/5/11
北京,125,2002/5/12
北京,113,2002/5/13
北京,90,2002/5/14
北京,89,2002/5/15
北京,99,2002/5/16
北京,94,2002/5/17
北京,109,2002/5/18
北京,105,2002/5/19
北京,115,2002/5/20
北京,110,2002/5/21
北京,54,2002/5/22
北京,76,2002/5/23
北京,83,2002/5/24
北京,75,2002/5/25
北京,89,2002/5/26
北京,97,2002/5/27
北京,113,2002/5/28
北京,106,2002/5/29
北京,86,2002/5/30
北京,108,2002/5/31
北京,115,2002/6/1
北京,106,2002/6/2
北京,99,2002/6/3
北京,151,2002/6/4
北京,118,2002/6/5
北京,139,2002/6/6
北京,161,2002/6/7
北京,77,2002/6/8
北京,72,2002/6/9
北京,36,2002/6/10
北京,81,2002/6/11
北京,67,2002/6/12
北京,56,2002/6/13
北京,73,2002/6/14
北京,75,2002/6/15
北京,80,2002/6/16
北京,122,2002/6/17
北京,142,2002/6/19
北京,77,2002/6/20
北京,68,2002/6/21
北京,77,2002/6/22
北京,50,2002/6/23
北京,51,2002/6/24
北京,40,2002/6/25
北京,46,2002/6/26
北京,65,2002/6/27
北京,110,2002/6/28
北京,104,2002/6/29
北京,85,2002/6/30
北京,126,2002/7/1
北京,88,2002/7/2
北京,112,2002/7/3
北京,108,2002/7/4
北京,98,2002/7/5
北京,88,2002/7/6
北京,68,2002/7/7
北京,87,2002/7/8
北京,83,2002/7/9
北京,87,2002/7/10
北京,127,2002/7/11
北京,111,2002/7/12
北京,108,2002/7/13
北京,91,2002/7/14
北京,89,2002/7/15
北京,75,2002/7/16
北京,88,2002/7/17
北京,76,2002/7/18
北京,62,2002/7/19
北京,55,2002/7/20
北京,66,2002/7/21
北京,67,2002/7/22
北京,62,2002/7/23
北京,113,2002/7/24
北京,81,2002/7/25
北京,66,2002/7/26
北京,86,2002/7/27
北京,47,2002/7/28
北京,44,2002/7/29
北京,79,2002/7/30
北京,137,2002/7/31
北京,160,2002/8/1
北京,89,2002/8/2
北京,96,2002/8/3
北京,63,2002/8/4
北京,53,2002/8/5
北京,50,2002/8/6
北京,44,2002/8/7
北京,74,2002/8/8
北京,64,2002/8/9
北京,72,2002/8/10
北京,94,2002/8/11
北京,71,2002/8/12
北京,124,2002/8/13
北京,129,2002/8/14
北京,155,2002/8/15
北京,156,2002/8/16
北京,125,2002/8/17
北京,130,2002/8/18
北京,66,2002/8/19
北京,91,2002/8/20
北京,114,2002/8/21
北京,112,2002/8/22
北京,102,2002/8/23
北京,72,2002/8/24
北京,76,2002/8/25
北京,77,2002/8/26
北京,86,2002/8/27
北京,92,2002/8/28
北京,108,2002/8/29
北京,100,2002/8/30
北京,122,2002/8/31
北京,164,2002/9/1
北京,111,2002/9/2
北京,52,2002/9/3
北京,70,2002/9/4
北京,59,2002/9/5
北京,82,2002/9/6
北京,96,2002/9/7
北京,92,2002/9/8
北京,124,2002/9/9
北京,98,2002/9/10
北京,45,2002/9/11
北京,37,2002/9/12
北京,81,2002/9/13
北京,90,2002/9/14
北京,98,2002/9/15
北京,97,2002/9/16
北京,111,2002/9/17
北京,125,2002/9/18
北京,83,2002/9/19
北京,41,2002/9/20
北京,87,2002/9/21
北京,56,2002/9/22
北京,72,2002/9/23
北京,182,2002/9/25
北京,183,2002/9/26
北京,70,2002/9/27
北京,44,2002/9/28
北京,62,2002/9/29
北京,100,2002/9/30
北京,121,2002/10/1
北京,62,2002/10/2
北京,70,2002/10/3
北京,99,2002/10/4
北京,89,2002/10/5
北京,52,2002/10/6
北京,37,2002/10/7
北京,64,2002/10/8
北京,135,2002/10/9
北京,232,2002/10/10
北京,365,2002/10/11
北京,198,2002/10/12
北京,53,2002/10/13
北京,121,2002/10/14
北京,83,2002/10/15
北京,100,2002/10/16
北京,169,2002/10/17
北京,75,2002/10/18
北京,72,2002/10/20
北京,51,2002/10/21
北京,50,2002/10/22
北京,95,2002/10/23
北京,88,2002/10/24
北京,59,2002/10/26
北京,30,2002/10/27
北京,48,2002/10/28
北京,109,2002/10/29
北京,146,2002/10/30
北京,76,2002/10/31
北京,33,2002/11/1
北京,52,2002/11/2
北京,54,2002/11/3
北京,70,2002/11/4
北京,107,2002/11/5
北京,96,2002/11/6
北京,76,2002/11/7
北京,37,2002/11/8
北京,94,2002/11/9
北京,182,2002/11/10
北京,452,2002/11/11
北京,66,2002/11/12
北京,56,2002/11/13
北京,80,2002/11/14
北京,85,2002/11/15
北京,104,2002/11/16
北京,43,2002/11/17
北京,52,2002/11/18
北京,115,2002/11/19
北京,143,2002/11/20
北京,75,2002/11/21
北京,110,2002/11/22
北京,134,2002/11/23
北京,129,2002/11/24
北京,153,2002/11/25
北京,54,2002/11/26
北京,114,2002/11/27
北京,145,2002/11/28
北京,87,2002/11/29
北京,138,2002/11/30
北京,198,2002/12/1
北京,273,2002/12/2
北京,395,2002/12/3
北京,498,2002/12/4
北京,97,2002/12/5
北京,112,2002/12/6
北京,97,2002/12/7
北京,86,2002/12/8
北京,97,2002/12/9
北京,99,2002/12/10
北京,151,2002/12/12
北京,135,2002/12/13
北京,193,2002/12/14
北京,153,2002/12/15
北京,95,2002/12/16
北京,91,2002/12/17
北京,137,2002/12/18
北京,98,2002/12/19
北京,77,2002/12/20
北京,95,2002/12/21
北京,96,2002/12/22
北京,83,2002/12/23
北京,71,2002/12/24
北京,53,2002/12/25
北京,69,2002/12/26
北京,75,2002/12/27
北京,106,2002/12/28
北京,90,2002/12/29
北京,106,2002/12/30
北京,64,2002/12/31
北京,105,2003/1/1
北京,100,2003/1/2
北京,69,2003/1/3
北京,55,2003/1/4
北京,65,2003/1/5
北京,112,2003/1/6
北京,83,2003/1/7
北京,131,2003/1/8
北京,151,2003/1/9
北京,93,2003/1/10
北京,97,2003/1/11
北京,104,2003/1/12
北京,92,2003/1/13
北京,53,2003/1/14
北京,105,2003/1/15
北京,159,2003/1/16
北京,106,2003/1/17
北京,89,2003/1/18
北京,88,2003/1/19
北京,87,2003/1/20
北京,99,2003/1/21
北京,117,2003/1/22
北京,72,2003/1/23
北京,109,2003/1/24
北京,91,2003/1/25
北京,100,2003/1/26
北京,48,2003/1/27
北京,58,2003/1/28
北京,65,2003/1/29
北京,105,2003/1/30
北京,87,2003/1/31
北京,148,2003/2/1
北京,109,2003/2/2
北京,96,2003/2/3
北京,87,2003/2/4
北京,56,2003/2/5
北京,105,2003/2/6
北京,126,2003/2/7
北京,164,2003/2/8
北京,113,2003/2/9
北京,54,2003/2/10
北京,47,2003/2/11
北京,93,2003/2/12
北京,83,2003/2/13
北京,91,2003/2/14
北京,135,2003/2/15
北京,65,2003/2/16
北京,100,2003/2/17
北京,147,2003/2/18
北京,56,2003/2/19
北京,89,2003/2/20
北京,107,2003/2/21
北京,99,2003/2/22
北京,124,2003/2/23
北京,152,2003/2/24
北京,115,2003/2/25
北京,87,2003/2/26
北京,76,2003/2/27
北京,93,2003/2/28
北京,172,2003/3/1
北京,235,2003/3/2
北京,65,2003/3/3
北京,55,2003/3/4
北京,93,2003/3/5
北京,96,2003/3/6
北京,127,2003/3/7
北京,71,2003/3/8
北京,88,2003/3/9
北京,81,2003/3/10
北京,115,2003/3/11
北京,54,2003/3/12
北京,94,2003/3/13
北京,92,2003/3/14
北京,98,2003/3/15
北京,73,2003/3/17
北京,69,2003/3/18
北京,156,2003/3/19
北京,93,2003/3/20
北京,37,2003/3/21
北京,92,2003/3/22
北京,114,2003/3/23
北京,124,2003/3/24
北京,108,2003/3/25
北京,106,2003/3/26
北京,39,2003/3/27
北京,66,2003/3/28
北京,126,2003/3/29
北京,282,2003/3/30
北京,136,2003/3/31
北京,92,2003/4/1
北京,54,2003/4/2
北京,81,2003/4/3
北京,89,2003/4/4
北京,115,2003/4/5
北京,108,2003/4/6
北京,100,2003/4/7
北京,55,2003/4/8
北京,75,2003/4/9
北京,88,2003/4/10
北京,94,2003/4/11
北京,143,2003/4/12
北京,62,2003/4/13
北京,138,2003/4/14
北京,187,2003/4/15
北京,157,2003/4/16
北京,154,2003/4/17
北京,56,2003/4/18
北京,54,2003/4/19
北京,57,2003/4/20
北京,46,2003/4/21
北京,82,2003/4/22
北京,179,2003/4/24
北京,138,2003/4/25
北京,147,2003/4/26
北京,147,2003/4/28
北京,106,2003/4/29
北京,95,2003/4/30
北京,107,2003/5/1
北京,102,2003/5/2
北京,120,2003/5/3
北京,117,2003/5/4
北京,87,2003/5/5
北京,71,2003/5/6
北京,58,2003/5/7
北京,95,2003/5/8
北京,117,2003/5/9
北京,142,2003/5/10
北京,104,2003/5/11
北京,124,2003/5/12
北京,100,2003/5/13
北京,82,2003/5/14
北京,77,2003/5/15
北京,70,2003/5/16
北京,34,2003/5/17
北京,60,2003/5/18
北京,83,2003/5/19
北京,107,2003/5/20
北京,126,2003/5/21
北京,93,2003/5/22
北京,100,2003/5/23
北京,96,2003/5/24
北京,87,2003/5/25
北京,116,2003/5/26
北京,111,2003/5/27
北京,90,2003/5/28
北京,68,2003/5/29
北京,96,2003/5/30
北京,86,2003/5/31
北京,131,2003/6/1
北京,110,2003/6/2
北京,119,2003/6/3
北京,126,2003/6/4
北京,67,2003/6/5
北京,86,2003/6/6
北京,81,2003/6/7
北京,104,2003/6/8
北京,71,2003/6/9
北京,35,2003/6/10
北京,57,2003/6/11
北京,56,2003/6/12
北京,57,2003/6/13
北京,40,2003/6/14
北京,72,2003/6/15
北京,96,2003/6/16
北京,137,2003/6/17
北京,180,2003/6/18
北京,171,2003/6/19
北京,167,2003/6/20
北京,173,2003/6/21
北京,124,2003/6/22
北京,79,2003/6/23
北京,29,2003/6/24
北京,76,2003/6/25
北京,96,2003/6/26
北京,89,2003/6/27
北京,67,2003/6/28
北京,51,2003/6/29
北京,92,2003/6/30
北京,94,2003/7/1
北京,100,2003/7/2
北京,129,2003/7/3
北京,128,2003/7/4
北京,44,2003/7/5
北京,64,2003/7/6
北京,59,2003/7/7
北京,75,2003/7/8
北京,41,2003/7/9
北京,85,2003/7/10
北京,91,2003/7/11
北京,125,2003/7/12
北京,108,2003/7/13
北京,116,2003/7/14
北京,135,2003/7/15
北京,111,2003/7/16
北京,95,2003/7/17
北京,79,2003/7/18
北京,75,2003/7/19
北京,104,2003/7/20
北京,82,2003/7/21
北京,80,2003/7/22
北京,99,2003/7/23
北京,110,2003/7/24
北京,96,2003/7/25
北京,163,2003/7/26
北京,126,2003/7/27
北京,69,2003/7/28
北京,98,2003/7/29
北京,68,2003/7/30
北京,75,2003/7/31
北京,109,2003/8/1
北京,75,2003/8/2
北京,102,2003/8/3
北京,115,2003/8/4
北京,110,2003/8/5
北京,93,2003/8/6
北京,80,2003/8/7
北京,65,2003/8/8
北京,64,2003/8/9
北京,64,2003/8/10
北京,58,2003/8/11
北京,123,2003/8/13
北京,87,2003/8/14
北京,88,2003/8/15
北京,89,2003/8/16
北京,86,2003/8/17
北京,91,2003/8/18
北京,132,2003/8/19
北京,85,2003/8/20
北京,96,2003/8/21
北京,90,2003/8/22
北京,78,2003/8/23
北京,79,2003/8/24
北京,76,2003/8/25
北京,84,2003/8/26
北京,88,2003/8/27
北京,57,2003/8/28
北京,44,2003/8/29
北京,78,2003/8/30
北京,95,2003/8/31
北京,93,2003/9/1
北京,86,2003/9/2
北京,108,2003/9/3
北京,124,2003/9/4
北京,70,2003/9/5
北京,113,2003/9/6
北京,82,2003/9/7
北京,111,2003/9/8
北京,59,2003/9/9
北京,60,2003/9/10
北京,89,2003/9/11
北京,132,2003/9/12
北京,133,2003/9/13
北京,112,2003/9/14
北京,69,2003/9/15
北京,132,2003/9/16
北京,75,2003/9/17
北京,37,2003/9/18
北京,37,2003/9/19
北京,79,2003/9/20
北京,89,2003/9/21
北京,121,2003/9/22
北京,74,2003/9/23
北京,88,2003/9/24
北京,66,2003/9/26
北京,32,2003/9/27
北京,73,2003/9/28
北京,92,2003/9/29
北京,57,2003/9/30
北京,67,2003/10/1
北京,34,2003/10/2
北京,45,2003/10/3
北京,115,2003/10/5
北京,153,2003/10/6
北京,127,2003/10/7
北京,116,2003/10/8
北京,152,2003/10/9
北京,130,2003/10/10
北京,24,2003/10/11
北京,17,2003/10/12
北京,60,2003/10/13
北京,56,2003/10/14
北京,51,2003/10/15
北京,56,2003/10/16
北京,80,2003/10/17
北京,56,2003/10/18
北京,98,2003/10/19
北京,145,2003/10/20
北京,121,2003/10/21
北京,41,2003/10/22
北京,86,2003/10/23
北京,121,2003/10/24
北京,69,2003/10/25
北京,116,2003/10/26
北京,165,2003/10/27
北京,120,2003/10/29
北京,171,2003/10/30
北京,289,2003/10/31
北京,500,2003/11/1
北京,181,2003/11/2
北京,28,2003/11/3
北京,92,2003/11/4
北京,146,2003/11/5
北京,44,2003/11/6
北京,22,2003/11/7
北京,25,2003/11/8
北京,51,2003/11/9
北京,74,2003/11/10
北京,51,2003/11/11
北京,106,2003/11/12
北京,149,2003/11/13
北京,213,2003/11/14
北京,130,2003/11/15
北京,32,2003/11/16
北京,116,2003/11/17
北京,162,2003/11/18
北京,173,2003/11/19
北京,118,2003/11/20
北京,20,2003/11/21
北京,85,2003/11/22
北京,161,2003/11/23
北京,186,2003/11/24
北京,147,2003/11/25
北京,57,2003/11/26
北京,88,2003/11/27
北京,107,2003/11/28
北京,159,2003/11/29
北京,147,2003/11/30
北京,153,2003/12/1
北京,135,2003/12/2
北京,99,2003/12/3
北京,92,2003/12/4
北京,109,2003/12/5
北京,99,2003/12/6
北京,57,2003/12/7
北京,64,2003/12/8
北京,79,2003/12/9
北京,143,2003/12/10
北京,93,2003/12/11
北京,52,2003/12/12
北京,95,2003/12/13
北京,141,2003/12/14
北京,59,2003/12/15
北京,109,2003/12/16
北京,58,2003/12/17
北京,60,2003/12/18
北京,52,2003/12/19
北京,71,2003/12/20
北京,110,2003/12/21
北京,107,2003/12/22
北京,114,2003/12/23
北京,98,2003/12/24
北京,96,2003/12/25
北京,48,2003/12/26
北京,89,2003/12/27
北京,130,2003/12/28
北京,90,2003/12/29
北京,106,2003/12/30
北京,111,2003/12/31
北京,128,2004/1/1
北京,83,2004/1/2
北京,60,2004/1/3
北京,109,2004/1/4
北京,137,2004/1/5
北京,147,2004/1/6
北京,99,2004/1/7
北京,73,2004/1/8
北京,126,2004/1/9
北京,73,2004/1/10
北京,72,2004/1/11
北京,87,2004/1/12
北京,85,2004/1/13
北京,115,2004/1/14
北京,121,2004/1/15
北京,97,2004/1/16
北京,109,2004/1/17
北京,74,2004/1/18
北京,52,2004/1/19
北京,49,2004/1/20
北京,41,2004/1/21
北京,64,2004/1/22
北京,80,2004/1/23
北京,38,2004/1/24
北京,58,2004/1/25
北京,106,2004/1/26
北京,57,2004/1/27
北京,106,2004/1/28
北京,111,2004/1/29
北京,118,2004/1/31
北京,109,2004/2/1
北京,53,2004/2/2
北京,50,2004/2/3
北京,59,2004/2/4
北京,56,2004/2/6
北京,68,2004/2/7
北京,52,2004/2/8
北京,68,2004/2/9
北京,130,2004/2/10
北京,95,2004/2/11
北京,103,2004/2/12
北京,124,2004/2/13
北京,95,2004/2/14
北京,92,2004/2/15
北京,95,2004/2/16
北京,135,2004/2/17
北京,242,2004/2/18
北京,451,2004/2/19
北京,140,2004/2/20
北京,109,2004/2/21
北京,88,2004/2/23
北京,164,2004/2/24
北京,145,2004/2/25
北京,46,2004/2/26
北京,85,2004/2/27
北京,125,2004/2/28
北京,54,2004/2/29
北京,83,2004/3/1
北京,73,2004/3/2
北京,60,2004/3/3
北京,85,2004/3/4
北京,73,2004/3/5
北京,51,2004/3/6
北京,56,2004/3/7
北京,108,2004/3/8
北京,179,2004/3/9
北京,446,2004/3/10
北京,84,2004/3/11
北京,104,2004/3/13
北京,87,2004/3/14
北京,143,2004/3/15
北京,206,2004/3/16
北京,77,2004/3/17
北京,114,2004/3/19
北京,87,2004/3/20
北京,92,2004/3/21
北京,165,2004/3/22
北京,104,2004/3/23
北京,33,2004/3/24
北京,88,2004/3/25
北京,137,2004/3/26
北京,151,2004/3/27
北京,338,2004/3/28
北京,239,2004/3/29
北京,139,2004/3/30
北京,79,2004/3/31
北京,123,2004/4/1
北京,64,2004/4/2
北京,51,2004/4/3
北京,133,2004/4/5
北京,93,2004/4/6
北京,39,2004/4/7
北京,111,2004/4/8
北京,145,2004/4/9
北京,193,2004/4/10
北京,131,2004/4/11
北京,131,2004/4/12
北京,108,2004/4/13
北京,95,2004/4/14
北京,141,2004/4/15
北京,186,2004/4/16
北京,156,2004/4/17
北京,260,2004/4/18
北京,138,2004/4/19
北京,133,2004/4/20
北京,107,2004/4/21
北京,143,2004/4/22
北京,61,2004/4/23
北京,109,2004/4/24
北京,151,2004/4/25
北京,63,2004/4/26
北京,63,2004/4/27
北京,79,2004/4/28
北京,138,2004/4/29
北京,47,2004/4/30
北京,67,2004/5/1
北京,84,2004/5/2
北京,95,2004/5/3
北京,73,2004/5/4
北京,89,2004/5/5
北京,91,2004/5/6
北京,152,2004/5/7
北京,189,2004/5/8
北京,92,2004/5/9
北京,97,2004/5/10
北京,107,2004/5/11
北京,81,2004/5/12
北京,89,2004/5/13
北京,93,2004/5/14
北京,92,2004/5/15
北京,50,2004/5/16
北京,61,2004/5/17
北京,66,2004/5/18
北京,77,2004/5/19
北京,56,2004/5/21
北京,65,2004/5/22
北京,86,2004/5/23
北京,134,2004/5/24
北京,141,2004/5/25
北京,30,2004/5/26
北京,83,2004/5/27
北京,111,2004/5/28
北京,56,2004/5/29
北京,66,2004/5/30
北京,56,2004/5/31
北京,100,2004/6/1
北京,109,2004/6/2
北京,118,2004/6/3
北京,107,2004/6/4
北京,74,2004/6/5
北京,58,2004/6/6
北京,88,2004/6/7
北京,100,2004/6/8
北京,109,2004/6/9
北京,125,2004/6/10
北京,114,2004/6/11
北京,110,2004/6/12
北京,118,2004/6/13
北京,135,2004/6/14
北京,147,2004/6/15
北京,99,2004/6/16
北京,29,2004/6/17
北京,75,2004/6/18
北京,73,2004/6/19
北京,97,2004/6/20
北京,102,2004/6/21
北京,93,2004/6/22
北京,78,2004/6/23
北京,58,2004/6/24
北京,61,2004/6/25
北京,100,2004/6/26
北京,106,2004/6/27
北京,139,2004/6/28
北京,152,2004/6/29
北京,49,2004/6/30
北京,46,2004/7/1
北京,85,2004/7/2
北京,97,2004/7/3
北京,58,2004/7/4
北京,56,2004/7/5
北京,59,2004/7/6
北京,74,2004/7/7
北京,63,2004/7/8
北京,59,2004/7/9
北京,91,2004/7/10
北京,70,2004/7/11
北京,53,2004/7/12
北京,55,2004/7/13
北京,67,2004/7/14
北京,97,2004/7/15
北京,123,2004/7/16
北京,118,2004/7/17
北京,100,2004/7/18
北京,80,2004/7/19
北京,135,2004/7/20
北京,67,2004/7/21
北京,70,2004/7/22
北京,105,2004/7/23
北京,55,2004/7/24
北京,78,2004/7/25
北京,78,2004/7/26
北京,59,2004/7/27
北京,111,2004/7/28
北京,78,2004/7/29
北京,30,2004/7/30
北京,78,2004/7/31
北京,91,2004/8/1
北京,119,2004/8/2
北京,95,2004/8/3
北京,73,2004/8/4
北京,76,2004/8/5
北京,89,2004/8/6
北京,117,2004/8/7
北京,145,2004/8/8
北京,143,2004/8/9
北京,84,2004/8/10
北京,84,2004/8/11
北京,51,2004/8/12
北京,31,2004/8/13
北京,83,2004/8/14
北京,76,2004/8/15
北京,51,2004/8/16
北京,67,2004/8/17
北京,75,2004/8/18
北京,68,2004/8/19
北京,80,2004/8/20
北京,99,2004/8/21
北京,70,2004/8/22
北京,60,2004/8/23
北京,105,2004/8/24
北京,122,2004/8/25
北京,100,2004/8/26
北京,125,2004/8/27
北京,70,2004/8/28
北京,57,2004/8/29
北京,79,2004/8/30
北京,68,2004/8/31
北京,61,2004/9/1
北京,67,2004/9/2
北京,77,2004/9/3
北京,64,2004/9/4
北京,96,2004/9/5
北京,101,2004/9/6
北京,24,2004/9/7
北京,61,2004/9/8
北京,80,2004/9/9
北京,85,2004/9/10
北京,88,2004/9/11
北京,95,2004/9/12
北京,101,2004/9/13
北京,140,2004/9/14
北京,34,2004/9/15
北京,81,2004/9/16
北京,89,2004/9/17
北京,86,2004/9/18
北京,71,2004/9/19
北京,94,2004/9/20
北京,40,2004/9/21
北京,84,2004/9/22
北京,122,2004/9/23
北京,197,2004/9/24
北京,179,2004/9/25
北京,111,2004/9/26
北京,114,2004/9/27
北京,134,2004/9/29
北京,141,2004/9/30
北京,17,2004/10/1
北京,59,2004/10/2
北京,83,2004/10/3
北京,118,2004/10/4
北京,153,2004/10/5
北京,166,2004/10/6
北京,325,2004/10/7
北京,402,2004/10/8
北京,263,2004/10/9
北京,374,2004/10/10
北京,127,2004/10/11
北京,37,2004/10/12
北京,62,2004/10/13
北京,67,2004/10/14
北京,99,2004/10/15
北京,116,2004/10/16
北京,110,2004/10/17
北京,126,2004/10/18
北京,149,2004/10/19
北京,110,2004/10/20
北京,56,2004/10/21
北京,59,2004/10/22
北京,97,2004/10/23
北京,146,2004/10/24
北京,142,2004/10/25
北京,34,2004/10/26
北京,79,2004/10/27
北京,154,2004/10/28
北京,191,2004/10/29
北京,219,2004/10/30
北京,157,2004/10/31
北京,35,2004/11/1
北京,39,2004/11/2
北京,124,2004/11/3
北京,164,2004/11/4
北京,56,2004/11/5
北京,92,2004/11/6
北京,133,2004/11/7
北京,173,2004/11/8
北京,86,2004/11/9
北京,77,2004/11/10
北京,62,2004/11/11
北京,45,2004/11/12
北京,93,2004/11/13
北京,160,2004/11/14
北京,54,2004/11/15
北京,67,2004/11/16
北京,65,2004/11/17
北京,99,2004/11/18
北京,97,2004/11/19
北京,47,2004/11/20
北京,93,2004/11/21
北京,165,2004/11/22
北京,156,2004/11/23
北京,89,2004/11/24
北京,41,2004/11/25
北京,53,2004/11/26
北京,89,2004/11/27
北京,99,2004/11/28
北京,81,2004/11/29
北京,139,2004/11/30
北京,275,2004/12/1
北京,270,2004/12/2
北京,330,2004/12/3
北京,97,2004/12/4
北京,37,2004/12/5
北京,97,2004/12/6
北京,89,2004/12/7
北京,170,2004/12/8
北京,248,2004/12/9
北京,97,2004/12/10
北京,181,2004/12/11
北京,123,2004/12/12
北京,89,2004/12/13
北京,198,2004/12/14
北京,305,2004/12/15
北京,86,2004/12/16
北京,92,2004/12/17
北京,143,2004/12/18
北京,82,2004/12/19
北京,23,2004/12/20
北京,81,2004/12/21
北京,88,2004/12/22
北京,75,2004/12/23
北京,99,2004/12/24
北京,150,2004/12/25
北京,97,2004/12/26
北京,44,2004/12/27
北京,49,2004/12/28
北京,61,2004/12/29
北京,80,2004/12/30
北京,45,2004/12/31
北京,63,2005/1/1
北京,118,2005/1/2
北京,100,2005/1/3
北京,52,2005/1/4
北京,104,2005/1/5
北京,147,2005/1/6
北京,48,2005/1/7
北京,56,2005/1/8
北京,44,2005/1/9
北京,96,2005/1/10
北京,67,2005/1/11
北京,52,2005/1/12
北京,83,2005/1/13
北京,65,2005/1/14
北京,67,2005/1/15
北京,87,2005/1/16
北京,111,2005/1/17
北京,47,2005/1/18
北京,55,2005/1/19
北京,57,2005/1/20
北京,85,2005/1/21
北京,119,2005/1/22
北京,174,2005/1/23
北京,143,2005/1/24
北京,95,2005/1/25
北京,115,2005/1/26
北京,173,2005/1/27
北京,163,2005/1/28
北京,95,2005/1/29
北京,50,2005/1/30
北京,69,2005/1/31
北京,69,2005/2/1
北京,47,2005/2/2
北京,96,2005/2/3
北京,79,2005/2/4
北京,46,2005/2/5
北京,68,2005/2/6
北京,71,2005/2/7
北京,68,2005/2/8
北京,84,2005/2/9
北京,38,2005/2/10
北京,71,2005/2/11
北京,102,2005/2/12
北京,122,2005/2/13
北京,153,2005/2/14
北京,150,2005/2/15
北京,69,2005/2/16
北京,105,2005/2/17
北京,60,2005/2/18
北京,42,2005/2/19
北京,47,2005/2/20
北京,87,2005/2/21
北京,102,2005/2/22
北京,30,2005/2/23
北京,55,2005/2/24
北京,46,2005/2/25
北京,64,2005/2/26
北京,95,2005/2/27
北京,61,2005/2/28
北京,64,2005/3/1
北京,74,2005/3/2
北京,57,2005/3/3
北京,46,2005/3/4
北京,58,2005/3/5
北京,114,2005/3/6
北京,108,2005/3/7
北京,82,2005/3/8
北京,80,2005/3/9
北京,110,2005/3/10
北京,67,2005/3/11
北京,59,2005/3/12
北京,36,2005/3/13
北京,69,2005/3/14
北京,99,2005/3/15
北京,120,2005/3/16
北京,109,2005/3/17
北京,52,2005/3/18
北京,96,2005/3/19
北京,119,2005/3/20
北京,94,2005/3/21
北京,151,2005/3/22
北京,90,2005/3/23
北京,63,2005/3/24
北京,99,2005/3/25
北京,133,2005/3/26
北京,161,2005/3/27
北京,141,2005/3/28
北京,48,2005/3/29
北京,122,2005/3/30
北京,113,2005/3/31
北京,83,2005/4/1
北京,82,2005/4/2
北京,82,2005/4/3
北京,116,2005/4/4
北京,332,2005/4/5
北京,352,2005/4/6
北京,156,2005/4/7
北京,100,2005/4/8
北京,64,2005/4/9
北京,64,2005/4/10
北京,95,2005/4/11
北京,92,2005/4/12
北京,90,2005/4/13
北京,179,2005/4/14
北京,88,2005/4/15
北京,213,2005/4/16
北京,143,2005/4/17
北京,159,2005/4/18
北京,132,2005/4/19
北京,173,2005/4/20
北京,69,2005/4/21
北京,58,2005/4/22
北京,107,2005/4/23
北京,106,2005/4/24
北京,73,2005/4/25
北京,115,2005/4/26
北京,122,2005/4/27
北京,418,2005/4/28
北京,98,2005/4/29
北京,138,2005/4/30
北京,183,2005/5/1
北京,122,2005/5/2
北京,139,2005/5/3
北京,160,2005/5/4
北京,97,2005/5/5
北京,48,2005/5/6
北京,80,2005/5/7
北京,130,2005/5/8
北京,63,2005/5/9
北京,62,2005/5/10
北京,86,2005/5/11
北京,110,2005/5/12
北京,81,2005/5/13
北京,85,2005/5/14
北京,113,2005/5/15
北京,83,2005/5/16
北京,49,2005/5/17
北京,51,2005/5/18
北京,53,2005/5/19
北京,80,2005/5/20
北京,120,2005/5/21
北京,46,2005/5/22
北京,59,2005/5/23
北京,82,2005/5/24
北京,88,2005/5/25
北京,107,2005/5/26
北京,83,2005/5/27
北京,120,2005/5/28
北京,100,2005/5/29
北京,109,2005/5/30
北京,95,2005/5/31
北京,93,2005/6/1
北京,54,2005/6/2
北京,58,2005/6/3
北京,77,2005/6/4
北京,75,2005/6/5
北京,53,2005/6/6
北京,86,2005/6/7
北京,96,2005/6/8
北京,81,2005/6/9
北京,85,2005/6/10
北京,136,2005/6/11
北京,106,2005/6/12
北京,94,2005/6/13
北京,69,2005/6/14
北京,56,2005/6/15
北京,83,2005/6/16
北京,79,2005/6/17
北京,92,2005/6/18
北京,116,2005/6/19
北京,131,2005/6/20
北京,113,2005/6/21
北京,116,2005/6/22
北京,120,2005/6/23
北京,148,2005/6/24
北京,141,2005/6/25
北京,79,2005/6/26
北京,52,2005/6/27
北京,84,2005/6/28
北京,86,2005/6/29
北京,100,2005/6/30
北京,97,2005/7/1
北京,76,2005/7/2
北京,87,2005/7/3
北京,64,2005/7/4
北京,63,2005/7/5
北京,70,2005/7/6
北京,89,2005/7/7
北京,98,2005/7/8
北京,91,2005/7/9
北京,79,2005/7/10
北京,69,2005/7/11
北京,81,2005/7/12
北京,93,2005/7/13
北京,93,2005/7/14
北京,97,2005/7/15
北京,150,2005/7/17
北京,103,2005/7/18
北京,114,2005/7/19
北京,125,2005/7/20
北京,104,2005/7/21
北京,79,2005/7/22
北京,51,2005/7/23
北京,23,2005/7/24
北京,75,2005/7/25
北京,109,2005/7/26
北京,73,2005/7/27
北京,63,2005/7/28
北京,57,2005/7/29
北京,95,2005/7/30
北京,79,2005/7/31
北京,81,2005/8/1
北京,68,2005/8/2
北京,72,2005/8/3
北京,46,2005/8/4
北京,63,2005/8/5
北京,86,2005/8/6
北京,71,2005/8/7
北京,72,2005/8/8
北京,62,2005/8/9
北京,60,2005/8/10
北京,146,2005/8/11
北京,141,2005/8/12
北京,63,2005/8/13
北京,98,2005/8/14
北京,100,2005/8/15
北京,46,2005/8/16
北京,26,2005/8/17
北京,53,2005/8/18
北京,59,2005/8/19
北京,79,2005/8/20
北京,110,2005/8/21
北京,91,2005/8/22
北京,97,2005/8/23
北京,90,2005/8/24
北京,85,2005/8/25
北京,110,2005/8/26
北京,94,2005/8/27
北京,154,2005/8/28
北京,136,2005/8/29
北京,113,2005/8/30
北京,152,2005/8/31
北京,118,2005/9/1
北京,42,2005/9/2
北京,68,2005/9/3
北京,80,2005/9/4
北京,90,2005/9/5
北京,99,2005/9/6
北京,98,2005/9/7
北京,83,2005/9/8
北京,141,2005/9/9
北京,164,2005/9/10
北京,182,2005/9/11
北京,107,2005/9/12
北京,76,2005/9/13
北京,62,2005/9/14
北京,104,2005/9/15
北京,78,2005/9/16
北京,73,2005/9/17
北京,66,2005/9/18
北京,99,2005/9/19
北京,92,2005/9/20
北京,71,2005/9/21
北京,60,2005/9/22
北京,110,2005/9/23
北京,112,2005/9/24
北京,134,2005/9/25
北京,168,2005/9/26
北京,97,2005/9/27
北京,115,2005/9/28
北京,100,2005/9/29
北京,47,2005/9/30
北京,88,2005/10/1
北京,72,2005/10/2
北京,70,2005/10/3
北京,77,2005/10/4
北京,103,2005/10/5
北京,136,2005/10/6
北京,82,2005/10/7
北京,42,2005/10/8
北京,93,2005/10/9
北京,167,2005/10/10
北京,152,2005/10/11
北京,183,2005/10/12
北京,155,2005/10/13
北京,50,2005/10/14
北京,73,2005/10/15
北京,120,2005/10/16
北京,57,2005/10/17
北京,96,2005/10/18
北京,94,2005/10/19
北京,151,2005/10/20
北京,96,2005/10/21
北京,92,2005/10/22
北京,135,2005/10/23
北京,139,2005/10/24
北京,99,2005/10/25
北京,176,2005/10/26
北京,156,2005/10/27
北京,24,2005/10/28
北京,48,2005/10/29
北京,54,2005/10/30
北京,97,2005/10/31
北京,134,2005/11/1
北京,252,2005/11/2
北京,334,2005/11/3
北京,330,2005/11/4
北京,472,2005/11/5
北京,191,2005/11/6
北京,141,2005/11/7
北京,45,2005/11/8
北京,104,2005/11/9
北京,156,2005/11/10
北京,79,2005/11/11
北京,95,2005/11/12
北京,70,2005/11/13
北京,80,2005/11/14
北京,60,2005/11/15
北京,104,2005/11/16
北京,160,2005/11/17
北京,184,2005/11/18
北京,126,2005/11/19
北京,91,2005/11/20
北京,73,2005/11/21
北京,134,2005/11/22
北京,76,2005/11/23
北京,108,2005/11/24
北京,127,2005/11/25
北京,131,2005/11/26
北京,163,2005/11/27
北京,220,2005/11/28
北京,73,2005/11/29
北京,154,2005/11/30
北京,97,2005/12/1
北京,58,2005/12/2
北京,99,2005/12/3
北京,61,2005/12/4
北京,60,2005/12/5
北京,37,2005/12/6
北京,39,2005/12/7
北京,72,2005/12/8
北京,121,2005/12/9
北京,99,2005/12/10
北京,44,2005/12/11
北京,49,2005/12/12
北京,40,2005/12/13
北京,53,2005/12/14
北京,50,2005/12/15
北京,49,2005/12/16
北京,44,2005/12/17
北京,77,2005/12/18
北京,129,2005/12/19
北京,114,2005/12/20
北京,57,2005/12/21
北京,86,2005/12/22
北京,120,2005/12/23
北京,102,2005/12/24
北京,146,2005/12/25
北京,61,2005/12/26
北京,57,2005/12/27
北京,122,2005/12/28
北京,113,2005/12/29
北京,157,2005/12/30
北京,76,2005/12/31
北京,108,2006/1/1
北京,100,2006/1/2
北京,119,2006/1/3
北京,69,2006/1/4
北京,53,2006/1/5
北京,54,2006/1/6
北京,62,2006/1/7
北京,100,2006/1/8
北京,103,2006/1/9
北京,147,2006/1/10
北京,100,2006/1/11
北京,110,2006/1/12
北京,98,2006/1/13
北京,107,2006/1/14
北京,252,2006/1/15
北京,243,2006/1/16
北京,116,2006/1/17
北京,110,2006/1/18
北京,181,2006/1/19
北京,273,2006/1/20
北京,310,2006/1/21
北京,136,2006/1/22
北京,110,2006/1/23
北京,146,2006/1/24
北京,119,2006/1/25
北京,157,2006/1/26
北京,153,2006/1/27
北京,69,2006/1/28
北京,143,2006/1/29
北京,54,2006/1/30
北京,65,2006/1/31
北京,83,2006/2/1
北京,75,2006/2/2
北京,56,2006/2/3
北京,73,2006/2/4
北京,114,2006/2/5
北京,138,2006/2/6
北京,61,2006/2/7
北京,34,2006/2/8
北京,70,2006/2/9
北京,93,2006/2/10
北京,99,2006/2/11
北京,110,2006/2/12
北京,228,2006/2/13
北京,178,2006/2/14
北京,64,2006/2/15
北京,93,2006/2/16
北京,59,2006/2/17
北京,87,2006/2/18
北京,95,2006/2/19
北京,133,2006/2/20
北京,215,2006/2/21
北京,75,2006/2/22
北京,93,2006/2/23
北京,74,2006/2/24
北京,112,2006/2/25
北京,54,2006/2/26
北京,81,2006/2/27
北京,83,2006/2/28
北京,62,2006/3/1
北京,49,2006/3/2
北京,89,2006/3/3
北京,154,2006/3/4
北京,99,2006/3/5
北京,80,2006/3/6
北京,90,2006/3/7
北京,98,2006/3/8
北京,91,2006/3/9
北京,408,2006/3/10
北京,95,2006/3/11
北京,85,2006/3/12
北京,90,2006/3/13
北京,88,2006/3/14
北京,109,2006/3/15
北京,91,2006/3/16
北京,135,2006/3/17
北京,256,2006/3/18
北京,84,2006/3/19
北京,226,2006/3/20
北京,197,2006/3/21
北京,181,2006/3/22
北京,66,2006/3/23
北京,97,2006/3/24
北京,206,2006/3/25
北京,99,2006/3/26
北京,347,2006/3/27
北京,98,2006/3/28
北京,124,2006/3/29
北京,92,2006/3/30
北京,96,2006/3/31
北京,183,2006/4/1
北京,122,2006/4/2
北京,187,2006/4/3
北京,162,2006/4/4
北京,99,2006/4/5
北京,78,2006/4/6
北京,158,2006/4/7
北京,186,2006/4/8
北京,500,2006/4/9
北京,500,2006/4/10
北京,166,2006/4/11
北京,95,2006/4/12
北京,60,2006/4/13
北京,149,2006/4/14
北京,128,2006/4/15
北京,84,2006/4/16
北京,500,2006/4/17
北京,168,2006/4/18
北京,319,2006/4/19
北京,79,2006/4/20
北京,123,2006/4/21
北京,145,2006/4/22
北京,203,2006/4/23
北京,94,2006/4/24
北京,128,2006/4/25
北京,210,2006/4/26
北京,98,2006/4/27
北京,99,2006/4/28
北京,131,2006/4/29
北京,165,2006/4/30
北京,432,2006/5/1
北京,94,2006/5/2
北京,92,2006/5/3
北京,147,2006/5/4
北京,95,2006/5/5
北京,93,2006/5/6
北京,138,2006/5/7
北京,123,2006/5/8
北京,79,2006/5/9
北京,71,2006/5/10
北京,61,2006/5/11
北京,63,2006/5/12
北京,44,2006/5/13
北京,93,2006/5/14
北京,95,2006/5/15
北京,98,2006/5/16
北京,500,2006/5/17
北京,168,2006/5/18
北京,240,2006/5/19
北京,82,2006/5/20
北京,96,2006/5/21
北京,96,2006/5/22
北京,95,2006/5/23
北京,84,2006/5/24
北京,91,2006/5/25
北京,78,2006/5/26
北京,32,2006/5/27
北京,51,2006/5/28
北京,84,2006/5/29
北京,98,2006/5/30
北京,118,2006/5/31
北京,96,2006/6/1
北京,112,2006/6/2
北京,69,2006/6/3
北京,100,2006/6/4
北京,137,2006/6/5
北京,147,2006/6/6
北京,86,2006/6/7
北京,65,2006/6/8
北京,92,2006/6/9
北京,39,2006/6/10
北京,61,2006/6/11
北京,96,2006/6/12
北京,77,2006/6/13
北京,43,2006/6/14
北京,78,2006/6/15
北京,86,2006/6/16
北京,50,2006/6/17
北京,68,2006/6/18
北京,97,2006/6/19
北京,84,2006/6/20
北京,152,2006/6/21
北京,118,2006/6/22
北京,123,2006/6/23
北京,76,2006/6/24
北京,68,2006/6/25
北京,84,2006/6/26
北京,75,2006/6/27
北京,90,2006/6/28
北京,66,2006/6/29
北京,42,2006/6/30
北京,57,2006/7/1
北京,52,2006/7/2
北京,81,2006/7/3
北京,75,2006/7/4
北京,97,2006/7/5
北京,60,2006/7/6
北京,65,2006/7/7
北京,67,2006/7/8
北京,82,2006/7/9
北京,99,2006/7/10
北京,66,2006/7/11
北京,72,2006/7/12
北京,44,2006/7/13
北京,78,2006/7/14
北京,70,2006/7/15
北京,69,2006/7/16
北京,58,2006/7/17
北京,43,2006/7/18
北京,55,2006/7/19
北京,74,2006/7/20
北京,76,2006/7/21
北京,36,2006/7/22
北京,72,2006/7/23
北京,61,2006/7/24
北京,46,2006/7/25
北京,50,2006/7/26
北京,65,2006/7/27
北京,98,2006/7/28
北京,115,2006/7/29
北京,138,2006/7/30
北京,88,2006/7/31
北京,47,2006/8/1
北京,39,2006/8/2
北京,61,2006/8/3
北京,64,2006/8/4
北京,74,2006/8/5
北京,100,2006/8/6
北京,82,2006/8/7
北京,84,2006/8/8
北京,64,2006/8/9
北京,89,2006/8/10
北京,75,2006/8/11
北京,98,2006/8/12
北京,69,2006/8/13
北京,27,2006/8/14
北京,70,2006/8/15
北京,84,2006/8/16
北京,91,2006/8/17
北京,85,2006/8/18
北京,97,2006/8/19
北京,77,2006/8/20
北京,45,2006/8/21
北京,69,2006/8/22
北京,67,2006/8/23
北京,99,2006/8/24
北京,131,2006/8/25
北京,69,2006/8/26
北京,66,2006/8/27
北京,93,2006/8/28
北京,62,2006/8/29
北京,59,2006/8/30
北京,64,2006/8/31
北京,89,2006/9/1
北京,100,2006/9/2
北京,109,2006/9/3
北京,28,2006/9/4
北京,71,2006/9/5
北京,87,2006/9/6
北京,112,2006/9/7
北京,71,2006/9/8
北京,37,2006/9/9
北京,67,2006/9/10
北京,86,2006/9/11
北京,89,2006/9/12
北京,100,2006/9/13
北京,107,2006/9/14
北京,109,2006/9/15
北京,116,2006/9/16
北京,134,2006/9/17
北京,100,2006/9/18
北京,132,2006/9/19
北京,151,2006/9/20
北京,99,2006/9/21
北京,95,2006/9/22
北京,118,2006/9/23
北京,121,2006/9/24
北京,119,2006/9/25
北京,49,2006/9/26
北京,91,2006/9/27
北京,98,2006/9/28
北京,70,2006/9/29
北京,100,2006/9/30
北京,139,2006/10/1
北京,152,2006/10/2
北京,143,2006/10/3
北京,73,2006/10/4
北京,99,2006/10/5
北京,194,2006/10/6
北京,100,2006/10/7
北京,91,2006/10/8
北京,77,2006/10/9
北京,131,2006/10/10
北京,65,2006/10/11
北京,73,2006/10/12
北京,121,2006/10/13
北京,135,2006/10/14
北京,100,2006/10/15
北京,146,2006/10/16
北京,59,2006/10/17
北京,86,2006/10/18
北京,121,2006/10/19
北京,71,2006/10/20
北京,97,2006/10/21
北京,87,2006/10/22
北京,46,2006/10/23
北京,99,2006/10/24
北京,139,2006/10/25
北京,64,2006/10/26
北京,99,2006/10/27
北京,163,2006/10/28
北京,77,2006/10/29
北京,130,2006/10/30
北京,154,2006/10/31
北京,96,2006/11/1
北京,98,2006/11/2
北京,140,2006/11/3
北京,180,2006/11/4
北京,48,2006/11/5
北京,93,2006/11/6
北京,94,2006/11/7
北京,148,2006/11/8
北京,61,2006/11/9
北京,89,2006/11/10
北京,72,2006/11/11
北京,136,2006/11/12
北京,98,2006/11/13
北京,37,2006/11/14
北京,78,2006/11/15
北京,99,2006/11/16
北京,100,2006/11/17
北京,129,2006/11/18
北京,147,2006/11/19
北京,249,2006/11/20
北京,414,2006/11/21
北京,97,2006/11/22
北京,74,2006/11/23
北京,153,2006/11/24
北京,124,2006/11/25
北京,129,2006/11/26
北京,47,2006/11/27
北京,58,2006/11/28
北京,61,2006/11/29
北京,96,2006/11/30
北京,88,2006/12/1
北京,49,2006/12/2
北京,66,2006/12/3
北京,111,2006/12/4
北京,94,2006/12/5
北京,78,2006/12/6
北京,86,2006/12/7
北京,97,2006/12/8
北京,81,2006/12/9
北京,105,2006/12/10
北京,256,2006/12/11
北京,500,2006/12/12
北京,88,2006/12/13
北京,118,2006/12/14
北京,94,2006/12/15
北京,76,2006/12/16
北京,52,2006/12/17
北京,100,2006/12/18
北京,140,2006/12/19
北京,180,2006/12/20
北京,180,2006/12/21
北京,88,2006/12/22
北京,95,2006/12/23
北京,85,2006/12/24
北京,136,2006/12/25
北京,160,2006/12/26
北京,80,2006/12/27
北京,47,2006/12/28
北京,90,2006/12/29
北京,157,2006/12/30
北京,139,2006/12/31
北京,158,2007/1/1
北京,150,2007/1/2
北京,133,2007/1/3
北京,170,2007/1/4
北京,322,2007/1/5
北京,73,2007/1/6
北京,47,2007/1/7
北京,45,2007/1/8
北京,86,2007/1/9
北京,98,2007/1/10
北京,75,2007/1/11
北京,56,2007/1/12
北京,74,2007/1/13
北京,102,2007/1/14
北京,170,2007/1/15
北京,64,2007/1/16
北京,84,2007/1/17
北京,52,2007/1/18
北京,93,2007/1/19
北京,147,2007/1/20
北京,98,2007/1/21
北京,58,2007/1/22
北京,96,2007/1/23
北京,118,2007/1/24
北京,140,2007/1/25
北京,68,2007/1/26
北京,55,2007/1/27
北京,55,2007/1/28
北京,114,2007/1/29
北京,85,2007/1/30
北京,76,2007/1/31
北京,50,2007/2/1
北京,100,2007/2/2
北京,115,2007/2/3
北京,93,2007/2/4
北京,175,2007/2/5
北京,67,2007/2/6
北京,110,2007/2/7
北京,99,2007/2/8
北京,67,2007/2/9
北京,61,2007/2/10
北京,55,2007/2/11
北京,103,2007/2/12
北京,181,2007/2/13
北京,74,2007/2/14
北京,75,2007/2/15
北京,97,2007/2/16
北京,98,2007/2/17
北京,115,2007/2/18
北京,99,2007/2/19
北京,160,2007/2/20
北京,200,2007/2/21
北京,173,2007/2/22
北京,78,2007/2/23
北京,75,2007/2/24
北京,123,2007/2/25
北京,169,2007/2/26
北京,172,2007/2/27
北京,108,2007/2/28
北京,98,2007/3/1
北京,85,2007/3/2
北京,87,2007/3/3
北京,28,2007/3/4
北京,34,2007/3/5
北京,35,2007/3/6
北京,51,2007/3/7
北京,54,2007/3/8
北京,105,2007/3/9
北京,75,2007/3/10
北京,34,2007/3/11
北京,68,2007/3/12
北京,133,2007/3/13
北京,157,2007/3/14
北京,106,2007/3/15
北京,78,2007/3/16
北京,100,2007/3/17
北京,121,2007/3/18
北京,119,2007/3/19
北京,138,2007/3/21
北京,145,2007/3/22
北京,202,2007/3/23
北京,192,2007/3/24
北京,79,2007/3/25
北京,78,2007/3/26
北京,84,2007/3/27
北京,98,2007/3/28
北京,99,2007/3/29
北京,66,2007/3/30
北京,103,2007/3/31
北京,63,2007/4/1
北京,48,2007/4/2
北京,40,2007/4/3
北京,95,2007/4/4
北京,110,2007/4/5
北京,148,2007/4/6
北京,46,2007/4/7
北京,43,2007/4/8
北京,96,2007/4/9
北京,133,2007/4/10
北京,88,2007/4/11
北京,107,2007/4/12
北京,55,2007/4/13
北京,74,2007/4/14
北京,72,2007/4/15
北京,81,2007/4/16
北京,74,2007/4/17
北京,100,2007/4/18
北京,173,2007/4/19
北京,155,2007/4/20
北京,62,2007/4/21
北京,58,2007/4/22
北京,81,2007/4/23
北京,78,2007/4/24
北京,72,2007/4/25
北京,90,2007/4/26
北京,113,2007/4/27
北京,115,2007/4/28
北京,190,2007/4/29
北京,151,2007/4/30
北京,61,2007/5/1
北京,87,2007/5/2
北京,96,2007/5/3
北京,97,2007/5/4
北京,123,2007/5/5
北京,91,2007/5/6
北京,139,2007/5/7
北京,147,2007/5/8
北京,98,2007/5/9
北京,116,2007/5/10
北京,116,2007/5/11
北京,99,2007/5/12
北京,100,2007/5/13
北京,72,2007/5/14
北京,97,2007/5/15
北京,100,2007/5/16
北京,84,2007/5/17
北京,58,2007/5/18
北京,60,2007/5/19
北京,98,2007/5/20
北京,82,2007/5/21
北京,116,2007/5/22
北京,60,2007/5/23
北京,169,2007/5/24
北京,250,2007/5/25
北京,98,2007/5/26
北京,118,2007/5/27
北京,96,2007/5/28
北京,98,2007/5/29
北京,126,2007/5/30
北京,119,2007/5/31
北京,75,2007/6/1
北京,107,2007/6/2
北京,99,2007/6/3
北京,84,2007/6/4
北京,99,2007/6/5
北京,146,2007/6/6
北京,195,2007/6/7
北京,194,2007/6/8
北京,134,2007/6/9
北京,97,2007/6/10
北京,136,2007/6/11
北京,168,2007/6/12
北京,142,2007/6/13
北京,52,2007/6/14
北京,91,2007/6/15
北京,98,2007/6/16
北京,123,2007/6/17
北京,138,2007/6/18
北京,202,2007/6/19
北京,151,2007/6/20
北京,123,2007/6/21
北京,85,2007/6/22
北京,121,2007/6/23
北京,97,2007/6/24
北京,72,2007/6/25
北京,98,2007/6/26
北京,135,2007/6/27
北京,52,2007/6/28
北京,95,2007/6/29
北京,87,2007/6/30
北京,28,2007/7/1
北京,77,2007/7/2
北京,99,2007/7/3
北京,82,2007/7/4
北京,145,2007/7/6
北京,80,2007/7/7
北京,75,2007/7/8
北京,115,2007/7/9
北京,58,2007/7/10
北京,65,2007/7/11
北京,78,2007/7/12
北京,74,2007/7/13
北京,83,2007/7/14
北京,93,2007/7/15
北京,96,2007/7/16
北京,169,2007/7/17
北京,98,2007/7/18
北京,47,2007/7/19
北京,76,2007/7/20
北京,98,2007/7/21
北京,99,2007/7/22
北京,117,2007/7/23
北京,99,2007/7/24
北京,119,2007/7/25
北京,151,2007/7/26
北京,150,2007/7/27
北京,98,2007/7/28
北京,80,2007/7/29
北京,138,2007/7/30
北京,26,2007/7/31
北京,52,2007/8/1
北京,42,2007/8/2
北京,70,2007/8/3
北京,85,2007/8/4
北京,98,2007/8/5
北京,107,2007/8/6
北京,93,2007/8/7
北京,88,2007/8/8
北京,86,2007/8/9
北京,79,2007/8/10
北京,74,2007/8/11
北京,66,2007/8/12
北京,56,2007/8/13
北京,76,2007/8/14
北京,86,2007/8/15
北京,115,2007/8/16
北京,91,2007/8/17
北京,93,2007/8/18
北京,95,2007/8/19
北京,95,2007/8/20
北京,116,2007/8/21
北京,88,2007/8/22
北京,77,2007/8/23
北京,83,2007/8/24
北京,95,2007/8/25
北京,78,2007/8/26
北京,49,2007/8/27
北京,78,2007/8/28
北京,64,2007/8/29
北京,75,2007/8/30
北京,98,2007/8/31
北京,108,2007/9/1
北京,95,2007/9/2
北京,73,2007/9/3
北京,77,2007/9/4
北京,94,2007/9/5
北京,100,2007/9/6
北京,98,2007/9/7
北京,94,2007/9/8
北京,98,2007/9/9
北京,142,2007/9/10
北京,171,2007/9/11
北京,133,2007/9/12
北京,97,2007/9/13
北京,58,2007/9/14
北京,66,2007/9/15
北京,99,2007/9/16
北京,138,2007/9/17
北京,60,2007/9/18
北京,24,2007/9/19
北京,62,2007/9/20
北京,79,2007/9/21
北京,99,2007/9/22
北京,97,2007/9/23
北京,98,2007/9/24
北京,95,2007/9/25
北京,80,2007/9/26
北京,40,2007/9/27
北京,63,2007/9/28
北京,80,2007/9/29
北京,64,2007/9/30
北京,75,2007/10/1
北京,52,2007/10/2
北京,78,2007/10/3
北京,94,2007/10/4
北京,34,2007/10/5
北京,48,2007/10/6
北京,28,2007/10/7
北京,22,2007/10/8
北京,44,2007/10/9
北京,69,2007/10/10
北京,88,2007/10/11
北京,119,2007/10/12
北京,95,2007/10/13
北京,35,2007/10/14
北京,53,2007/10/15
北京,66,2007/10/16
北京,95,2007/10/17
北京,82,2007/10/18
北京,49,2007/10/19
北京,60,2007/10/20
北京,98,2007/10/21
北京,100,2007/10/22
北京,89,2007/10/23
北京,96,2007/10/24
北京,143,2007/10/25
北京,184,2007/10/26
北京,179,2007/10/27
北京,27,2007/10/28
北京,47,2007/10/29
北京,121,2007/10/30
北京,95,2007/10/31
北京,18,2007/11/1
北京,83,2007/11/2
北京,57,2007/11/3
北京,76,2007/11/4
北京,119,2007/11/5
北京,172,2007/11/6
北京,253,2007/11/7
北京,186,2007/11/8
北京,35,2007/11/9
北京,54,2007/11/10
北京,90,2007/11/11
北京,159,2007/11/12
北京,153,2007/11/13
北京,58,2007/11/14
北京,31,2007/11/15
北京,76,2007/11/16
北京,112,2007/11/17
北京,45,2007/11/18
北京,88,2007/11/19
北京,83,2007/11/20
北京,98,2007/11/21
北京,144,2007/11/22
北京,119,2007/11/23
北京,117,2007/11/24
北京,269,2007/11/25
北京,55,2007/11/26
北京,85,2007/11/27
北京,100,2007/11/28
北京,81,2007/11/29
北京,78,2007/11/30
北京,136,2007/12/1
北京,96,2007/12/2
北京,71,2007/12/3
北京,68,2007/12/4
北京,88,2007/12/5
北京,129,2007/12/6
北京,54,2007/12/7
北京,77,2007/12/8
北京,118,2007/12/9
北京,110,2007/12/11
北京,46,2007/12/12
北京,56,2007/12/13
北京,91,2007/12/14
北京,59,2007/12/15
北京,89,2007/12/16
北京,78,2007/12/17
北京,104,2007/12/18
北京,155,2007/12/19
北京,153,2007/12/20
北京,114,2007/12/21
北京,166,2007/12/22
北京,98,2007/12/23
北京,124,2007/12/24
北京,280,2007/12/25
北京,269,2007/12/26
北京,421,2007/12/27
北京,500,2007/12/28
北京,156,2007/12/29
北京,72,2007/12/30
北京,58,2007/12/31
北京,32,2008/1/1
北京,57,2008/1/2
北京,75,2008/1/3
北京,90,2008/1/4
北京,147,2008/1/5
北京,146,2008/1/6
北京,115,2008/1/7
北京,121,2008/1/8
北京,94,2008/1/9
北京,95,2008/1/10
北京,113,2008/1/11
北京,46,2008/1/12
北京,39,2008/1/13
北京,87,2008/1/14
北京,119,2008/1/15
北京,72,2008/1/16
北京,80,2008/1/17
北京,122,2008/1/18
北京,149,2008/1/19
北京,134,2008/1/20
北京,66,2008/1/21
北京,79,2008/1/22
北京,51,2008/1/23
北京,50,2008/1/24
北京,54,2008/1/25
北京,67,2008/1/26
北京,70,2008/1/27
北京,77,2008/1/28
北京,48,2008/1/29
北京,44,2008/1/30
北京,45,2008/1/31
北京,57,2008/2/1
北京,64,2008/2/2
北京,52,2008/2/3
北京,65,2008/2/4
北京,83,2008/2/5
北京,35,2008/2/6
北京,37,2008/2/8
北京,38,2008/2/9
北京,64,2008/2/10
北京,61,2008/2/11
北京,64,2008/2/12
北京,55,2008/2/13
北京,55,2008/2/14
北京,68,2008/2/15
北京,69,2008/2/16
北京,70,2008/2/17
北京,72,2008/2/18
北京,111,2008/2/19
北京,88,2008/2/20
北京,152,2008/2/21
北京,160,2008/2/22
北京,85,2008/2/23
北京,65,2008/2/25
北京,78,2008/2/26
北京,75,2008/2/27
北京,84,2008/2/28
北京,82,2008/2/29
北京,82,2008/3/1
北京,126,2008/3/2
北京,46,2008/3/3
北京,55,2008/3/4
北京,86,2008/3/5
北京,80,2008/3/6
北京,129,2008/3/8
北京,158,2008/3/9
北京,238,2008/3/10
北京,174,2008/3/11
北京,128,2008/3/12
北京,99,2008/3/13
北京,82,2008/3/14
北京,110,2008/3/15
北京,72,2008/3/16
北京,126,2008/3/17
北京,304,2008/3/18
北京,286,2008/3/19
北京,147,2008/3/20
北京,98,2008/3/21
北京,120,2008/3/22
北京,69,2008/3/23
北京,76,2008/3/24
北京,52,2008/3/25
北京,46,2008/3/26
北京,55,2008/3/27
北京,74,2008/3/28
北京,59,2008/3/29
北京,81,2008/3/30
北京,53,2008/3/31
北京,90,2008/4/1
北京,63,2008/4/2
北京,55,2008/4/3
北京,88,2008/4/4
北京,145,2008/4/5
北京,161,2008/4/6
北京,131,2008/4/7
北京,177,2008/4/8
北京,93,2008/4/9
北京,94,2008/4/10
北京,65,2008/4/11
北京,79,2008/4/12
北京,71,2008/4/13
北京,98,2008/4/14
北京,129,2008/4/15
北京,173,2008/4/16
北京,159,2008/4/17
北京,139,2008/4/18
北京,138,2008/4/19
北京,97,2008/4/20
北京,19,2008/4/21
北京,32,2008/4/22
北京,43,2008/4/23
北京,76,2008/4/24
北京,100,2008/4/25
北京,72,2008/4/26
北京,79,2008/4/27
北京,94,2008/4/28
北京,176,2008/4/29
北京,155,2008/4/30
北京,140,2008/5/1
北京,144,2008/5/2
北京,185,2008/5/3
北京,32,2008/5/4
北京,81,2008/5/5
北京,134,2008/5/6
北京,138,2008/5/7
北京,95,2008/5/8
北京,89,2008/5/9
北京,62,2008/5/10
北京,54,2008/5/11
北京,24,2008/5/12
北京,57,2008/5/13
北京,87,2008/5/14
北京,77,2008/5/15
北京,107,2008/5/16
北京,117,2008/5/17
北京,91,2008/5/18
北京,83,2008/5/19
北京,112,2008/5/20
北京,408,2008/5/21
北京,153,2008/5/22
北京,186,2008/5/23
北京,161,2008/5/24
北京,121,2008/5/25
北京,138,2008/5/26
北京,463,2008/5/27
北京,253,2008/5/28
北京,395,2008/5/29
北京,95,2008/5/30
北京,115,2008/5/31
北京,92,2008/6/1
北京,50,2008/6/2
北京,74,2008/6/3
北京,78,2008/6/5
北京,94,2008/6/6
北京,81,2008/6/7
北京,126,2008/6/8
北京,97,2008/6/9
北京,100,2008/6/10
北京,80,2008/6/11
北京,89,2008/6/12
北京,105,2008/6/13
北京,96,2008/6/14
北京,93,2008/6/15
北京,84,2008/6/16
北京,55,2008/6/17
北京,61,2008/6/18
北京,120,2008/6/19
北京,165,2008/6/20
北京,81,2008/6/21
北京,125,2008/6/22
北京,81,2008/6/23
北京,75,2008/6/24
北京,109,2008/6/25
北京,87,2008/6/26
北京,88,2008/6/27
北京,89,2008/6/28
北京,98,2008/6/30
北京,72,2008/7/1
北京,61,2008/7/2
北京,92,2008/7/3
北京,100,2008/7/4
北京,66,2008/7/5
北京,39,2008/7/6
北京,69,2008/7/7
北京,98,2008/7/8
北京,62,2008/7/9
北京,85,2008/7/10
北京,112,2008/7/11
北京,74,2008/7/12
北京,59,2008/7/13
北京,84,2008/7/14
北京,31,2008/7/15
北京,66,2008/7/16
北京,77,2008/7/17
北京,66,2008/7/18
北京,64,2008/7/19
北京,55,2008/7/20
北京,64,2008/7/21
北京,66,2008/7/22
北京,89,2008/7/23
北京,113,2008/7/24
北京,109,2008/7/25
北京,118,2008/7/26
北京,113,2008/7/27
北京,96,2008/7/28
北京,90,2008/7/29
北京,43,2008/7/30
北京,69,2008/7/31
北京,27,2008/8/1
北京,34,2008/8/2
北京,35,2008/8/3
北京,83,2008/8/4
北京,88,2008/8/5
北京,85,2008/8/6
北京,95,2008/8/7
北京,94,2008/8/8
北京,78,2008/8/9
北京,82,2008/8/10
北京,37,2008/8/11
北京,32,2008/8/12
北京,60,2008/8/13
北京,61,2008/8/14
北京,17,2008/8/15
北京,23,2008/8/16
北京,84,2008/8/16
北京,42,2008/8/17
北京,25,2008/8/18
北京,42,2008/8/19
北京,53,2008/8/20
北京,60,2008/8/21
北京,36,2008/8/22
北京,41,2008/8/23
北京,45,2008/8/24
北京,67,2008/8/25
北京,64,2008/8/26
北京,56,2008/8/27
北京,79,2008/8/28
北京,110,2008/8/29
北京,64,2008/8/30
北京,24,2008/8/31
北京,25,2008/9/1
北京,37,2008/9/2
北京,72,2008/9/3
北京,57,2008/9/4
北京,58,2008/9/5
北京,59,2008/9/6
北京,86,2008/9/7
北京,49,2008/9/8
北京,64,2008/9/9
北京,51,2008/9/10
北京,46,2008/9/11
北京,58,2008/9/12
北京,57,2008/9/13
北京,56,2008/9/14
北京,58,2008/9/15
北京,63,2008/9/16
北京,62,2008/9/17
北京,66,2008/9/19
北京,59,2008/9/20
北京,88,2008/9/21
北京,59,2008/9/22
北京,12,2008/9/23
北京,26,2008/9/24
北京,30,2008/9/25
北京,17,2008/9/26
北京,71,2008/9/28
北京,83,2008/9/29
北京,106,2008/9/30
北京,104,2008/10/1
北京,126,2008/10/2
北京,108,2008/10/3
北京,63,2008/10/4
北京,49,2008/10/5
北京,25,2008/10/6
北京,58,2008/10/7
北京,75,2008/10/8
北京,47,2008/10/9
北京,58,2008/10/10
北京,44,2008/10/11
北京,59,2008/10/12
北京,92,2008/10/13
北京,114,2008/10/14
北京,85,2008/10/15
北京,61,2008/10/16
北京,93,2008/10/17
北京,174,2008/10/18
北京,86,2008/10/19
北京,86,2008/10/20
北京,134,2008/10/21
北京,111,2008/10/22
北京,43,2008/10/23
北京,14,2008/10/24
北京,58,2008/10/25
北京,32,2008/10/26
北京,32,2008/10/27
北京,67,2008/10/28
北京,80,2008/10/29
北京,58,2008/10/30
北京,79,2008/10/31
北京,71,2008/11/1
北京,60,2008/11/2
北京,54,2008/11/3
北京,68,2008/11/4
北京,109,2008/11/5
北京,97,2008/11/6
北京,55,2008/11/7
北京,65,2008/11/8
北京,86,2008/11/9
北京,94,2008/11/10
北京,131,2008/11/11
北京,186,2008/11/12
北京,161,2008/11/13
北京,34,2008/11/14
北京,120,2008/11/15
北京,54,2008/11/16
北京,46,2008/11/17
北京,28,2008/11/18
北京,40,2008/11/19
北京,103,2008/11/20
北京,52,2008/11/21
北京,91,2008/11/22
北京,95,2008/11/23
北京,97,2008/11/24
北京,59,2008/11/25
北京,89,2008/11/26
北京,40,2008/11/27
北京,77,2008/11/28
北京,53,2008/11/29
北京,84,2008/11/30
北京,146,2008/12/1
北京,87,2008/12/2
北京,144,2008/12/3
北京,51,2008/12/4
北京,59,2008/12/5
北京,51,2008/12/6
北京,112,2008/12/7
北京,169,2008/12/8
北京,246,2008/12/9
北京,162,2008/12/10
北京,96,2008/12/11
北京,154,2008/12/12
北京,57,2008/12/13
北京,86,2008/12/14
北京,109,2008/12/15
北京,135,2008/12/16
北京,134,2008/12/17
北京,46,2008/12/18
北京,98,2008/12/19
北京,45,2008/12/20
北京,67,2008/12/21
北京,49,2008/12/22
北京,89,2008/12/23
北京,115,2008/12/24
北京,55,2008/12/25
北京,66,2008/12/26
北京,129,2008/12/27
北京,134,2008/12/28
北京,69,2008/12/29
北京,36,2008/12/30
北京,29,2008/12/31
北京,42,2009/1/1
北京,79,2009/1/2
北京,90,2009/1/3
北京,69,2009/1/4
北京,64,2009/1/5
北京,71,2009/1/6
北京,56,2009/1/7
北京,100,2009/1/8
北京,32,2009/1/9
北京,54,2009/1/10
北京,51,2009/1/11
北京,36,2009/1/12
北京,59,2009/1/13
北京,43,2009/1/14
北京,72,2009/1/15
北京,90,2009/1/16
北京,74,2009/1/17
北京,97,2009/1/18
北京,76,2009/1/19
北京,137,2009/1/20
北京,109,2009/1/21
北京,117,2009/1/22
北京,97,2009/1/23
北京,67,2009/1/24
北京,48,2009/1/25
北京,88,2009/1/26
北京,95,2009/1/27
北京,129,2009/1/28
北京,135,2009/1/29
北京,131,2009/1/30
北京,133,2009/1/31
北京,91,2009/2/1
北京,107,2009/2/2
北京,87,2009/2/3
北京,80,2009/2/4
北京,98,2009/2/5
北京,78,2009/2/6
北京,90,2009/2/7
北京,71,2009/2/8
北京,112,2009/2/9
北京,307,2009/2/10
北京,89,2009/2/11
北京,139,2009/2/12
北京,82,2009/2/13
北京,72,2009/2/14
北京,53,2009/2/15
北京,55,2009/2/16
北京,56,2009/2/17
北京,64,2009/2/19
北京,99,2009/2/20
北京,86,2009/2/21
北京,80,2009/2/22
北京,59,2009/2/23
北京,84,2009/2/24
北京,36,2009/2/25
北京,68,2009/2/26
北京,96,2009/2/27
北京,67,2009/2/28
北京,93,2009/3/1
北京,59,2009/3/2
北京,98,2009/3/3
北京,161,2009/3/4
北京,96,2009/3/5
北京,19,2009/3/6
北京,73,2009/3/7
北京,119,2009/3/8
北京,64,2009/3/9
北京,74,2009/3/10
北京,85,2009/3/11
北京,88,2009/3/12
北京,99,2009/3/13
北京,81,2009/3/14
北京,119,2009/3/15
北京,100,2009/3/16
北京,169,2009/3/17
北京,268,2009/3/18
北京,195,2009/3/19
北京,80,2009/3/20
北京,82,2009/3/21
北京,77,2009/3/22
北京,64,2009/3/23
北京,59,2009/3/24
北京,44,2009/3/25
北京,58,2009/3/26
北京,79,2009/3/27
北京,69,2009/3/28
北京,69,2009/3/29
北京,71,2009/3/30
北京,51,2009/3/31
北京,27,2009/4/1
北京,72,2009/4/2
北京,91,2009/4/3
北京,96,2009/4/4
北京,72,2009/4/5
北京,53,2009/4/6
北京,94,2009/4/7
北京,140,2009/4/8
北京,117,2009/4/9
北京,115,2009/4/10
北京,113,2009/4/11
北京,122,2009/4/12
北京,148,2009/4/13
北京,75,2009/4/14
北京,81,2009/4/15
北京,69,2009/4/16
北京,84,2009/4/17
北京,116,2009/4/18
北京,97,2009/4/19
北京,63,2009/4/20
北京,34,2009/4/21
北京,59,2009/4/22
北京,70,2009/4/23
北京,77,2009/4/24
北京,54,2009/4/25
北京,34,2009/4/26
北京,57,2009/4/27
北京,78,2009/4/28
北京,73,2009/4/29
北京,95,2009/4/30
北京,95,2009/5/1
北京,54,2009/5/2
北京,82,2009/5/3
北京,96,2009/5/4
北京,106,2009/5/5
北京,100,2009/5/6
北京,109,2009/5/7
北京,125,2009/5/8
北京,106,2009/5/9
北京,57,2009/5/10
北京,72,2009/5/11
北京,75,2009/5/12
北京,63,2009/5/13
北京,91,2009/5/14
北京,64,2009/5/15
北京,81,2009/5/16
北京,78,2009/5/17
北京,90,2009/5/18
北京,97,2009/5/19
北京,98,2009/5/20
北京,85,2009/5/21
北京,27,2009/5/22
北京,65,2009/5/23
北京,95,2009/5/24
北京,128,2009/5/25
北京,81,2009/5/26
北京,105,2009/5/27
北京,94,2009/5/28
北京,59,2009/5/29
北京,45,2009/5/30
北京,56,2009/5/31
北京,79,2009/6/1
北京,55,2009/6/2
北京,61,2009/6/3
北京,71,2009/6/4
北京,68,2009/6/5
北京,67,2009/6/6
北京,63,2009/6/7
北京,77,2009/6/8
北京,34,2009/6/9
北京,21,2009/6/10
北京,66,2009/6/11
北京,60,2009/6/12
北京,58,2009/6/13
北京,61,2009/6/14
北京,70,2009/6/15
北京,89,2009/6/16
北京,75,2009/6/17
北京,104,2009/6/18
北京,165,2009/6/20
北京,98,2009/6/21
北京,42,2009/6/22
北京,60,2009/6/23
北京,67,2009/6/24
北京,81,2009/6/25
北京,104,2009/6/26
北京,116,2009/6/27
北京,96,2009/6/28
北京,90,2009/6/29
北京,48,2009/6/30
北京,30,2009/7/1
北京,51,2009/7/2
北京,73,2009/7/3
北京,103,2009/7/4
北京,110,2009/7/5
北京,70,2009/7/6
北京,93,2009/7/7
北京,85,2009/7/8
北京,48,2009/7/9
北京,79,2009/7/10
北京,94,2009/7/11
北京,72,2009/7/12
北京,104,2009/7/13
北京,57,2009/7/14
北京,71,2009/7/15
北京,100,2009/7/16
北京,60,2009/7/17
北京,45,2009/7/18
北京,74,2009/7/19
北京,69,2009/7/20
北京,60,2009/7/21
北京,101,2009/7/22
北京,64,2009/7/23
北京,36,2009/7/24
北京,29,2009/7/25
北京,59,2009/7/26
北京,81,2009/7/27
北京,79,2009/7/28
北京,107,2009/7/29
北京,109,2009/7/30
北京,71,2009/7/31
北京,89,2009/8/1
北京,59,2009/8/2
北京,75,2009/8/3
北京,97,2009/8/4
北京,74,2009/8/5
北京,58,2009/8/6
北京,74,2009/8/7
北京,75,2009/8/8
北京,81,2009/8/9
北京,60,2009/8/10
北京,75,2009/8/11
北京,68,2009/8/12
北京,82,2009/8/13
北京,123,2009/8/14
北京,115,2009/8/15
北京,113,2009/8/16
北京,63,2009/8/17
北京,76,2009/8/18
北京,77,2009/8/19
北京,38,2009/8/20
北京,62,2009/8/21
北京,58,2009/8/22
北京,71,2009/8/23
北京,97,2009/8/24
北京,90,2009/8/25
北京,97,2009/8/26
北京,69,2009/8/27
北京,36,2009/8/28
北京,61,2009/8/29
北京,69,2009/8/30
北京,78,2009/8/31
北京,88,2009/9/1
北京,98,2009/9/2
北京,109,2009/9/3
北京,99,2009/9/4
北京,92,2009/9/5
北京,32,2009/9/6
北京,20,2009/9/7
北京,51,2009/9/8
北京,66,2009/9/9
北京,77,2009/9/10
北京,69,2009/9/11
北京,42,2009/9/12
北京,65,2009/9/13
北京,91,2009/9/14
北京,72,2009/9/15
北京,93,2009/9/16
北京,117,2009/9/17
北京,121,2009/9/18
北京,75,2009/9/19
北京,101,2009/9/20
北京,111,2009/9/21
北京,79,2009/9/22
北京,90,2009/9/23
北京,108,2009/9/24
北京,130,2009/9/25
北京,98,2009/9/26
北京,66,2009/9/27
北京,74,2009/9/28
北京,97,2009/9/29
北京,112,2009/9/30
北京,88,2009/10/1
北京,22,2009/10/2
北京,29,2009/10/3
北京,44,2009/10/4
北京,69,2009/10/5
北京,83,2009/10/6
北京,74,2009/10/7
北京,72,2009/10/8
北京,88,2009/10/9
北京,73,2009/10/10
北京,94,2009/10/11
北京,108,2009/10/12
北京,37,2009/10/13
北京,42,2009/10/14
北京,72,2009/10/15
北京,114,2009/10/16
北京,57,2009/10/17
北京,92,2009/10/18
北京,90,2009/10/19
北京,77,2009/10/20
北京,76,2009/10/21
北京,100,2009/10/22
北京,111,2009/10/23
北京,141,2009/10/24
北京,147,2009/10/25
北京,77,2009/10/26
北京,68,2009/10/27
北京,100,2009/10/28
北京,137,2009/10/29
北京,120,2009/10/30
北京,51,2009/10/31
北京,48,2009/11/1
北京,12,2009/11/2
北京,66,2009/11/3
北京,111,2009/11/4
北京,136,2009/11/5
北京,186,2009/11/6
北京,276,2009/11/7
北京,259,2009/11/8
北京,84,2009/11/9
北京,20,2009/11/10
北京,34,2009/11/11
北京,53,2009/11/12
北京,59,2009/11/13
北京,53,2009/11/14
北京,26,2009/11/15
北京,29,2009/11/16
北京,35,2009/11/17
北京,66,2009/11/18
北京,47,2009/11/19
北京,74,2009/11/20
北京,63,2009/11/21
北京,121,2009/11/22
北京,149,2009/11/23
北京,184,2009/11/24
北京,79,2009/11/25
北京,107,2009/11/26
北京,132,2009/11/27
北京,99,2009/11/28
北京,167,2009/11/29
北京,117,2009/11/30
北京,86,2009/12/1
北京,133,2009/12/2
北京,36,2009/12/3
北京,99,2009/12/4
北京,62,2009/12/5
北京,94,2009/12/6
北京,141,2009/12/7
北京,186,2009/12/8
北京,167,2009/12/10
北京,147,2009/12/11
北京,31,2009/12/12
北京,80,2009/12/13
北京,96,2009/12/14
北京,49,2009/12/15
北京,55,2009/12/16
北京,45,2009/12/17
北京,42,2009/12/18
北京,44,2009/12/19
北京,48,2009/12/20
北京,63,2009/12/21
北京,94,2009/12/22
北京,93,2009/12/23
北京,133,2009/12/24
北京,500,2009/12/25
北京,96,2009/12/26
北京,94,2009/12/27
北京,89,2009/12/28
北京,160,2009/12/29
北京,55,2009/12/30
北京,55,2009/12/31
北京,91,2010/1/1
北京,105,2010/1/2
北京,90,2010/1/3
北京,49,2010/1/4
北京,47,2010/1/5
北京,59,2010/1/6
北京,64,2010/1/7
北京,80,2010/1/8
北京,100,2010/1/9
北京,60,2010/1/10
北京,52,2010/1/11
北京,30,2010/1/12
北京,54,2010/1/13
北京,76,2010/1/14
北京,58,2010/1/15
北京,85,2010/1/16
北京,124,2010/1/17
北京,143,2010/1/18
北京,183,2010/1/19
北京,140,2010/1/20
北京,24,2010/1/21
北京,57,2010/1/22
北京,78,2010/1/23
北京,66,2010/1/24
北京,99,2010/1/25
北京,76,2010/1/26
北京,128,2010/1/27
北京,63,2010/1/28
北京,43,2010/1/29
北京,58,2010/1/30
北京,56,2010/1/31
北京,65,2010/2/1
北京,61,2010/2/2
北京,54,2010/2/3
北京,54,2010/2/4
北京,63,2010/2/5
北京,70,2010/2/6
北京,61,2010/2/7
北京,87,2010/2/8
北京,109,2010/2/9
北京,50,2010/2/10
北京,23,2010/2/11
北京,31,2010/2/12
北京,137,2010/2/14
北京,38,2010/2/15
北京,52,2010/2/16
北京,94,2010/2/17
北京,58,2010/2/18
北京,98,2010/2/19
北京,87,2010/2/20
北京,118,2010/2/21
北京,82,2010/2/22
北京,92,2010/2/23
北京,152,2010/2/24
北京,153,2010/2/25
北京,76,2010/2/26
北京,65,2010/2/27
北京,80,2010/2/28
北京,56,2010/3/1
北京,72,2010/3/2
北京,113,2010/3/3
北京,140,2010/3/4
北京,97,2010/3/5
北京,27,2010/3/6
北京,71,2010/3/7
北京,68,2010/3/8
北京,25,2010/3/9
北京,56,2010/3/10
北京,89,2010/3/11
北京,98,2010/3/12
北京,76,2010/3/13
北京,90,2010/3/14
北京,77,2010/3/16
北京,66,2010/3/17
北京,76,2010/3/18
北京,145,2010/3/19
北京,500,2010/3/20
北京,136,2010/3/21
北京,245,2010/3/22
北京,157,2010/3/23
北京,92,2010/3/24
北京,60,2010/3/25
北京,83,2010/3/26
北京,110,2010/3/27
北京,82,2010/3/28
北京,100,2010/3/29
北京,159,2010/3/30
北京,94,2010/3/31
北京,99,2010/4/1
北京,63,2010/4/2
北京,73,2010/4/3
北京,147,2010/4/4
北京,125,2010/4/5
北京,56,2010/4/6
北京,77,2010/4/7
北京,147,2010/4/8
北京,163,2010/4/9
北京,69,2010/4/10
北京,77,2010/4/11
北京,66,2010/4/12
北京,61,2010/4/13
北京,59,2010/4/14
北京,93,2010/4/15
北京,147,2010/4/16
北京,94,2010/4/17
北京,109,2010/4/18
北京,150,2010/4/19
北京,74,2010/4/20
北京,60,2010/4/21
北京,31,2010/4/22
北京,40,2010/4/23
北京,72,2010/4/24
北京,100,2010/4/25
北京,45,2010/4/26
北京,50,2010/4/27
北京,52,2010/4/28
北京,46,2010/4/29
北京,54,2010/4/30
北京,90,2010/5/1
北京,116,2010/5/2
北京,97,2010/5/3
北京,149,2010/5/4
北京,119,2010/5/5
北京,17,2010/5/6
北京,86,2010/5/7
北京,145,2010/5/8
北京,144,2010/5/9
北京,146,2010/5/10
北京,58,2010/5/11
北京,59,2010/5/12
北京,78,2010/5/13
北京,95,2010/5/14
北京,133,2010/5/15
北京,121,2010/5/16
北京,52,2010/5/17
北京,53,2010/5/18
北京,61,2010/5/19
北京,75,2010/5/20
北京,127,2010/5/22
北京,122,2010/5/23
北京,91,2010/5/24
北京,46,2010/5/25
北京,76,2010/5/26
北京,82,2010/5/27
北京,63,2010/5/28
北京,84,2010/5/29
北京,39,2010/5/30
北京,58,2010/5/31
北京,69,2010/6/1
北京,68,2010/6/2
北京,83,2010/6/3
北京,88,2010/6/4
北京,96,2010/6/5
北京,114,2010/6/6
北京,118,2010/6/7
北京,98,2010/6/8
北京,86,2010/6/9
北京,64,2010/6/10
北京,58,2010/6/11
北京,81,2010/6/12
北京,82,2010/6/13
北京,66,2010/6/14
北京,95,2010/6/15
北京,77,2010/6/16
北京,56,2010/6/17
北京,47,2010/6/18
北京,77,2010/6/19
北京,71,2010/6/20
北京,71,2010/6/21
北京,77,2010/6/23
北京,83,2010/6/24
北京,99,2010/6/25
北京,112,2010/6/26
北京,93,2010/6/27
北京,94,2010/6/28
北京,123,2010/6/29
北京,100,2010/6/30
北京,118,2010/7/1
北京,40,2010/7/2
北京,63,2010/7/3
北京,86,2010/7/4
北京,66,2010/7/5
北京,54,2010/7/6
北京,73,2010/7/7
北京,80,2010/7/8
北京,74,2010/7/9
北京,59,2010/7/10
北京,68,2010/7/11
北京,73,2010/7/12
北京,84,2010/7/13
北京,78,2010/7/14
北京,89,2010/7/15
北京,115,2010/7/16
北京,84,2010/7/17
北京,87,2010/7/18
北京,121,2010/7/19
北京,63,2010/7/21
北京,90,2010/7/22
北京,123,2010/7/23
北京,88,2010/7/24
北京,100,2010/7/25
北京,121,2010/7/26
北京,139,2010/7/27
北京,100,2010/7/28
北京,119,2010/7/29
北京,113,2010/7/30
北京,92,2010/7/31
北京,48,2010/8/1
北京,68,2010/8/2
北京,83,2010/8/3
北京,98,2010/8/4
北京,26,2010/8/5
北京,31,2010/8/6
北京,71,2010/8/7
北京,57,2010/8/8
北京,94,2010/8/9
北京,90,2010/8/10
北京,94,2010/8/11
北京,64,2010/8/12
北京,83,2010/8/13
北京,83,2010/8/13
北京,84,2010/8/14
北京,57,2010/8/15
北京,66,2010/8/16
北京,94,2010/8/17
北京,137,2010/8/18
北京,73,2010/8/19
北京,76,2010/8/20
北京,56,2010/8/21
北京,23,2010/8/22
北京,54,2010/8/23
北京,87,2010/8/24
北京,65,2010/8/25
北京,66,2010/8/26
北京,52,2010/8/27
北京,55,2010/8/28
北京,76,2010/8/29
北京,79,2010/8/30
北京,78,2010/8/31
北京,67,2010/9/1
北京,54,2010/9/2
北京,73,2010/9/3
北京,64,2010/9/4
北京,80,2010/9/5
北京,87,2010/9/6
北京,95,2010/9/7
北京,67,2010/9/8
北京,89,2010/9/9
北京,75,2010/9/10
北京,49,2010/9/11
北京,67,2010/9/12
北京,84,2010/9/13
北京,97,2010/9/14
北京,134,2010/9/15
北京,122,2010/9/16
北京,62,2010/9/17
北京,19,2010/9/18
北京,50,2010/9/19
北京,60,2010/9/20
北京,23,2010/9/21
北京,24,2010/9/22
北京,52,2010/9/23
北京,72,2010/9/24
北京,93,2010/9/25
北京,84,2010/9/26
北京,57,2010/9/27
北京,32,2010/9/28
北京,65,2010/9/29
北京,92,2010/9/30
北京,125,2010/10/1
北京,88,2010/10/2
北京,17,2010/10/3
北京,36,2010/10/4
北京,63,2010/10/5
北京,95,2010/10/6
北京,186,2010/10/7
北京,192,2010/10/8
北京,177,2010/10/9
北京,202,2010/10/10
北京,70,2010/10/11
北京,27,2010/10/12
北京,65,2010/10/13
北京,58,2010/10/14
北京,30,2010/10/15
北京,80,2010/10/16
北京,65,2010/10/17
北京,80,2010/10/18
北京,50,2010/10/19
北京,66,2010/10/20
北京,83,2010/10/21
北京,95,2010/10/22
北京,103,2010/10/23
北京,96,2010/10/24
北京,17,2010/10/25
北京,15,2010/10/26
北京,63,2010/10/27
北京,92,2010/10/28
北京,67,2010/10/29
北京,62,2010/10/30
北京,70,2010/10/31
北京,65,2010/11/1
北京,36,2010/11/2
北京,86,2010/11/3
北京,81,2010/11/4
北京,86,2010/11/5
北京,107,2010/11/6
北京,142,2010/11/7
北京,34,2010/11/8
北京,34,2010/11/9
北京,85,2010/11/10
北京,139,2010/11/11
北京,51,2010/11/12
北京,66,2010/11/13
北京,39,2010/11/14
北京,34,2010/11/15
北京,96,2010/11/16
北京,122,2010/11/17
北京,243,2010/11/18
北京,313,2010/11/19
北京,165,2010/11/20
北京,192,2010/11/21
北京,37,2010/11/22
北京,100,2010/11/23
北京,141,2010/11/24
北京,42,2010/11/25
北京,88,2010/11/26
北京,130,2010/11/27
北京,72,2010/11/28
北京,143,2010/11/29
北京,132,2010/11/30
北京,177,2010/12/1
北京,199,2010/12/2
北京,52,2010/12/3
北京,97,2010/12/4
北京,125,2010/12/5
北京,37,2010/12/6
北京,65,2010/12/7
北京,81,2010/12/8
北京,97,2010/12/9
北京,176,2010/12/10
北京,50,2010/12/11
北京,85,2010/12/12
北京,72,2010/12/13
北京,31,2010/12/14
北京,53,2010/12/15
北京,92,2010/12/16
北京,105,2010/12/17
北京,156,2010/12/18
北京,182,2010/12/19
北京,100,2010/12/20
北京,165,2010/12/21
北京,222,2010/12/22
北京,30,2010/12/23
北京,40,2010/12/24
北京,57,2010/12/25
北京,66,2010/12/26
北京,82,2010/12/27
北京,70,2010/12/28
北京,63,2010/12/29
北京,67,2010/12/30
北京,47,2010/12/31
北京,34,2011/1/1
北京,41,2011/1/2
北京,82,2011/1/3
北京,96,2011/1/4
北京,55,2011/1/5
北京,35,2011/1/6
北京,36,2011/1/7
北京,78,2011/1/8
北京,35,2011/1/9
北京,34,2011/1/10
北京,67,2011/1/11
北京,49,2011/1/12
北京,90,2011/1/13
北京,73,2011/1/14
北京,35,2011/1/16
北京,62,2011/1/17
北京,30,2011/1/18
北京,39,2011/1/19
北京,36,2011/1/20
北京,61,2011/1/21
北京,76,2011/1/22
北京,50,2011/1/23
北京,35,2011/1/24
北京,61,2011/1/25
北京,41,2011/1/26
北京,59,2011/1/27
北京,41,2011/1/28
北京,30,2011/1/29
北京,25,2011/1/30
北京,48,2011/1/31
北京,53,2011/2/1
北京,58,2011/2/2
北京,83,2011/2/3
北京,111,2011/2/4
北京,75,2011/2/5
北京,84,2011/2/6
北京,77,2011/2/7
北京,83,2011/2/9
北京,58,2011/2/10
北京,58,2011/2/11
北京,21,2011/2/12
北京,53,2011/2/13
北京,41,2011/2/14
北京,74,2011/2/15
北京,146,2011/2/16
北京,132,2011/2/17
北京,115,2011/2/18
北京,112,2011/2/19
北京,100,2011/2/20
北京,333,2011/2/21
北京,270,2011/2/22
北京,208,2011/2/23
北京,56,2011/2/25
北京,56,2011/2/26
北京,60,2011/2/27
北京,30,2011/2/28
北京,21,2011/3/1
北京,33,2011/3/2
北京,34,2011/3/3
北京,59,2011/3/4
北京,77,2011/3/5
北京,65,2011/3/6
北京,26,2011/3/7
北京,41,2011/3/8
北京,33,2011/3/9
北京,64,2011/3/10
北京,58,2011/3/11
北京,135,2011/3/12
北京,197,2011/3/13
北京,54,2011/3/14
北京,56,2011/3/15
北京,72,2011/3/16
北京,98,2011/3/17
北京,161,2011/3/18
北京,123,2011/3/19
北京,250,2011/3/20
北京,121,2011/3/21
北京,67,2011/3/22
北京,51,2011/3/23
北京,51,2011/3/24
北京,48,2011/3/25
北京,78,2011/3/26
北京,41,2011/3/27
北京,71,2011/3/28
北京,86,2011/3/29
北京,98,2011/3/30
北京,140,2011/3/31
北京,137,2011/4/1
北京,38,2011/4/2
北京,59,2011/4/3
北京,67,2011/4/4
北京,88,2011/4/5
北京,95,2011/4/6
北京,96,2011/4/7
北京,70,2011/4/8
北京,108,2011/4/9
北京,142,2011/4/10
北京,53,2011/4/11
北京,88,2011/4/12
北京,157,2011/4/13
北京,138,2011/4/14
北京,98,2011/4/15
北京,128,2011/4/16
北京,164,2011/4/17
北京,99,2011/4/18
北京,83,2011/4/19
北京,127,2011/4/20
北京,154,2011/4/21
北京,44,2011/4/22
北京,49,2011/4/23
北京,26,2011/4/24
北京,76,2011/4/25
北京,111,2011/4/26
北京,60,2011/4/27
北京,76,2011/4/28
北京,119,2011/4/29
北京,141,2011/4/30
北京,500,2011/5/1
北京,85,2011/5/2
北京,60,2011/5/3
北京,79,2011/5/4
北京,87,2011/5/5
北京,99,2011/5/6
北京,57,2011/5/7
北京,74,2011/5/8
北京,53,2011/5/9
北京,50,2011/5/10
北京,80,2011/5/11
北京,197,2011/5/12
北京,52,2011/5/13
北京,70,2011/5/14
北京,76,2011/5/15
北京,90,2011/5/16
北京,91,2011/5/17
北京,155,2011/5/18
北京,64,2011/5/19
北京,59,2011/5/20
北京,54,2011/5/21
北京,83,2011/5/22
北京,98,2011/5/23
北京,94,2011/5/24
北京,75,2011/5/25
北京,86,2011/5/26
北京,65,2011/5/27
北京,102,2011/5/28
北京,98,2011/5/29
北京,75,2011/5/30
北京,47,2011/5/31
北京,28,2011/6/1
北京,75,2011/6/2
北京,75,2011/6/3
北京,66,2011/6/4
北京,79,2011/6/5
北京,83,2011/6/6
北京,98,2011/6/7
北京,51,2011/6/8
北京,105,2011/6/10
北京,75,2011/6/11
北京,28,2011/6/12
北京,71,2011/6/13
北京,99,2011/6/14
北京,107,2011/6/15
北京,77,2011/6/16
北京,81,2011/6/17
北京,97,2011/6/18
北京,119,2011/6/19
北京,122,2011/6/20
北京,130,2011/6/21
北京,128,2011/6/22
北京,123,2011/6/23
北京,24,2011/6/24
北京,38,2011/6/25
北京,57,2011/6/26
北京,56,2011/6/27
北京,90,2011/6/28
北京,129,2011/6/29
北京,99,2011/6/30
北京,94,2011/7/1
北京,71,2011/7/2
北京,71,2011/7/3
北京,55,2011/7/4
北京,80,2011/7/5
北京,115,2011/7/6
北京,73,2011/7/7
北京,42,2011/7/8
北京,37,2011/7/9
北京,75,2011/7/10
北京,112,2011/7/11
北京,88,2011/7/12
北京,83,2011/7/13
北京,83,2011/7/14
北京,65,2011/7/15
北京,65,2011/7/16
北京,67,2011/7/17
北京,65,2011/7/18
北京,83,2011/7/19
北京,42,2011/7/20
北京,53,2011/7/21
北京,71,2011/7/22
北京,148,2011/7/23
北京,159,2011/7/24
北京,19,2011/7/25
北京,28,2011/7/26
北京,52,2011/7/27
北京,92,2011/7/28
北京,113,2011/7/29
北京,21,2011/7/30
北京,54,2011/7/31
北京,78,2011/8/1
北京,94,2011/8/2
北京,69,2011/8/3
北京,82,2011/8/4
北京,98,2011/8/5
北京,91,2011/8/6
北京,74,2011/8/7
北京,77,2011/8/8
北京,108,2011/8/9
北京,58,2011/8/10
北京,68,2011/8/11
北京,90,2011/8/12
北京,93,2011/8/13
北京,78,2011/8/14
北京,73,2011/8/15
北京,29,2011/8/16
北京,58,2011/8/17
北京,28,2011/8/18
北京,65,2011/8/19
北京,72,2011/8/20
北京,80,2011/8/21
北京,78,2011/8/22
北京,88,2011/8/23
北京,95,2011/8/24
北京,80,2011/8/25
北京,61,2011/8/26
北京,63,2011/8/27
北京,65,2011/8/28
北京,80,2011/8/29
北京,99,2011/8/30
北京,117,2011/8/31
北京,89,2011/9/1
北京,54,2011/9/2
北京,69,2011/9/3
北京,77,2011/9/4
北京,76,2011/9/5
北京,76,2011/9/6
北京,126,2011/9/7
北京,48,2011/9/8
北京,39,2011/9/9
北京,35,2011/9/10
北京,24,2011/9/11
北京,61,2011/9/12
北京,81,2011/9/13
北京,87,2011/9/14
北京,93,2011/9/15
北京,52,2011/9/16
北京,22,2011/9/17
北京,35,2011/9/18
北京,45,2011/9/19
北京,50,2011/9/20
北京,52,2011/9/21
北京,58,2011/9/22
北京,96,2011/9/24
北京,125,2011/9/25
北京,160,2011/9/26
北京,121,2011/9/27
北京,128,2011/9/28
北京,94,2011/9/29
北京,30,2011/9/30
北京,56,2011/10/1
北京,33,2011/10/2
北京,47,2011/10/3
北京,79,2011/10/4
北京,157,2011/10/5
北京,61,2011/10/6
北京,84,2011/10/7
北京,106,2011/10/8
北京,159,2011/10/9
北京,137,2011/10/10
北京,87,2011/10/11
北京,130,2011/10/12
北京,98,2011/10/13
北京,32,2011/10/14
北京,33,2011/10/15
北京,31,2011/10/16
北京,35,2011/10/17
北京,72,2011/10/18
北京,87,2011/10/19
北京,149,2011/10/20
北京,146,2011/10/21
北京,139,2011/10/22
北京,155,2011/10/23
北京,19,2011/10/24
北京,28,2011/10/25
北京,78,2011/10/26
北京,129,2011/10/27
北京,97,2011/10/29
北京,147,2011/10/30
北京,131,2011/10/31
北京,128,2011/11/1
北京,53,2011/11/2
北京,68,2011/11/3
北京,82,2011/11/4
北京,60,2011/11/5
北京,52,2011/11/6
北京,63,2011/11/7
北京,73,2011/11/8
北京,49,2011/11/9
北京,60,2011/11/10
北京,84,2011/11/11
北京,99,2011/11/12
北京,65,2011/11/13
北京,73,2011/11/14
北京,124,2011/11/15
北京,128,2011/11/16
北京,97,2011/11/17
北京,62,2011/11/18
北京,36,2011/11/19
北京,27,2011/11/20
北京,80,2011/11/21
北京,131,2011/11/22
北京,40,2011/11/23
北京,68,2011/11/24
北京,120,2011/11/25
北京,142,2011/11/26
北京,135,2011/11/27
北京,109,2011/11/28
北京,66,2011/11/29
北京,81,2011/11/30
北京,71,2011/12/1
北京,144,2011/12/2
北京,97,2011/12/3
北京,80,2011/12/4
北京,193,2011/12/5
北京,131,2011/12/6
北京,111,2011/12/7
北京,17,2011/12/8
北京,19,2011/12/9
北京,23,2011/12/10
北京,77,2011/12/11
北京,56,2011/12/12
北京,76,2011/12/13
北京,84,2011/12/14
北京,19,2011/12/15
北京,27,2011/12/16
北京,63,2011/12/17
北京,63,2011/12/18
北京,53,2011/12/19
北京,70,2011/12/20
北京,67,2011/12/21
北京,31,2011/12/22
北京,61,2011/12/23
北京,27,2011/12/24
北京,59,2011/12/25
北京,69,2011/12/26
北京,100,2011/12/27
北京,114,2011/12/28
北京,81,2011/12/29
北京,75,2011/12/30
北京,109,2011/12/31
北京,81,2012/1/1
北京,74,2012/1/2
北京,35,2012/1/3
北京,30,2012/1/4
北京,63,2012/1/5
北京,95,2012/1/6
北京,65,2012/1/7
北京,89,2012/1/8
北京,102,2012/1/9
北京,161,2012/1/10
北京,25,2012/1/11
北京,86,2012/1/12
北京,79,2012/1/13
北京,60,2012/1/14
北京,70,2012/1/15
北京,106,2012/1/16
北京,111,2012/1/17
北京,193,2012/1/18
北京,269,2012/1/19
北京,131,2012/1/20
北京,21,2012/1/21
北京,23,2012/1/22
北京,149,2012/1/23
北京,49,2012/1/24
北京,45,2012/1/25
北京,78,2012/1/26
北京,67,2012/1/27
北京,74,2012/1/28
北京,62,2012/1/29
北京,66,2012/1/30
北京,92,2012/1/31
北京,30,2012/2/1
北京,26,2012/2/2
北京,60,2012/2/3
北京,52,2012/2/4
北京,84,2012/2/5
北京,112,2012/2/6
北京,64,2012/2/7
北京,34,2012/2/8
北京,58,2012/2/9
北京,49,2012/2/10
北京,73,2012/2/11
北京,75,2012/2/12
北京,100,2012/2/13
北京,125,2012/2/14
北京,62,2012/2/15
北京,61,2012/2/16
北京,34,2012/2/17
北京,29,2012/2/18
北京,68,2012/2/19
北京,73,2012/2/20
北京,118,2012/2/21
北京,118,2012/2/22
北京,73,2012/2/23
北京,73,2012/2/24
北京,57,2012/2/25
北京,57,2012/2/26
北京,95,2012/2/27
北京,152,2012/2/28
北京,118,2012/2/29
北京,142,2012/3/1
北京,111,2012/3/2
北京,68,2012/3/3
北京,90,2012/3/4
北京,97,2012/3/5
北京,63,2012/3/6
北京,38,2012/3/7
北京,31,2012/3/8
北京,65,2012/3/9
北京,78,2012/3/10
北京,36,2012/3/11
北京,62,2012/3/12
北京,104,2012/3/13
北京,57,2012/3/14
北京,64,2012/3/15
北京,109,2012/3/16
北京,144,2012/3/17
北京,61,2012/3/18
北京,57,2012/3/19
北京,81,2012/3/20
北京,105,2012/3/21
北京,146,2012/3/22
北京,55,2012/3/23
北京,56,2012/3/24
北京,30,2012/3/25
北京,90,2012/3/26
北京,112,2012/3/27
北京,65,2012/3/28
北京,90,2012/3/29
北京,76,2012/3/30
北京,159,2012/3/31
北京,78,2012/4/1
北京,103,2012/4/2
北京,73,2012/4/3
北京,73,2012/4/3
北京,73,2012/4/4
北京,64,2012/4/5
北京,70,2012/4/6
北京,71,2012/4/7
北京,119,2012/4/8
北京,118,2012/4/9
北京,138,2012/4/10
北京,41,2012/4/11
北京,69,2012/4/12
北京,81,2012/4/13
北京,100,2012/4/14
北京,109,2012/4/15
北京,84,2012/4/16
北京,100,2012/4/17
北京,140,2012/4/18
北京,98,2012/4/19
北京,133,2012/4/20
北京,81,2012/4/21
北京,102,2012/4/22
北京,140,2012/4/23
北京,133,2012/4/24
北京,32,2012/4/25
北京,60,2012/4/26
北京,147,2012/4/27
北京,164,2012/4/28
北京,473,2012/4/29
北京,268,2012/4/30
北京,208,2012/5/1
北京,111,2012/5/2
北京,106,2012/5/3
北京,100,2012/5/4
北京,99,2012/5/5
北京,100,2012/5/6
北京,100,2012/5/7
北京,111,2012/5/8
北京,107,2012/5/9
北京,129,2012/5/10
北京,133,2012/5/11
北京,90,2012/5/12
北京,96,2012/5/13
北京,64,2012/5/14
北京,58,2012/5/15
北京,58,2012/5/16
北京,78,2012/5/17
北京,84,2012/5/18
北京,143,2012/5/19
北京,85,2012/5/20
北京,97,2012/5/21
北京,109,2012/5/22
北京,64,2012/5/23
北京,69,2012/5/24
北京,63,2012/5/25
北京,90,2012/5/26
北京,88,2012/5/27
北京,133,2012/5/28
北京,116,2012/5/29
北京,29,2012/5/30
北京,64,2012/5/31
北京,54,2012/6/1
北京,90,2012/6/2
北京,112,2012/6/3
北京,80,2012/6/4
北京,65,2012/6/5
北京,98,2012/6/6
北京,71,2012/6/7
北京,77,2012/6/8
北京,91,2012/6/9
北京,32,2012/6/10
北京,50,2012/6/11
北京,58,2012/6/12
北京,62,2012/6/13
北京,50,2012/6/14
北京,22,2012/6/15
北京,33,2012/6/16
北京,69,2012/6/17
北京,137,2012/6/18
北京,132,2012/6/19
北京,105,2012/6/20
北京,112,2012/6/21
北京,84,2012/6/22
北京,81,2012/6/23
北京,95,2012/6/24
北京,49,2012/6/25
北京,65,2012/6/26
北京,55,2012/6/27
北京,54,2012/6/28
北京,60,2012/6/29
北京,46,2012/6/30
北京,70,2012/7/1
北京,69,2012/7/2
北京,59,2012/7/3
北京,71,2012/7/4
北京,70,2012/7/5
北京,59,2012/7/6
北京,86,2012/7/7
北京,84,2012/7/8
北京,64,2012/7/9
北京,50,2012/7/10
北京,44,2012/7/11
北京,46,2012/7/12
北京,31,2012/7/13
北京,48,2012/7/14
北京,53,2012/7/15
北京,70,2012/7/16
北京,78,2012/7/17
北京,71,2012/7/18
北京,82,2012/7/19
北京,111,2012/7/20
北京,131,2012/7/21
北京,15,2012/7/22
北京,60,2012/7/24
北京,72,2012/7/25
北京,55,2012/7/26
北京,55,2012/7/26
北京,50,2012/7/27
北京,56,2012/7/28
北京,57,2012/7/29
北京,30,2012/7/30
北京,28,2012/7/31
北京,20,2012/8/1
北京,17,2012/8/2
北京,53,2012/8/3
北京,40,2012/8/4
北京,48,2012/8/5
北京,60,2012/8/6
北京,59,2012/8/7
北京,68,2012/8/8
北京,43,2012/8/9
北京,72,2012/8/10
北京,80,2012/8/11
北京,41,2012/8/12
北京,36,2012/8/13
北京,62,2012/8/14
北京,60,2012/8/15
北京,68,2012/8/16
北京,83,2012/8/17
北京,110,2012/8/18
北京,84,2012/8/19
北京,92,2012/8/20
北京,25,2012/8/21
北京,40,2012/8/22
北京,74,2012/8/23
北京,94,2012/8/24
北京,92,2012/8/25
北京,117,2012/8/26
北京,100,2012/8/27
北京,59,2012/8/28
北京,84,2012/8/29
北京,135,2012/8/30
北京,150,2012/8/31
北京,128,2012/9/1
北京,52,2012/9/2
北京,15,2012/9/3
北京,22,2012/9/4
北京,50,2012/9/5
北京,70,2012/9/6
北京,77,2012/9/7
北京,40,2012/9/8
北京,79,2012/9/9
北京,96,2012/9/10
北京,93,2012/9/11
北京,44,2012/9/12
北京,28,2012/9/13
北京,31,2012/9/14
北京,50,2012/9/15
北京,65,2012/9/16
北京,63,2012/9/17
北京,61,2012/9/18
北京,56,2012/9/19
北京,128,2012/9/21
北京,93,2012/9/22
北京,85,2012/9/23
北京,74,2012/9/24
北京,78,2012/9/25
北京,26,2012/9/26
北京,65,2012/9/27
北京,15,2012/9/28
北京,24,2012/9/29
北京,38,2012/9/30
北京,52,2012/10/1
北京,78,2012/10/2
北京,108,2012/10/3
北京,28,2012/10/4
北京,41,2012/10/5
北京,74,2012/10/6
北京,83,2012/10/7
北京,123,2012/10/8
北京,140,2012/10/9
北京,18,2012/10/10
北京,73,2012/10/11
北京,121,2012/10/12
北京,97,2012/10/13
北京,40,2012/10/14
北京,83,2012/10/15
北京,78,2012/10/16
北京,23,2012/10/17
北京,65,2012/10/18
北京,79,2012/10/19
北京,139,2012/10/20
北京,81,2012/10/21
北京,26,2012/10/22
北京,54,2012/10/23
北京,89,2012/10/24
北京,90,2012/10/25
北京,163,2012/10/26
北京,154,2012/10/27
北京,22,2012/10/28
北京,59,2012/10/29
北京,36,2012/10/30
北京,51,2012/10/31
北京,67,2012/11/1
北京,103,2012/11/2
北京,135,2012/11/3
北京,20,2012/11/4
北京,16,2012/11/5
北京,48,2012/11/6
北京,80,2012/11/7
北京,62,2012/11/8
北京,93,2012/11/9
北京,82,2012/11/10
北京,17,2012/11/11
北京,27,2012/11/12
北京,30,2012/11/13
北京,26,2012/11/14
北京,71,2012/11/15
北京,92,2012/11/16
北京,47,2012/11/17
北京,96,2012/11/18
北京,55,2012/11/19
北京,74,2012/11/20
北京,123,2012/11/21
北京,156,2012/11/22
北京,22,2012/11/23
北京,80,2012/11/24
北京,133,2012/11/25
北京,44,2012/11/26
北京,105,2012/11/27
北京,151,2012/11/28
北京,54,2012/11/29
北京,50,2012/12/1
北京,96,2012/12/2
北京,123,2012/12/3
北京,50,2012/12/4
北京,64,2012/12/5
北京,50,2012/12/6
北京,73,2012/12/7
北京,53,2012/12/8
北京,38,2012/12/9
北京,53,2012/12/10
北京,86,2012/12/11
北京,103,2012/12/12
北京,130,2012/12/13
北京,107,2012/12/14
北京,114,2012/12/15
北京,108,2012/12/16
北京,45,2012/12/17
北京,22,2012/12/18
北京,72,2012/12/19
北京,121,2012/12/20
北京,120,2012/12/21
北京,24,2012/12/22
北京,36,2012/12/23
北京,53,2012/12/24
北京,58,2012/12/25
北京,67,2012/12/26
北京,137,2012/12/28
北京,94,2012/12/29
北京,38,2012/12/30
北京,57,2012/12/31
北京,71,2013/1/1
北京,27,2013/1/2
北京,35,2013/1/3
北京,57,2013/1/4
北京,79,2013/1/5
北京,58,2013/1/6
北京,105,2013/1/7
北京,124,2013/1/8
北京,32,2013/1/9
北京,87,2013/1/10
北京,232,2013/1/11
北京,174,2013/1/12
北京,498,2013/1/13
北京,184,2013/1/14
北京,85,2014/1/1
北京,158,2014/1/2
北京,74,2014/1/3
北京,165,2014/1/4
北京,113,2014/1/5
北京,190,2014/1/6
北京,122,2014/1/7
北京,95,2014/1/10
北京,159,2014/1/11
北京,52,2014/1/12
北京,117,2014/1/13
北京,113,2014/1/14
北京,180,2014/1/15
北京,403,2014/1/16
北京,209,2014/1/17
北京,113,2014/1/18
北京,149,2014/1/19
北京,68,2014/1/21
北京,162,2014/1/22
北京,276,2014/1/23
北京,195,2014/1/24
北京,77,2014/1/26
北京,114,2014/1/27
北京,67,2014/1/28
北京,165,2014/1/29
北京,93,2014/1/30
北京,188,2014/1/31
北京,178,2014/2/1
北京,85,2014/2/2
北京,119,2014/2/5
北京,158,2014/2/6
北京,124,2014/2/7
北京,84,2014/2/8
北京,53,2014/2/10
北京,142,2014/2/11
北京,150,2014/2/12
北京,242,2014/2/13
北京,329,2014/2/14
北京,429,2014/2/15
北京,348,2014/2/16
北京,118,2014/2/17
北京,98,2014/2/18
北京,92,2014/2/19
北京,270,2014/2/20
北京,311,2014/2/21
北京,311,2014/2/22
北京,255,2014/2/23
北京,313,2014/2/24
北京,404,2014/2/25
北京,113,2014/2/28
北京,68,2014/3/1
北京,189,2014/3/2
北京,268,2014/3/3
北京,67,2014/3/4
北京,70,2014/3/7
北京,179,2014/3/8
北京,127,2014/3/9
北京,110,2014/3/10
北京,195,2014/3/11
北京,69,2014/3/13
北京,64,2014/3/14
北京,133,2014/3/15
北京,145,2014/3/16
北京,142,2014/3/17
北京,85,2014/3/18
北京,73,2014/3/19
北京,62,2014/3/21
北京,86,2014/3/22
北京,186,2014/3/23
北京,271,2014/3/24
北京,255,2014/3/25
北京,331,2014/3/26
北京,285,2014/3/27
北京,169,2014/3/28
北京,63,2014/3/29
北京,77,2014/3/30
北京,183,2014/3/31
北京,147,2014/4/1
北京,133,2014/4/2
北京,66,2014/4/3
北京,91,2014/4/4
北京,68,2014/4/5
北京,98,2014/4/6
北京,135,2014/4/7
北京,223,2014/4/8
北京,156,2014/4/9
北京,246,2014/4/10
北京,83,2014/4/11
北京,133,2014/4/12
北京,212,2014/4/13
北京,270,2014/4/14
北京,109,2014/4/15
北京,90,2014/4/16
北京,124,2014/4/17
北京,182,2014/4/18
北京,84,2014/4/19
北京,84,2014/4/20
北京,73,2014/4/21
北京,85,2014/4/22
北京,156,2014/4/23
北京,156,2014/4/24
北京,163,2014/4/25
北京,69,2014/4/26
北京,74,2014/4/27
北京,83,2014/4/28
北京,122,2014/4/29
北京,139,2014/4/30
北京,156,2014/5/1
北京,93,2014/5/3
北京,57,2014/5/4
北京,54,2014/5/5
北京,105,2014/5/6
北京,82,2014/5/7
北京,104,2014/5/8
北京,84,2014/5/9
北京,69,2014/5/10
北京,74,2014/5/12
北京,86,2014/5/13
北京,59,2014/5/14
北京,122,2014/5/15
北京,92,2014/5/16
北京,124,2014/5/17
北京,171,2014/5/18
北京,146,2014/5/19
北京,113,2014/5/20
北京,170,2014/5/21
北京,183,2014/5/22
北京,140,2014/5/23
北京,104,2014/5/24
北京,91,2014/5/25
北京,77,2014/5/26
北京,107,2014/5/27
北京,121,2014/5/28
北京,120,2014/5/29
北京,192,2014/5/30
北京,177,2014/5/31
北京,130,2014/6/1
北京,90,2014/6/2
北京,117,2014/6/3
北京,124,2014/6/4
北京,157,2014/6/5
北京,103,2014/6/6
北京,51,2014/6/7
北京,70,2014/6/8
北京,87,2014/6/9
北京,95,2014/6/10
北京,74,2014/6/11
北京,90,2014/6/12
北京,116,2014/6/13
北京,165,2014/6/14
北京,178,2014/6/15
北京,178,2014/6/16
北京,104,2014/6/17
北京,116,2014/6/18
北京,116,2014/6/19
北京,84,2014/6/20
北京,96,2014/6/21
北京,91,2014/6/22
北京,115,2014/6/23
北京,161,2014/6/24
北京,138,2014/6/25
北京,163,2014/6/26
北京,68,2014/6/27
北京,77,2014/6/28
北京,161,2014/6/29
北京,185,2014/6/30
北京,172,2014/7/1
北京,80,2014/7/2
北京,248,2014/7/3
北京,237,2014/7/4
北京,165,2014/7/5
北京,256,2014/7/6
北京,216,2014/7/7
北京,134,2014/7/8
北京,63,2014/7/9
北京,114,2014/7/10
北京,77,2014/7/11
北京,80,2014/7/12
北京,64,2014/7/13
北京,156,2014/7/14
北京,140,2014/7/15
北京,133,2014/7/16
北京,186,2014/7/17
北京,182,2014/7/18
北京,106,2014/7/19
北京,119,2014/7/20
北京,68,2014/7/21
北京,54,2014/7/22
北京,82,2014/7/23
北京,90,2014/7/24
北京,134,2014/7/25
北京,188,2014/7/26
北京,194,2014/7/27
北京,159,2014/7/28
北京,159,2014/7/29
北京,169,2014/7/30
北京,244,2014/7/31
北京,199,2014/8/1
北京,163,2014/8/2
北京,149,2014/8/3
北京,80,2014/8/5
北京,67,2014/8/6
北京,162,2014/8/7
北京,140,2014/8/8
北京,143,2014/8/9
北京,125,2014/8/10
北京,76,2014/8/11
北京,119,2014/8/12
北京,70,2014/8/13
北京,104,2014/8/14
北京,109,2014/8/15
北京,159,2014/8/16
北京,124,2014/8/17
北京,135,2014/8/18
北京,150,2014/8/19
北京,164,2014/8/20
北京,169,2014/8/21
北京,83,2014/8/22
北京,155,2014/8/23
北京,75,2014/8/24
北京,59,2014/8/25
北京,78,2014/8/26
北京,136,2014/8/27
北京,103,2014/8/28
北京,104,2014/8/29
北京,176,2014/8/30
北京,89,2014/8/31
北京,127,2014/9/1
北京,54,2014/9/3
北京,100,2014/9/4
北京,140,2014/9/5
北京,186,2014/9/6
北京,200,2014/9/7
北京,61,2014/9/8
北京,109,2014/9/9
北京,111,2014/9/10
北京,114,2014/9/11
北京,97,2014/9/12
北京,94,2014/9/13
北京,66,2014/9/14
北京,54,2014/9/15
北京,87,2014/9/16
北京,80,2014/9/17
北京,84,2014/9/18
北京,117,2014/9/19
北京,168,2014/9/20
北京,129,2014/9/21
北京,127,2014/9/22
北京,64,2014/9/23
北京,60,2014/9/24
北京,144,2014/9/25
北京,170,2014/9/26
北京,58,2014/9/27
北京,87,2014/9/28
北京,70,2014/9/29
北京,53,2014/9/30
北京,92,2014/10/1
北京,78,2014/10/2
北京,123,2014/10/3
北京,95,2014/10/4
北京,54,2014/10/5
北京,68,2014/10/6
北京,200,2014/10/7
北京,314,2014/10/8
北京,379,2014/10/9
北京,346,2014/10/10
北京,233,2014/10/11
北京,80,2014/10/14
北京,73,2014/10/15
北京,76,2014/10/16
北京,132,2014/10/17
北京,211,2014/10/18
北京,289,2014/10/19
北京,250,2014/10/20
北京,82,2014/10/21
北京,99,2014/10/22
北京,163,2014/10/23
北京,267,2014/10/24
北京,353,2014/10/25
北京,78,2014/10/26
北京,72,2014/10/27
北京,88,2014/10/28
北京,140,2014/10/29
北京,206,2014/10/30
北京,204,2014/10/31
北京,65,2014/11/1
北京,59,2014/11/3
北京,150,2014/11/4
北京,79,2014/11/5
北京,63,2014/11/7
北京,93,2014/11/8
北京,80,2014/11/9
北京,95,2014/11/10
北京,59,2014/11/11
北京,65,2014/11/13
北京,77,2014/11/14
北京,143,2014/11/15
北京,98,2014/11/16
北京,64,2014/11/17
北京,93,2014/11/18
北京,282,2014/11/19
北京,155,2014/11/23
北京,94,2014/11/24
北京,196,2014/11/25
北京,293,2014/11/26
北京,83,2014/11/27
北京,114,2014/11/28
北京,276,2014/11/29
北京,54,2014/12/1
北京,65,2014/12/2
北京,51,2014/12/3
北京,62,2014/12/5
北京,89,2014/12/6
北京,65,2014/12/7
北京,82,2014/12/8
北京,276,2014/12/9
北京,153,2014/12/10
北京,52,2014/12/11
北京,69,2014/12/13
北京,113,2014/12/14
北京,82,2014/12/15
北京,99,2014/12/17
北京,53,2014/12/19
北京,103,2014/12/22
北京,100,2014/12/23
北京,73,2014/12/25
北京,155,2014/12/26
北京,243,2014/12/27
北京,155,2014/12/28
北京,125,2014/12/29
北京,65,2014/12/30
北京,65,2015/1/1
北京,79,2015/1/2
北京,200,2015/1/3
北京,226,2015/1/4
北京,122,2015/1/5
北京,60,2015/1/6
北京,85,2015/1/7
北京,190,2015/1/8
北京,105,2015/1/9
北京,208,2015/1/10
北京,59,2015/1/11
北京,160,2015/1/12
北京,211,2015/1/13
北京,265,2015/1/14
北京,386,2015/1/15
北京,118,2015/1/16
北京,89,2015/1/17
北京,94,2015/1/18
北京,77,2015/1/19
北京,113,2015/1/20
北京,143,2015/1/22
北京,257,2015/1/23
北京,117,2015/1/24
北京,185,2015/1/25
北京,119,2015/1/26
北京,65,2015/1/28
北京,87,2015/1/29
北京,60,2015/1/31
北京,108,2015/2/1
北京,188,2015/2/2
北京,143,2015/2/3
北京,62,2015/2/5
北京,100,2015/2/6
北京,152,2015/2/9
北京,166,2015/2/10
北京,55,2015/2/11
北京,59,2015/2/12
北京,175,2015/2/13
北京,293,2015/2/14
北京,326,2015/2/15
北京,153,2015/2/16
北京,73,2015/2/18
北京,267,2015/2/19
北京,183,2015/2/20
北京,394,2015/2/21
北京,158,2015/2/22
北京,86,2015/2/23
北京,207,2015/2/24
