month,value,
2000/6/5,75,乌鲁木齐
2000/6/6,89,乌鲁木齐
2000/6/7,95,乌鲁木齐
2000/6/8,99,乌鲁木齐
2000/6/9,96,乌鲁木齐
2000/6/10,89,乌鲁木齐
2000/6/11,60,乌鲁木齐
2000/6/12,42,乌鲁木齐
2000/6/13,69,乌鲁木齐
2000/6/14,90,乌鲁木齐
2000/6/15,120,乌鲁木齐
2000/6/16,175,乌鲁木齐
2000/6/17,107,乌鲁木齐
2000/6/18,62,乌鲁木齐
2000/6/19,89,乌鲁木齐
2000/6/20,81,乌鲁木齐
2000/6/21,84,乌鲁木齐
2000/6/22,78,乌鲁木齐
2000/6/23,65,乌鲁木齐
2000/6/24,75,乌鲁木齐
2000/6/25,74,乌鲁木齐
2000/6/26,72,乌鲁木齐
2000/6/27,77,乌鲁木齐
2000/6/28,87,乌鲁木齐
2000/6/29,105,乌鲁木齐
2000/6/30,62,乌鲁木齐
2000/7/1,80,乌鲁木齐
2000/7/2,74,乌鲁木齐
2000/7/3,62,乌鲁木齐
2000/7/4,54,乌鲁木齐
2000/7/5,87,乌鲁木齐
2000/7/6,84,乌鲁木齐
2000/7/7,104,乌鲁木齐
2000/7/8,109,乌鲁木齐
2000/7/9,101,乌鲁木齐
2000/7/10,97,乌鲁木齐
2000/7/11,102,乌鲁木齐
2000/7/12,73,乌鲁木齐
2000/7/13,81,乌鲁木齐
2000/7/14,100,乌鲁木齐
2000/7/15,76,乌鲁木齐
2000/7/16,68,乌鲁木齐
2000/7/17,52,乌鲁木齐
2000/7/18,58,乌鲁木齐
2000/7/19,59,乌鲁木齐
2000/7/20,55,乌鲁木齐
2000/7/21,74,乌鲁木齐
2000/7/22,71,乌鲁木齐
2000/7/23,64,乌鲁木齐
2000/7/24,84,乌鲁木齐
2000/7/25,87,乌鲁木齐
2000/7/26,71,乌鲁木齐
2000/7/27,82,乌鲁木齐
2000/7/28,77,乌鲁木齐
2000/7/29,85,乌鲁木齐
2000/7/30,111,乌鲁木齐
2000/7/31,69,乌鲁木齐
2000/8/1,77,乌鲁木齐
2000/8/2,83,乌鲁木齐
2000/8/3,66,乌鲁木齐
2000/8/4,60,乌鲁木齐
2000/8/5,62,乌鲁木齐
2000/8/6,85,乌鲁木齐
2000/8/7,89,乌鲁木齐
2000/8/8,103,乌鲁木齐
2000/8/9,84,乌鲁木齐
2000/8/10,81,乌鲁木齐
2000/8/11,61,乌鲁木齐
2000/8/12,76,乌鲁木齐
2000/8/13,85,乌鲁木齐
2000/8/14,84,乌鲁木齐
2000/8/15,81,乌鲁木齐
2000/8/16,84,乌鲁木齐
2000/8/17,91,乌鲁木齐
2000/8/18,88,乌鲁木齐
2000/8/19,59,乌鲁木齐
2000/8/20,83,乌鲁木齐
2000/8/21,84,乌鲁木齐
2000/8/22,89,乌鲁木齐
2000/8/23,95,乌鲁木齐
2000/8/24,146,乌鲁木齐
2000/8/25,88,乌鲁木齐
2000/8/26,85,乌鲁木齐
2000/8/27,89,乌鲁木齐
2000/8/28,99,乌鲁木齐
2000/8/29,91,乌鲁木齐
2000/8/30,95,乌鲁木齐
2000/8/31,73,乌鲁木齐
2000/9/1,57,乌鲁木齐
2000/9/2,69,乌鲁木齐
2000/9/3,79,乌鲁木齐
2000/9/4,76,乌鲁木齐
2000/9/5,233,乌鲁木齐
2000/9/6,81,乌鲁木齐
2000/9/7,101,乌鲁木齐
2000/9/8,99,乌鲁木齐
2000/9/9,84,乌鲁木齐
2000/9/11,90,乌鲁木齐
2000/9/12,92,乌鲁木齐
2000/9/13,85,乌鲁木齐
2000/9/14,102,乌鲁木齐
2000/9/15,111,乌鲁木齐
2000/9/16,107,乌鲁木齐
2000/9/18,101,乌鲁木齐
2000/9/19,97,乌鲁木齐
2000/9/20,130,乌鲁木齐
2000/9/21,89,乌鲁木齐
2000/9/22,87,乌鲁木齐
2000/9/23,142,乌鲁木齐
2000/9/24,105,乌鲁木齐
2000/9/25,111,乌鲁木齐
2000/9/26,112,乌鲁木齐
2000/9/27,81,乌鲁木齐
2000/9/28,83,乌鲁木齐
2000/9/29,144,乌鲁木齐
2000/9/30,130,乌鲁木齐
2000/10/1,59,乌鲁木齐
2000/10/2,96,乌鲁木齐
2000/10/3,96,乌鲁木齐
2000/10/4,94,乌鲁木齐
2000/10/5,78,乌鲁木齐
2000/10/6,65,乌鲁木齐
2000/10/7,99,乌鲁木齐
2000/10/8,58,乌鲁木齐
2000/10/9,55,乌鲁木齐
2000/10/10,71,乌鲁木齐
2000/10/11,127,乌鲁木齐
2000/10/12,162,乌鲁木齐
2000/10/13,157,乌鲁木齐
2000/10/14,178,乌鲁木齐
2000/10/15,437,乌鲁木齐
2000/10/17,68,乌鲁木齐
2000/10/18,81,乌鲁木齐
2000/10/19,121,乌鲁木齐
2000/10/20,111,乌鲁木齐
2000/10/21,164,乌鲁木齐
2000/10/22,112,乌鲁木齐
2000/10/23,95,乌鲁木齐
2000/10/24,135,乌鲁木齐
2000/10/25,159,乌鲁木齐
2000/10/26,166,乌鲁木齐
2000/10/27,98,乌鲁木齐
2000/10/28,119,乌鲁木齐
2000/10/29,146,乌鲁木齐
2000/10/30,222,乌鲁木齐
2000/10/31,116,乌鲁木齐
2000/11/2,144,乌鲁木齐
2000/11/3,112,乌鲁木齐
2000/11/4,172,乌鲁木齐
2000/11/5,138,乌鲁木齐
2000/11/6,132,乌鲁木齐
2000/11/7,134,乌鲁木齐
2000/11/8,112,乌鲁木齐
2000/11/9,110,乌鲁木齐
2000/11/10,101,乌鲁木齐
2000/11/11,146,乌鲁木齐
2000/11/12,143,乌鲁木齐
2000/11/13,265,乌鲁木齐
2000/11/14,289,乌鲁木齐
2000/11/15,152,乌鲁木齐
2000/11/16,173,乌鲁木齐
2000/11/17,128,乌鲁木齐
2000/11/18,107,乌鲁木齐
2000/11/19,102,乌鲁木齐
2000/11/20,164,乌鲁木齐
2000/11/21,144,乌鲁木齐
2000/11/22,142,乌鲁木齐
2000/11/23,296,乌鲁木齐
2000/11/24,319,乌鲁木齐
2000/11/25,135,乌鲁木齐
2000/11/26,242,乌鲁木齐
2000/11/27,420,乌鲁木齐
2000/11/28,408,乌鲁木齐
2000/11/29,500,乌鲁木齐
2000/11/30,166,乌鲁木齐
2000/12/1,106,乌鲁木齐
2000/12/2,156,乌鲁木齐
2000/12/3,193,乌鲁木齐
2000/12/4,123,乌鲁木齐
2000/12/5,145,乌鲁木齐
2000/12/6,113,乌鲁木齐
2000/12/8,127,乌鲁木齐
2000/12/9,185,乌鲁木齐
2000/12/10,185,乌鲁木齐
2000/12/11,191,乌鲁木齐
2000/12/12,345,乌鲁木齐
2000/12/13,451,乌鲁木齐
2000/12/14,499,乌鲁木齐
2000/12/16,500,乌鲁木齐
2000/12/17,283,乌鲁木齐
2000/12/18,173,乌鲁木齐
2000/12/19,116,乌鲁木齐
2000/12/20,212,乌鲁木齐
2000/12/21,139,乌鲁木齐
2000/12/22,280,乌鲁木齐
2000/12/23,144,乌鲁木齐
2000/12/24,121,乌鲁木齐
2000/12/25,149,乌鲁木齐
2000/12/26,144,乌鲁木齐
2000/12/27,500,乌鲁木齐
2000/12/28,127,乌鲁木齐
2000/12/29,143,乌鲁木齐
2000/12/30,106,乌鲁木齐
2000/12/31,109,乌鲁木齐
2001/1/1,123,乌鲁木齐
2001/1/2,226,乌鲁木齐
2001/1/3,122,乌鲁木齐
2001/1/4,185,乌鲁木齐
2001/1/6,114,乌鲁木齐
2001/1/7,206,乌鲁木齐
2001/1/8,200,乌鲁木齐
2001/1/9,423,乌鲁木齐
2001/1/10,394,乌鲁木齐
2001/1/11,202,乌鲁木齐
2001/1/12,104,乌鲁木齐
2001/1/13,265,乌鲁木齐
2001/1/14,500,乌鲁木齐
2001/1/15,152,乌鲁木齐
2001/1/16,145,乌鲁木齐
2001/1/17,139,乌鲁木齐
2001/1/18,110,乌鲁木齐
2001/1/19,195,乌鲁木齐
2001/1/20,206,乌鲁木齐
2001/1/21,205,乌鲁木齐
2001/1/22,136,乌鲁木齐
2001/1/23,169,乌鲁木齐
2001/1/24,139,乌鲁木齐
2001/1/25,187,乌鲁木齐
2001/1/26,139,乌鲁木齐
2001/1/27,145,乌鲁木齐
2001/1/28,138,乌鲁木齐
2001/1/29,212,乌鲁木齐
2001/1/30,157,乌鲁木齐
2001/1/31,225,乌鲁木齐
2001/2/1,373,乌鲁木齐
2001/2/2,480,乌鲁木齐
2001/2/3,469,乌鲁木齐
2001/2/4,413,乌鲁木齐
2001/2/5,144,乌鲁木齐
2001/2/6,166,乌鲁木齐
2001/2/7,145,乌鲁木齐
2001/2/8,198,乌鲁木齐
2001/2/9,459,乌鲁木齐
2001/2/10,151,乌鲁木齐
2001/2/11,149,乌鲁木齐
2001/2/12,122,乌鲁木齐
2001/2/13,169,乌鲁木齐
2001/2/14,170,乌鲁木齐
2001/2/15,144,乌鲁木齐
2001/2/16,168,乌鲁木齐
2001/2/17,161,乌鲁木齐
2001/2/18,155,乌鲁木齐
2001/2/19,187,乌鲁木齐
2001/2/20,148,乌鲁木齐
2001/2/21,138,乌鲁木齐
2001/2/22,129,乌鲁木齐
2001/2/23,125,乌鲁木齐
2001/2/24,154,乌鲁木齐
2001/2/25,141,乌鲁木齐
2001/2/26,151,乌鲁木齐
2001/2/27,162,乌鲁木齐
2001/2/28,140,乌鲁木齐
2001/3/1,123,乌鲁木齐
2001/3/2,103,乌鲁木齐
2001/3/3,113,乌鲁木齐
2001/3/4,121,乌鲁木齐
2001/3/5,138,乌鲁木齐
2001/3/6,144,乌鲁木齐
2001/3/7,132,乌鲁木齐
2001/3/8,131,乌鲁木齐
2001/3/9,138,乌鲁木齐
2001/3/11,337,乌鲁木齐
2001/3/12,132,乌鲁木齐
2001/3/13,108,乌鲁木齐
2001/3/14,116,乌鲁木齐
2001/3/15,124,乌鲁木齐
2001/3/16,126,乌鲁木齐
2001/3/17,111,乌鲁木齐
2001/3/18,105,乌鲁木齐
2001/3/19,111,乌鲁木齐
2001/3/20,136,乌鲁木齐
2001/3/21,110,乌鲁木齐
2001/3/22,107,乌鲁木齐
2001/3/23,136,乌鲁木齐
2001/3/25,98,乌鲁木齐
2001/3/26,110,乌鲁木齐
2001/3/27,108,乌鲁木齐
2001/3/28,192,乌鲁木齐
2001/3/29,159,乌鲁木齐
2001/3/30,105,乌鲁木齐
2001/3/31,106,乌鲁木齐
2001/4/1,92,乌鲁木齐
2001/4/2,471,乌鲁木齐
2001/4/3,68,乌鲁木齐
2001/4/4,89,乌鲁木齐
2001/4/5,142,乌鲁木齐
2001/4/6,500,乌鲁木齐
2001/4/7,198,乌鲁木齐
2001/4/8,500,乌鲁木齐
2001/4/9,99,乌鲁木齐
2001/4/10,131,乌鲁木齐
2001/4/11,348,乌鲁木齐
2001/4/12,347,乌鲁木齐
2001/4/13,219,乌鲁木齐
2001/4/14,296,乌鲁木齐
2001/4/15,175,乌鲁木齐
2001/4/16,163,乌鲁木齐
2001/4/17,118,乌鲁木齐
2001/4/18,81,乌鲁木齐
2001/4/19,73,乌鲁木齐
2001/4/20,110,乌鲁木齐
2001/4/21,71,乌鲁木齐
2001/4/22,80,乌鲁木齐
2001/4/23,80,乌鲁木齐
2001/4/24,80,乌鲁木齐
2001/4/25,102,乌鲁木齐
2001/4/26,100,乌鲁木齐
2001/4/27,82,乌鲁木齐
2001/4/28,80,乌鲁木齐
2001/4/29,160,乌鲁木齐
2001/4/30,127,乌鲁木齐
2001/5/1,112,乌鲁木齐
2001/5/2,88,乌鲁木齐
2001/5/3,90,乌鲁木齐
2001/5/4,489,乌鲁木齐
2001/5/5,105,乌鲁木齐
2001/5/6,63,乌鲁木齐
2001/5/7,99,乌鲁木齐
2001/5/8,80,乌鲁木齐
2001/5/9,103,乌鲁木齐
2001/5/10,101,乌鲁木齐
2001/5/11,266,乌鲁木齐
2001/5/12,500,乌鲁木齐
2001/5/13,98,乌鲁木齐
2001/5/14,102,乌鲁木齐
2001/5/15,113,乌鲁木齐
2001/5/16,96,乌鲁木齐
2001/5/17,154,乌鲁木齐
2001/5/17,98,乌鲁木齐
2001/5/17,98,乌鲁木齐
2001/5/18,93,乌鲁木齐
2001/5/19,108,乌鲁木齐
2001/5/20,95,乌鲁木齐
2001/5/21,72,乌鲁木齐
2001/5/22,74,乌鲁木齐
2001/5/23,108,乌鲁木齐
2001/5/24,93,乌鲁木齐
2001/5/25,83,乌鲁木齐
2001/5/26,84,乌鲁木齐
2001/5/27,94,乌鲁木齐
2001/5/28,88,乌鲁木齐
2001/5/29,90,乌鲁木齐
2001/5/30,107,乌鲁木齐
2001/5/31,99,乌鲁木齐
2001/6/1,107,乌鲁木齐
2001/6/2,98,乌鲁木齐
2001/6/3,177,乌鲁木齐
2001/6/4,75,乌鲁木齐
2001/6/5,87,乌鲁木齐
2001/6/6,97,乌鲁木齐
2001/6/8,84,乌鲁木齐
2001/6/9,71,乌鲁木齐
2001/6/10,97,乌鲁木齐
2001/6/11,97,乌鲁木齐
2001/6/12,100,乌鲁木齐
2001/6/13,65,乌鲁木齐
2001/6/14,93,乌鲁木齐
2001/6/15,69,乌鲁木齐
2001/6/16,69,乌鲁木齐
2001/6/17,78,乌鲁木齐
2001/6/18,84,乌鲁木齐
2001/6/19,91,乌鲁木齐
2001/6/20,108,乌鲁木齐
2001/6/21,90,乌鲁木齐
2001/6/22,77,乌鲁木齐
2001/6/23,80,乌鲁木齐
2001/6/24,54,乌鲁木齐
2001/6/25,68,乌鲁木齐
2001/6/26,69,乌鲁木齐
2001/6/27,85,乌鲁木齐
2001/6/28,85,乌鲁木齐
2001/6/29,145,乌鲁木齐
2001/6/30,79,乌鲁木齐
2001/7/1,76,乌鲁木齐
2001/7/2,89,乌鲁木齐
2001/7/3,102,乌鲁木齐
2001/7/4,81,乌鲁木齐
2001/7/5,64,乌鲁木齐
2001/7/6,58,乌鲁木齐
2001/7/7,94,乌鲁木齐
2001/7/8,87,乌鲁木齐
2001/7/9,72,乌鲁木齐
2001/7/10,72,乌鲁木齐
2001/7/11,74,乌鲁木齐
2001/7/12,93,乌鲁木齐
2001/7/13,121,乌鲁木齐
2001/7/14,109,乌鲁木齐
2001/7/15,88,乌鲁木齐
2001/7/16,83,乌鲁木齐
2001/7/17,89,乌鲁木齐
2001/7/18,104,乌鲁木齐
2001/7/19,120,乌鲁木齐
2001/7/20,110,乌鲁木齐
2001/7/21,67,乌鲁木齐
2001/7/22,75,乌鲁木齐
2001/7/23,74,乌鲁木齐
2001/7/24,83,乌鲁木齐
2001/7/25,63,乌鲁木齐
2001/7/26,78,乌鲁木齐
2001/7/27,70,乌鲁木齐
2001/7/28,83,乌鲁木齐
2001/7/29,69,乌鲁木齐
2001/7/30,42,乌鲁木齐
2001/7/31,35,乌鲁木齐
2001/8/1,45,乌鲁木齐
2001/8/2,74,乌鲁木齐
2001/8/3,102,乌鲁木齐
2001/8/4,104,乌鲁木齐
2001/8/5,108,乌鲁木齐
2001/8/6,93,乌鲁木齐
2001/8/7,100,乌鲁木齐
2001/8/8,96,乌鲁木齐
2001/8/9,77,乌鲁木齐
2001/8/10,76,乌鲁木齐
2001/8/11,80,乌鲁木齐
2001/8/12,98,乌鲁木齐
2001/8/13,88,乌鲁木齐
2001/8/14,89,乌鲁木齐
2001/8/15,95,乌鲁木齐
2001/8/16,84,乌鲁木齐
2001/8/17,70,乌鲁木齐
2001/8/18,86,乌鲁木齐
2001/8/19,98,乌鲁木齐
2001/8/20,73,乌鲁木齐
2001/8/21,87,乌鲁木齐
2001/8/22,93,乌鲁木齐
2001/8/23,97,乌鲁木齐
2001/8/24,95,乌鲁木齐
2001/8/25,92,乌鲁木齐
2001/8/26,95,乌鲁木齐
2001/8/27,68,乌鲁木齐
2001/8/28,63,乌鲁木齐
2001/8/29,89,乌鲁木齐
2001/8/30,61,乌鲁木齐
2001/8/31,103,乌鲁木齐
2001/9/1,68,乌鲁木齐
2001/9/2,95,乌鲁木齐
2001/9/3,106,乌鲁木齐
2001/9/4,94,乌鲁木齐
2001/9/5,76,乌鲁木齐
2001/9/6,76,乌鲁木齐
2001/9/7,86,乌鲁木齐
2001/9/8,83,乌鲁木齐
2001/9/9,97,乌鲁木齐
2001/9/10,84,乌鲁木齐
2001/9/11,73,乌鲁木齐
2001/9/12,74,乌鲁木齐
2001/9/13,63,乌鲁木齐
2001/9/14,51,乌鲁木齐
2001/9/15,60,乌鲁木齐
2001/9/16,75,乌鲁木齐
2001/9/17,94,乌鲁木齐
2001/9/18,101,乌鲁木齐
2001/9/19,97,乌鲁木齐
2001/9/20,83,乌鲁木齐
2001/9/21,68,乌鲁木齐
2001/9/22,87,乌鲁木齐
2001/9/23,102,乌鲁木齐
2001/9/24,79,乌鲁木齐
2001/9/25,95,乌鲁木齐
2001/9/26,92,乌鲁木齐
2001/9/27,71,乌鲁木齐
2001/9/28,94,乌鲁木齐
2001/9/29,111,乌鲁木齐
2001/9/30,91,乌鲁木齐
2001/10/1,88,乌鲁木齐
2001/10/2,81,乌鲁木齐
2001/10/3,94,乌鲁木齐
2001/10/4,88,乌鲁木齐
2001/10/5,104,乌鲁木齐
2001/10/6,107,乌鲁木齐
2001/10/7,72,乌鲁木齐
2001/10/8,96,乌鲁木齐
2001/10/9,115,乌鲁木齐
2001/10/10,155,乌鲁木齐
2001/10/11,51,乌鲁木齐
2001/10/12,53,乌鲁木齐
2001/10/13,70,乌鲁木齐
2001/10/14,113,乌鲁木齐
2001/10/15,112,乌鲁木齐
2001/10/16,125,乌鲁木齐
2001/10/17,137,乌鲁木齐
2001/10/18,112,乌鲁木齐
2001/10/19,69,乌鲁木齐
2001/10/20,123,乌鲁木齐
2001/10/21,169,乌鲁木齐
2001/10/22,105,乌鲁木齐
2001/10/23,140,乌鲁木齐
2001/10/24,108,乌鲁木齐
2001/10/25,69,乌鲁木齐
2001/10/26,119,乌鲁木齐
2001/10/27,124,乌鲁木齐
2001/10/28,104,乌鲁木齐
2001/10/29,53,乌鲁木齐
2001/10/30,89,乌鲁木齐
2001/10/31,111,乌鲁木齐
2001/11/2,123,乌鲁木齐
2001/11/3,128,乌鲁木齐
2001/11/4,148,乌鲁木齐
2001/11/5,129,乌鲁木齐
2001/11/6,154,乌鲁木齐
2001/11/7,181,乌鲁木齐
2001/11/8,164,乌鲁木齐
2001/11/9,163,乌鲁木齐
2001/11/10,169,乌鲁木齐
2001/11/11,176,乌鲁木齐
2001/11/12,135,乌鲁木齐
2001/11/13,171,乌鲁木齐
2001/11/14,170,乌鲁木齐
2001/11/15,134,乌鲁木齐
2001/11/16,246,乌鲁木齐
2001/11/17,158,乌鲁木齐
2001/11/18,205,乌鲁木齐
2001/11/19,173,乌鲁木齐
2001/11/20,229,乌鲁木齐
2001/11/21,170,乌鲁木齐
2001/11/22,110,乌鲁木齐
2001/11/23,131,乌鲁木齐
2001/11/24,116,乌鲁木齐
2001/11/25,126,乌鲁木齐
2001/11/26,123,乌鲁木齐
2001/11/27,126,乌鲁木齐
2001/11/28,113,乌鲁木齐
2001/11/29,101,乌鲁木齐
2001/11/30,120,乌鲁木齐
2001/12/1,160,乌鲁木齐
2001/12/3,150,乌鲁木齐
2001/12/4,163,乌鲁木齐
2001/12/5,243,乌鲁木齐
2001/12/6,162,乌鲁木齐
2001/12/7,163,乌鲁木齐
2001/12/8,367,乌鲁木齐
2001/12/9,190,乌鲁木齐
2001/12/10,130,乌鲁木齐
2001/12/11,128,乌鲁木齐
2001/12/12,171,乌鲁木齐
2001/12/13,374,乌鲁木齐
2001/12/14,216,乌鲁木齐
2001/12/15,188,乌鲁木齐
2001/12/16,416,乌鲁木齐
2001/12/17,209,乌鲁木齐
2001/12/19,309,乌鲁木齐
2001/12/20,392,乌鲁木齐
2001/12/21,500,乌鲁木齐
2001/12/22,275,乌鲁木齐
2001/12/23,208,乌鲁木齐
2001/12/24,152,乌鲁木齐
2001/12/25,205,乌鲁木齐
2001/12/26,178,乌鲁木齐
2001/12/27,378,乌鲁木齐
2001/12/28,344,乌鲁木齐
2001/12/29,463,乌鲁木齐
2001/12/30,171,乌鲁木齐
2001/12/31,208,乌鲁木齐
2002/1/1,418,乌鲁木齐
2002/1/2,313,乌鲁木齐
2002/1/3,500,乌鲁木齐
2002/1/4,375,乌鲁木齐
2002/1/5,220,乌鲁木齐
2002/1/6,186,乌鲁木齐
2002/1/7,310,乌鲁木齐
2002/1/8,136,乌鲁木齐
2002/1/9,190,乌鲁木齐
2002/1/10,162,乌鲁木齐
2002/1/11,103,乌鲁木齐
2002/1/12,110,乌鲁木齐
2002/1/13,107,乌鲁木齐
2002/1/14,96,乌鲁木齐
2002/1/15,122,乌鲁木齐
2002/1/16,136,乌鲁木齐
2002/1/17,202,乌鲁木齐
2002/1/18,272,乌鲁木齐
2002/1/19,119,乌鲁木齐
2002/1/20,170,乌鲁木齐
2002/1/21,193,乌鲁木齐
2002/1/22,246,乌鲁木齐
2002/1/23,289,乌鲁木齐
2002/1/24,230,乌鲁木齐
2002/1/25,457,乌鲁木齐
2002/1/26,431,乌鲁木齐
2002/1/27,402,乌鲁木齐
2002/1/28,368,乌鲁木齐
2002/1/29,500,乌鲁木齐
2002/1/30,439,乌鲁木齐
2002/1/31,429,乌鲁木齐
2002/2/1,212,乌鲁木齐
2002/2/2,367,乌鲁木齐
2002/2/3,178,乌鲁木齐
2002/2/4,170,乌鲁木齐
2002/2/5,310,乌鲁木齐
2002/2/6,130,乌鲁木齐
2002/2/7,116,乌鲁木齐
2002/2/8,127,乌鲁木齐
2002/2/9,185,乌鲁木齐
2002/2/10,154,乌鲁木齐
2002/2/11,325,乌鲁木齐
2002/2/12,345,乌鲁木齐
2002/2/13,152,乌鲁木齐
2002/2/14,262,乌鲁木齐
2002/2/15,368,乌鲁木齐
2002/2/16,230,乌鲁木齐
2002/2/17,154,乌鲁木齐
2002/2/18,145,乌鲁木齐
2002/2/19,109,乌鲁木齐
2002/2/20,103,乌鲁木齐
2002/2/21,101,乌鲁木齐
2002/2/22,103,乌鲁木齐
2002/2/23,112,乌鲁木齐
2002/2/24,110,乌鲁木齐
2002/2/25,151,乌鲁木齐
2002/2/26,129,乌鲁木齐
2002/2/27,153,乌鲁木齐
2002/2/28,255,乌鲁木齐
2002/3/1,300,乌鲁木齐
2002/3/2,199,乌鲁木齐
2002/3/3,156,乌鲁木齐
2002/3/4,177,乌鲁木齐
2002/3/5,179,乌鲁木齐
2002/3/6,193,乌鲁木齐
2002/3/7,444,乌鲁木齐
2002/3/8,116,乌鲁木齐
2002/3/9,115,乌鲁木齐
2002/3/10,116,乌鲁木齐
2002/3/11,112,乌鲁木齐
2002/3/12,148,乌鲁木齐
2002/3/13,109,乌鲁木齐
2002/3/14,106,乌鲁木齐
2002/3/15,106,乌鲁木齐
2002/3/16,108,乌鲁木齐
2002/3/17,121,乌鲁木齐
2002/3/18,132,乌鲁木齐
2002/3/19,82,乌鲁木齐
2002/3/20,90,乌鲁木齐
2002/3/21,98,乌鲁木齐
2002/3/22,103,乌鲁木齐
2002/3/23,129,乌鲁木齐
2002/3/24,106,乌鲁木齐
2002/3/25,103,乌鲁木齐
2002/3/26,96,乌鲁木齐
2002/3/27,80,乌鲁木齐
2002/3/28,80,乌鲁木齐
2002/3/29,80,乌鲁木齐
2002/3/30,85,乌鲁木齐
2002/3/31,115,乌鲁木齐
2002/4/1,69,乌鲁木齐
2002/4/2,68,乌鲁木齐
2002/4/3,98,乌鲁木齐
2002/4/4,80,乌鲁木齐
2002/4/5,76,乌鲁木齐
2002/4/6,108,乌鲁木齐
2002/4/7,103,乌鲁木齐
2002/4/8,94,乌鲁木齐
2002/4/9,95,乌鲁木齐
2002/4/10,116,乌鲁木齐
2002/4/11,91,乌鲁木齐
2002/4/12,98,乌鲁木齐
2002/4/14,133,乌鲁木齐
2002/4/15,88,乌鲁木齐
2002/4/16,94,乌鲁木齐
2002/4/17,130,乌鲁木齐
2002/4/18,117,乌鲁木齐
2002/4/19,83,乌鲁木齐
2002/4/20,72,乌鲁木齐
2002/4/21,43,乌鲁木齐
2002/4/22,72,乌鲁木齐
2002/4/23,97,乌鲁木齐
2002/4/24,77,乌鲁木齐
2002/4/25,81,乌鲁木齐
2002/4/26,75,乌鲁木齐
2002/4/27,113,乌鲁木齐
2002/4/28,76,乌鲁木齐
2002/4/29,35,乌鲁木齐
2002/4/30,52,乌鲁木齐
2002/5/1,57,乌鲁木齐
2002/5/2,59,乌鲁木齐
2002/5/3,63,乌鲁木齐
2002/5/4,86,乌鲁木齐
2002/5/5,69,乌鲁木齐
2002/5/6,77,乌鲁木齐
2002/5/8,69,乌鲁木齐
2002/5/9,82,乌鲁木齐
2002/5/10,75,乌鲁木齐
2002/5/11,50,乌鲁木齐
2002/5/12,68,乌鲁木齐
2002/5/13,73,乌鲁木齐
2002/5/14,81,乌鲁木齐
2002/5/15,130,乌鲁木齐
2002/5/16,67,乌鲁木齐
2002/5/17,69,乌鲁木齐
2002/5/18,64,乌鲁木齐
2002/5/19,67,乌鲁木齐
2002/5/20,71,乌鲁木齐
2002/5/21,75,乌鲁木齐
2002/5/22,66,乌鲁木齐
2002/5/23,79,乌鲁木齐
2002/5/24,88,乌鲁木齐
2002/5/25,75,乌鲁木齐
2002/5/26,69,乌鲁木齐
2002/5/27,91,乌鲁木齐
2002/5/28,103,乌鲁木齐
2002/5/29,88,乌鲁木齐
2002/5/30,76,乌鲁木齐
2002/5/31,81,乌鲁木齐
2002/6/1,82,乌鲁木齐
2002/6/2,94,乌鲁木齐
2002/6/3,96,乌鲁木齐
2002/6/4,90,乌鲁木齐
2002/6/5,72,乌鲁木齐
2002/6/6,64,乌鲁木齐
2002/6/7,63,乌鲁木齐
2002/6/8,52,乌鲁木齐
2002/6/9,55,乌鲁木齐
2002/6/10,64,乌鲁木齐
2002/6/11,65,乌鲁木齐
2002/6/12,55,乌鲁木齐
2002/6/13,65,乌鲁木齐
2002/6/14,63,乌鲁木齐
2002/6/15,63,乌鲁木齐
2002/6/16,40,乌鲁木齐
2002/6/17,61,乌鲁木齐
2002/6/18,45,乌鲁木齐
2002/6/20,54,乌鲁木齐
2002/6/21,43,乌鲁木齐
2002/6/22,48,乌鲁木齐
2002/6/23,71,乌鲁木齐
2002/6/24,65,乌鲁木齐
2002/6/25,48,乌鲁木齐
2002/6/26,51,乌鲁木齐
2002/6/27,79,乌鲁木齐
2002/6/28,67,乌鲁木齐
2002/6/29,67,乌鲁木齐
2002/6/30,59,乌鲁木齐
2002/7/1,78,乌鲁木齐
2002/7/2,54,乌鲁木齐
2002/7/3,70,乌鲁木齐
2002/7/4,32,乌鲁木齐
2002/7/5,48,乌鲁木齐
2002/7/6,38,乌鲁木齐
2002/7/7,50,乌鲁木齐
2002/7/8,55,乌鲁木齐
2002/7/9,50,乌鲁木齐
2002/7/10,60,乌鲁木齐
2002/7/11,57,乌鲁木齐
2002/7/12,52,乌鲁木齐
2002/7/13,54,乌鲁木齐
2002/7/14,53,乌鲁木齐
2002/7/15,60,乌鲁木齐
2002/7/16,68,乌鲁木齐
2002/7/17,66,乌鲁木齐
2002/7/18,60,乌鲁木齐
2002/7/19,60,乌鲁木齐
2002/7/20,69,乌鲁木齐
2002/7/21,73,乌鲁木齐
2002/7/22,63,乌鲁木齐
2002/7/23,51,乌鲁木齐
2002/7/24,54,乌鲁木齐
2002/7/25,39,乌鲁木齐
2002/7/26,85,乌鲁木齐
2002/7/27,59,乌鲁木齐
2002/7/28,63,乌鲁木齐
2002/7/29,57,乌鲁木齐
2002/7/30,65,乌鲁木齐
2002/7/31,53,乌鲁木齐
2002/8/1,64,乌鲁木齐
2002/8/2,59,乌鲁木齐
2002/8/3,63,乌鲁木齐
2002/8/4,59,乌鲁木齐
2002/8/5,60,乌鲁木齐
2002/8/6,74,乌鲁木齐
2002/8/7,59,乌鲁木齐
2002/8/8,64,乌鲁木齐
2002/8/9,60,乌鲁木齐
2002/8/10,69,乌鲁木齐
2002/8/11,72,乌鲁木齐
2002/8/12,62,乌鲁木齐
2002/8/13,76,乌鲁木齐
2002/8/14,78,乌鲁木齐
2002/8/15,72,乌鲁木齐
2002/8/16,54,乌鲁木齐
2002/8/17,58,乌鲁木齐
2002/8/18,56,乌鲁木齐
2002/8/19,70,乌鲁木齐
2002/8/20,116,乌鲁木齐
2002/8/21,86,乌鲁木齐
2002/8/22,136,乌鲁木齐
2002/8/23,112,乌鲁木齐
2002/8/24,70,乌鲁木齐
2002/8/25,87,乌鲁木齐
2002/8/26,84,乌鲁木齐
2002/8/27,63,乌鲁木齐
2002/8/28,85,乌鲁木齐
2002/8/29,84,乌鲁木齐
2002/8/30,82,乌鲁木齐
2002/8/31,56,乌鲁木齐
2002/9/1,57,乌鲁木齐
2002/9/2,53,乌鲁木齐
2002/9/3,62,乌鲁木齐
2002/9/4,76,乌鲁木齐
2002/9/5,69,乌鲁木齐
2002/9/6,85,乌鲁木齐
2002/9/7,82,乌鲁木齐
2002/9/8,54,乌鲁木齐
2002/9/9,56,乌鲁木齐
2002/9/10,81,乌鲁木齐
2002/9/11,80,乌鲁木齐
2002/9/12,90,乌鲁木齐
2002/9/13,93,乌鲁木齐
2002/9/14,95,乌鲁木齐
2002/9/15,82,乌鲁木齐
2002/9/16,59,乌鲁木齐
2002/9/17,63,乌鲁木齐
2002/9/18,57,乌鲁木齐
2002/9/19,88,乌鲁木齐
2002/9/20,106,乌鲁木齐
2002/9/21,85,乌鲁木齐
2002/9/22,100,乌鲁木齐
2002/9/23,103,乌鲁木齐
2002/9/24,80,乌鲁木齐
2002/9/26,113,乌鲁木齐
2002/9/27,94,乌鲁木齐
2002/9/28,122,乌鲁木齐
2002/9/29,98,乌鲁木齐
2002/9/30,92,乌鲁木齐
2002/10/1,95,乌鲁木齐
2002/10/2,93,乌鲁木齐
2002/10/3,87,乌鲁木齐
2002/10/4,64,乌鲁木齐
2002/10/5,101,乌鲁木齐
2002/10/6,111,乌鲁木齐
2002/10/7,130,乌鲁木齐
2002/10/8,80,乌鲁木齐
2002/10/9,71,乌鲁木齐
2002/10/10,76,乌鲁木齐
2002/10/11,89,乌鲁木齐
2002/10/12,79,乌鲁木齐
2002/10/13,78,乌鲁木齐
2002/10/14,97,乌鲁木齐
2002/10/15,54,乌鲁木齐
2002/10/16,33,乌鲁木齐
2002/10/17,59,乌鲁木齐
2002/10/18,80,乌鲁木齐
2002/10/19,61,乌鲁木齐
2002/10/21,106,乌鲁木齐
2002/10/22,81,乌鲁木齐
2002/10/23,82,乌鲁木齐
2002/10/24,126,乌鲁木齐
2002/10/25,106,乌鲁木齐
2002/10/27,133,乌鲁木齐
2002/10/28,112,乌鲁木齐
2002/10/29,100,乌鲁木齐
2002/10/30,85,乌鲁木齐
2002/10/31,93,乌鲁木齐
2002/11/1,107,乌鲁木齐
2002/11/2,128,乌鲁木齐
2002/11/3,111,乌鲁木齐
2002/11/4,99,乌鲁木齐
2002/11/5,117,乌鲁木齐
2002/11/6,87,乌鲁木齐
2002/11/7,126,乌鲁木齐
2002/11/8,134,乌鲁木齐
2002/11/9,136,乌鲁木齐
2002/11/10,76,乌鲁木齐
2002/11/11,109,乌鲁木齐
2002/11/12,120,乌鲁木齐
2002/11/13,161,乌鲁木齐
2002/11/14,342,乌鲁木齐
2002/11/15,403,乌鲁木齐
2002/11/16,305,乌鲁木齐
2002/11/17,56,乌鲁木齐
2002/11/18,83,乌鲁木齐
2002/11/19,87,乌鲁木齐
2002/11/20,111,乌鲁木齐
2002/11/21,86,乌鲁木齐
2002/11/22,87,乌鲁木齐
2002/11/23,64,乌鲁木齐
2002/11/24,122,乌鲁木齐
2002/11/25,268,乌鲁木齐
2002/11/26,232,乌鲁木齐
2002/11/27,95,乌鲁木齐
2002/11/28,82,乌鲁木齐
2002/11/29,186,乌鲁木齐
2002/11/30,157,乌鲁木齐
2002/12/1,379,乌鲁木齐
2002/12/2,179,乌鲁木齐
2002/12/3,152,乌鲁木齐
2002/12/4,142,乌鲁木齐
2002/12/5,87,乌鲁木齐
2002/12/6,74,乌鲁木齐
2002/12/7,276,乌鲁木齐
2002/12/8,157,乌鲁木齐
2002/12/9,170,乌鲁木齐
2002/12/10,178,乌鲁木齐
2002/12/11,186,乌鲁木齐
2002/12/13,289,乌鲁木齐
2002/12/14,174,乌鲁木齐
2002/12/15,398,乌鲁木齐
2002/12/16,90,乌鲁木齐
2002/12/17,77,乌鲁木齐
2002/12/18,101,乌鲁木齐
2002/12/19,63,乌鲁木齐
2002/12/20,65,乌鲁木齐
2002/12/21,84,乌鲁木齐
2002/12/22,193,乌鲁木齐
2002/12/23,92,乌鲁木齐
2002/12/24,130,乌鲁木齐
2002/12/25,87,乌鲁木齐
2002/12/26,102,乌鲁木齐
2002/12/27,152,乌鲁木齐
2002/12/28,162,乌鲁木齐
2002/12/29,155,乌鲁木齐
2002/12/30,145,乌鲁木齐
2002/12/31,212,乌鲁木齐
2003/1/1,73,乌鲁木齐
2003/1/2,83,乌鲁木齐
2003/1/3,69,乌鲁木齐
2003/1/4,153,乌鲁木齐
2003/1/5,174,乌鲁木齐
2003/1/6,273,乌鲁木齐
2003/1/7,167,乌鲁木齐
2003/1/8,353,乌鲁木齐
2003/1/9,406,乌鲁木齐
2003/1/10,363,乌鲁木齐
2003/1/11,149,乌鲁木齐
2003/1/12,104,乌鲁木齐
2003/1/13,118,乌鲁木齐
2003/1/14,259,乌鲁木齐
2003/1/15,178,乌鲁木齐
2003/1/16,322,乌鲁木齐
2003/1/17,128,乌鲁木齐
2003/1/18,122,乌鲁木齐
2003/1/19,131,乌鲁木齐
2003/1/20,70,乌鲁木齐
2003/1/21,70,乌鲁木齐
2003/1/22,102,乌鲁木齐
2003/1/23,139,乌鲁木齐
2003/1/24,93,乌鲁木齐
2003/1/25,64,乌鲁木齐
2003/1/26,235,乌鲁木齐
2003/1/27,99,乌鲁木齐
2003/1/28,162,乌鲁木齐
2003/1/29,500,乌鲁木齐
2003/1/30,500,乌鲁木齐
2003/1/31,161,乌鲁木齐
2003/2/1,240,乌鲁木齐
2003/2/2,177,乌鲁木齐
2003/2/3,118,乌鲁木齐
2003/2/4,157,乌鲁木齐
2003/2/5,186,乌鲁木齐
2003/2/6,354,乌鲁木齐
2003/2/7,181,乌鲁木齐
2003/2/8,129,乌鲁木齐
2003/2/9,80,乌鲁木齐
2003/2/10,74,乌鲁木齐
2003/2/11,130,乌鲁木齐
2003/2/12,155,乌鲁木齐
2003/2/13,160,乌鲁木齐
2003/2/14,114,乌鲁木齐
2003/2/15,101,乌鲁木齐
2003/2/16,147,乌鲁木齐
2003/2/17,192,乌鲁木齐
2003/2/18,91,乌鲁木齐
2003/2/19,62,乌鲁木齐
2003/2/20,78,乌鲁木齐
2003/2/21,126,乌鲁木齐
2003/2/22,348,乌鲁木齐
2003/2/23,95,乌鲁木齐
2003/2/24,75,乌鲁木齐
2003/2/25,107,乌鲁木齐
2003/2/26,58,乌鲁木齐
2003/2/27,78,乌鲁木齐
2003/2/28,92,乌鲁木齐
2003/3/1,85,乌鲁木齐
2003/3/2,73,乌鲁木齐
2003/3/3,65,乌鲁木齐
2003/3/4,92,乌鲁木齐
2003/3/5,51,乌鲁木齐
2003/3/6,72,乌鲁木齐
2003/3/7,108,乌鲁木齐
2003/3/8,139,乌鲁木齐
2003/3/9,99,乌鲁木齐
2003/3/10,67,乌鲁木齐
2003/3/11,85,乌鲁木齐
2003/3/12,81,乌鲁木齐
2003/3/13,66,乌鲁木齐
2003/3/14,71,乌鲁木齐
2003/3/15,52,乌鲁木齐
2003/3/16,81,乌鲁木齐
2003/3/18,111,乌鲁木齐
2003/3/19,112,乌鲁木齐
2003/3/20,101,乌鲁木齐
2003/3/21,88,乌鲁木齐
2003/3/22,131,乌鲁木齐
2003/3/23,129,乌鲁木齐
2003/3/24,102,乌鲁木齐
2003/3/25,71,乌鲁木齐
2003/3/26,73,乌鲁木齐
2003/3/27,90,乌鲁木齐
2003/3/28,112,乌鲁木齐
2003/3/29,81,乌鲁木齐
2003/3/30,49,乌鲁木齐
2003/3/31,67,乌鲁木齐
2003/4/1,61,乌鲁木齐
2003/4/2,58,乌鲁木齐
2003/4/3,51,乌鲁木齐
2003/4/4,38,乌鲁木齐
2003/4/5,64,乌鲁木齐
2003/4/6,60,乌鲁木齐
2003/4/7,79,乌鲁木齐
2003/4/8,55,乌鲁木齐
2003/4/9,47,乌鲁木齐
2003/4/10,58,乌鲁木齐
2003/4/11,65,乌鲁木齐
2003/4/12,58,乌鲁木齐
2003/4/13,70,乌鲁木齐
2003/4/14,90,乌鲁木齐
2003/4/15,55,乌鲁木齐
2003/4/16,40,乌鲁木齐
2003/4/17,42,乌鲁木齐
2003/4/18,43,乌鲁木齐
2003/4/19,54,乌鲁木齐
2003/4/20,55,乌鲁木齐
2003/4/21,66,乌鲁木齐
2003/4/22,47,乌鲁木齐
2003/4/23,65,乌鲁木齐
2003/4/25,65,乌鲁木齐
2003/4/26,50,乌鲁木齐
2003/4/27,50,乌鲁木齐
2003/4/29,81,乌鲁木齐
2003/4/30,94,乌鲁木齐
2003/5/1,89,乌鲁木齐
2003/5/2,51,乌鲁木齐
2003/5/3,23,乌鲁木齐
2003/5/4,31,乌鲁木齐
2003/5/5,32,乌鲁木齐
2003/5/6,56,乌鲁木齐
2003/5/7,55,乌鲁木齐
2003/5/8,63,乌鲁木齐
2003/5/9,63,乌鲁木齐
2003/5/10,52,乌鲁木齐
2003/5/11,34,乌鲁木齐
2003/5/12,55,乌鲁木齐
2003/5/13,67,乌鲁木齐
2003/5/14,57,乌鲁木齐
2003/5/15,58,乌鲁木齐
2003/5/16,50,乌鲁木齐
2003/5/17,62,乌鲁木齐
2003/5/18,59,乌鲁木齐
2003/5/19,46,乌鲁木齐
2003/5/20,32,乌鲁木齐
2003/5/21,28,乌鲁木齐
2003/5/22,35,乌鲁木齐
2003/5/23,45,乌鲁木齐
2003/5/24,56,乌鲁木齐
2003/5/25,32,乌鲁木齐
2003/5/26,33,乌鲁木齐
2003/5/27,68,乌鲁木齐
2003/5/28,61,乌鲁木齐
2003/5/29,54,乌鲁木齐
2003/5/30,51,乌鲁木齐
2003/5/31,47,乌鲁木齐
2003/6/1,49,乌鲁木齐
2003/6/2,59,乌鲁木齐
2003/6/3,47,乌鲁木齐
2003/6/4,57,乌鲁木齐
2003/6/5,47,乌鲁木齐
2003/6/6,51,乌鲁木齐
2003/6/7,46,乌鲁木齐
2003/6/8,34,乌鲁木齐
2003/6/9,43,乌鲁木齐
2003/6/10,32,乌鲁木齐
2003/6/11,51,乌鲁木齐
2003/6/12,56,乌鲁木齐
2003/6/13,51,乌鲁木齐
2003/6/14,44,乌鲁木齐
2003/6/15,53,乌鲁木齐
2003/6/16,57,乌鲁木齐
2003/6/17,61,乌鲁木齐
2003/6/18,58,乌鲁木齐
2003/6/19,51,乌鲁木齐
2003/6/20,55,乌鲁木齐
2003/6/21,49,乌鲁木齐
2003/6/22,41,乌鲁木齐
2003/6/23,56,乌鲁木齐
2003/6/24,29,乌鲁木齐
2003/6/25,30,乌鲁木齐
2003/6/26,41,乌鲁木齐
2003/6/27,47,乌鲁木齐
2003/6/28,40,乌鲁木齐
2003/6/29,43,乌鲁木齐
2003/6/30,33,乌鲁木齐
2003/7/1,43,乌鲁木齐
2003/7/2,31,乌鲁木齐
2003/7/3,31,乌鲁木齐
2003/7/4,33,乌鲁木齐
2003/7/5,47,乌鲁木齐
2003/7/6,61,乌鲁木齐
2003/7/7,32,乌鲁木齐
2003/7/8,46,乌鲁木齐
2003/7/9,53,乌鲁木齐
2003/7/10,38,乌鲁木齐
2003/7/11,33,乌鲁木齐
2003/7/12,54,乌鲁木齐
2003/7/13,43,乌鲁木齐
2003/7/14,24,乌鲁木齐
2003/7/15,50,乌鲁木齐
2003/7/16,53,乌鲁木齐
2003/7/17,46,乌鲁木齐
2003/7/18,61,乌鲁木齐
2003/7/19,60,乌鲁木齐
2003/7/20,38,乌鲁木齐
2003/7/21,53,乌鲁木齐
2003/7/22,55,乌鲁木齐
2003/7/23,46,乌鲁木齐
2003/7/24,33,乌鲁木齐
2003/7/25,58,乌鲁木齐
2003/7/26,43,乌鲁木齐
2003/7/27,41,乌鲁木齐
2003/7/28,34,乌鲁木齐
2003/7/29,22,乌鲁木齐
2003/7/30,31,乌鲁木齐
2003/7/31,39,乌鲁木齐
2003/8/1,35,乌鲁木齐
2003/8/2,44,乌鲁木齐
2003/8/3,44,乌鲁木齐
2003/8/4,35,乌鲁木齐
2003/8/5,27,乌鲁木齐
2003/8/6,32,乌鲁木齐
2003/8/7,33,乌鲁木齐
2003/8/8,24,乌鲁木齐
2003/8/9,27,乌鲁木齐
2003/8/10,36,乌鲁木齐
2003/8/11,44,乌鲁木齐
2003/8/12,42,乌鲁木齐
2003/8/14,50,乌鲁木齐
2003/8/15,50,乌鲁木齐
2003/8/16,49,乌鲁木齐
2003/8/17,51,乌鲁木齐
2003/8/18,59,乌鲁木齐
2003/8/19,45,乌鲁木齐
2003/8/20,39,乌鲁木齐
2003/8/21,51,乌鲁木齐
2003/8/22,39,乌鲁木齐
2003/8/23,46,乌鲁木齐
2003/8/24,55,乌鲁木齐
2003/8/25,42,乌鲁木齐
2003/8/26,38,乌鲁木齐
2003/8/27,29,乌鲁木齐
2003/8/28,35,乌鲁木齐
2003/8/29,51,乌鲁木齐
2003/8/30,52,乌鲁木齐
2003/8/31,41,乌鲁木齐
2003/9/1,42,乌鲁木齐
2003/9/2,54,乌鲁木齐
2003/9/3,57,乌鲁木齐
2003/9/4,53,乌鲁木齐
2003/9/5,52,乌鲁木齐
2003/9/6,64,乌鲁木齐
2003/9/7,57,乌鲁木齐
2003/9/8,77,乌鲁木齐
2003/9/9,81,乌鲁木齐
2003/9/10,74,乌鲁木齐
2003/9/11,83,乌鲁木齐
2003/9/12,60,乌鲁木齐
2003/9/13,78,乌鲁木齐
2003/9/14,55,乌鲁木齐
2003/9/15,46,乌鲁木齐
2003/9/16,42,乌鲁木齐
2003/9/17,47,乌鲁木齐
2003/9/18,50,乌鲁木齐
2003/9/19,60,乌鲁木齐
2003/9/20,70,乌鲁木齐
2003/9/21,79,乌鲁木齐
2003/9/22,83,乌鲁木齐
2003/9/23,61,乌鲁木齐
2003/9/24,29,乌鲁木齐
2003/9/25,56,乌鲁木齐
2003/9/27,38,乌鲁木齐
2003/9/28,23,乌鲁木齐
2003/9/29,63,乌鲁木齐
2003/9/30,61,乌鲁木齐
2003/10/1,58,乌鲁木齐
2003/10/2,57,乌鲁木齐
2003/10/3,66,乌鲁木齐
2003/10/4,74,乌鲁木齐
2003/10/6,76,乌鲁木齐
2003/10/7,68,乌鲁木齐
2003/10/8,36,乌鲁木齐
2003/10/9,59,乌鲁木齐
2003/10/10,75,乌鲁木齐
2003/10/11,63,乌鲁木齐
2003/10/12,59,乌鲁木齐
2003/10/13,83,乌鲁木齐
2003/10/14,86,乌鲁木齐
2003/10/15,100,乌鲁木齐
2003/10/16,94,乌鲁木齐
2003/10/17,76,乌鲁木齐
2003/10/18,71,乌鲁木齐
2003/10/19,76,乌鲁木齐
2003/10/20,95,乌鲁木齐
2003/10/21,105,乌鲁木齐
2003/10/22,126,乌鲁木齐
2003/10/23,71,乌鲁木齐
2003/10/24,87,乌鲁木齐
2003/10/25,82,乌鲁木齐
2003/10/26,83,乌鲁木齐
2003/10/27,91,乌鲁木齐
2003/10/28,100,乌鲁木齐
2003/10/30,101,乌鲁木齐
2003/10/31,96,乌鲁木齐
2003/11/1,60,乌鲁木齐
2003/11/2,74,乌鲁木齐
2003/11/3,90,乌鲁木齐
2003/11/4,102,乌鲁木齐
2003/11/5,68,乌鲁木齐
2003/11/6,58,乌鲁木齐
2003/11/7,73,乌鲁木齐
2003/11/8,59,乌鲁木齐
2003/11/9,99,乌鲁木齐
2003/11/10,93,乌鲁木齐
2003/11/11,124,乌鲁木齐
2003/11/12,153,乌鲁木齐
2003/11/13,96,乌鲁木齐
2003/11/14,76,乌鲁木齐
2003/11/15,109,乌鲁木齐
2003/11/16,79,乌鲁木齐
2003/11/17,84,乌鲁木齐
2003/11/18,55,乌鲁木齐
2003/11/19,40,乌鲁木齐
2003/11/20,74,乌鲁木齐
2003/11/21,76,乌鲁木齐
2003/11/22,79,乌鲁木齐
2003/11/23,135,乌鲁木齐
2003/11/24,89,乌鲁木齐
2003/11/25,71,乌鲁木齐
2003/11/26,95,乌鲁木齐
2003/11/27,45,乌鲁木齐
2003/11/28,120,乌鲁木齐
2003/11/29,179,乌鲁木齐
2003/11/30,62,乌鲁木齐
2003/12/1,90,乌鲁木齐
2003/12/2,223,乌鲁木齐
2003/12/3,129,乌鲁木齐
2003/12/4,77,乌鲁木齐
2003/12/5,106,乌鲁木齐
2003/12/6,91,乌鲁木齐
2003/12/7,97,乌鲁木齐
2003/12/8,155,乌鲁木齐
2003/12/9,308,乌鲁木齐
2003/12/10,313,乌鲁木齐
2003/12/11,196,乌鲁木齐
2003/12/12,177,乌鲁木齐
2003/12/13,101,乌鲁木齐
2003/12/14,61,乌鲁木齐
2003/12/15,64,乌鲁木齐
2003/12/16,112,乌鲁木齐
2003/12/17,103,乌鲁木齐
2003/12/18,126,乌鲁木齐
2003/12/19,93,乌鲁木齐
2003/12/20,111,乌鲁木齐
2003/12/21,159,乌鲁木齐
2003/12/22,157,乌鲁木齐
2003/12/23,132,乌鲁木齐
2003/12/24,76,乌鲁木齐
2003/12/25,105,乌鲁木齐
2003/12/26,124,乌鲁木齐
2003/12/27,147,乌鲁木齐
2003/12/28,443,乌鲁木齐
2003/12/29,172,乌鲁木齐
2003/12/30,152,乌鲁木齐
2003/12/31,153,乌鲁木齐
2004/1/1,196,乌鲁木齐
2004/1/2,293,乌鲁木齐
2004/1/3,262,乌鲁木齐
2004/1/4,299,乌鲁木齐
2004/1/5,178,乌鲁木齐
2004/1/6,292,乌鲁木齐
2004/1/7,236,乌鲁木齐
2004/1/8,500,乌鲁木齐
2004/1/9,253,乌鲁木齐
2004/1/10,368,乌鲁木齐
2004/1/11,480,乌鲁木齐
2004/1/12,177,乌鲁木齐
2004/1/13,113,乌鲁木齐
2004/1/14,93,乌鲁木齐
2004/1/15,73,乌鲁木齐
2004/1/16,105,乌鲁木齐
2004/1/17,106,乌鲁木齐
2004/1/18,114,乌鲁木齐
2004/1/19,162,乌鲁木齐
2004/1/20,441,乌鲁木齐
2004/1/21,154,乌鲁木齐
2004/1/22,454,乌鲁木齐
2004/1/23,136,乌鲁木齐
2004/1/24,132,乌鲁木齐
2004/1/25,128,乌鲁木齐
2004/1/26,298,乌鲁木齐
2004/1/27,195,乌鲁木齐
2004/1/28,128,乌鲁木齐
2004/1/29,107,乌鲁木齐
2004/1/30,90,乌鲁木齐
2004/2/1,113,乌鲁木齐
2004/2/2,161,乌鲁木齐
2004/2/3,288,乌鲁木齐
2004/2/4,299,乌鲁木齐
2004/2/5,137,乌鲁木齐
2004/2/7,249,乌鲁木齐
2004/2/8,245,乌鲁木齐
2004/2/9,340,乌鲁木齐
2004/2/10,151,乌鲁木齐
2004/2/11,132,乌鲁木齐
2004/2/12,115,乌鲁木齐
2004/2/13,349,乌鲁木齐
2004/2/14,173,乌鲁木齐
2004/2/15,95,乌鲁木齐
2004/2/16,102,乌鲁木齐
2004/2/17,140,乌鲁木齐
2004/2/18,106,乌鲁木齐
2004/2/19,75,乌鲁木齐
2004/2/20,101,乌鲁木齐
2004/2/21,99,乌鲁木齐
2004/2/22,105,乌鲁木齐
2004/2/24,122,乌鲁木齐
2004/2/25,109,乌鲁木齐
2004/2/26,107,乌鲁木齐
2004/2/27,116,乌鲁木齐
2004/2/28,99,乌鲁木齐
2004/2/29,105,乌鲁木齐
2004/3/1,100,乌鲁木齐
2004/3/2,100,乌鲁木齐
2004/3/3,114,乌鲁木齐
2004/3/4,132,乌鲁木齐
2004/3/5,115,乌鲁木齐
2004/3/6,169,乌鲁木齐
2004/3/7,186,乌鲁木齐
2004/3/8,145,乌鲁木齐
2004/3/9,95,乌鲁木齐
2004/3/10,94,乌鲁木齐
2004/3/11,68,乌鲁木齐
2004/3/12,87,乌鲁木齐
2004/3/14,114,乌鲁木齐
2004/3/15,92,乌鲁木齐
2004/3/16,70,乌鲁木齐
2004/3/17,89,乌鲁木齐
2004/3/18,92,乌鲁木齐
2004/3/20,69,乌鲁木齐
2004/3/21,59,乌鲁木齐
2004/3/22,76,乌鲁木齐
2004/3/23,72,乌鲁木齐
2004/3/24,82,乌鲁木齐
2004/3/25,68,乌鲁木齐
2004/3/26,61,乌鲁木齐
2004/3/27,55,乌鲁木齐
2004/3/28,60,乌鲁木齐
2004/3/29,70,乌鲁木齐
2004/3/30,84,乌鲁木齐
2004/3/31,81,乌鲁木齐
2004/4/1,79,乌鲁木齐
2004/4/2,101,乌鲁木齐
2004/4/3,90,乌鲁木齐
2004/4/4,89,乌鲁木齐
2004/4/6,62,乌鲁木齐
2004/4/7,99,乌鲁木齐
2004/4/8,79,乌鲁木齐
2004/4/9,56,乌鲁木齐
2004/4/10,64,乌鲁木齐
2004/4/11,59,乌鲁木齐
2004/4/12,45,乌鲁木齐
2004/4/13,53,乌鲁木齐
2004/4/14,59,乌鲁木齐
2004/4/15,61,乌鲁木齐
2004/4/16,73,乌鲁木齐
2004/4/17,68,乌鲁木齐
2004/4/18,69,乌鲁木齐
2004/4/19,119,乌鲁木齐
2004/4/20,500,乌鲁木齐
2004/4/21,61,乌鲁木齐
2004/4/22,61,乌鲁木齐
2004/4/23,79,乌鲁木齐
2004/4/24,57,乌鲁木齐
2004/4/25,62,乌鲁木齐
2004/4/26,83,乌鲁木齐
2004/4/27,69,乌鲁木齐
2004/4/28,22,乌鲁木齐
2004/4/29,49,乌鲁木齐
2004/4/30,42,乌鲁木齐
2004/5/1,53,乌鲁木齐
2004/5/2,55,乌鲁木齐
2004/5/3,67,乌鲁木齐
2004/5/4,73,乌鲁木齐
2004/5/5,79,乌鲁木齐
2004/5/6,69,乌鲁木齐
2004/5/7,71,乌鲁木齐
2004/5/8,53,乌鲁木齐
2004/5/9,56,乌鲁木齐
2004/5/10,55,乌鲁木齐
2004/5/11,45,乌鲁木齐
2004/5/12,45,乌鲁木齐
2004/5/13,40,乌鲁木齐
2004/5/14,50,乌鲁木齐
2004/5/15,55,乌鲁木齐
2004/5/16,41,乌鲁木齐
2004/5/17,52,乌鲁木齐
2004/5/18,52,乌鲁木齐
2004/5/19,61,乌鲁木齐
2004/5/20,65,乌鲁木齐
2004/5/22,32,乌鲁木齐
2004/5/23,29,乌鲁木齐
2004/5/24,78,乌鲁木齐
2004/5/25,59,乌鲁木齐
2004/5/26,34,乌鲁木齐
2004/5/27,48,乌鲁木齐
2004/5/28,51,乌鲁木齐
2004/5/29,56,乌鲁木齐
2004/5/30,64,乌鲁木齐
2004/5/31,56,乌鲁木齐
2004/6/1,36,乌鲁木齐
2004/6/2,39,乌鲁木齐
2004/6/3,52,乌鲁木齐
2004/6/4,56,乌鲁木齐
2004/6/5,62,乌鲁木齐
2004/6/6,45,乌鲁木齐
2004/6/7,70,乌鲁木齐
2004/6/8,43,乌鲁木齐
2004/6/9,37,乌鲁木齐
2004/6/10,48,乌鲁木齐
2004/6/11,33,乌鲁木齐
2004/6/12,51,乌鲁木齐
2004/6/13,44,乌鲁木齐
2004/6/14,60,乌鲁木齐
2004/6/15,91,乌鲁木齐
2004/6/16,55,乌鲁木齐
2004/6/17,47,乌鲁木齐
2004/6/18,52,乌鲁木齐
2004/6/19,59,乌鲁木齐
2004/6/20,58,乌鲁木齐
2004/6/21,56,乌鲁木齐
2004/6/22,51,乌鲁木齐
2004/6/23,56,乌鲁木齐
2004/6/24,60,乌鲁木齐
2004/6/25,47,乌鲁木齐
2004/6/26,50,乌鲁木齐
2004/6/27,35,乌鲁木齐
2004/6/28,51,乌鲁木齐
2004/6/29,44,乌鲁木齐
2004/6/30,54,乌鲁木齐
2004/7/1,53,乌鲁木齐
2004/7/2,49,乌鲁木齐
2004/7/3,63,乌鲁木齐
2004/7/4,53,乌鲁木齐
2004/7/5,69,乌鲁木齐
2004/7/6,104,乌鲁木齐
2004/7/7,36,乌鲁木齐
2004/7/8,52,乌鲁木齐
2004/7/9,46,乌鲁木齐
2004/7/10,58,乌鲁木齐
2004/7/11,54,乌鲁木齐
2004/7/12,63,乌鲁木齐
2004/7/13,67,乌鲁木齐
2004/7/14,74,乌鲁木齐
2004/7/15,71,乌鲁木齐
2004/7/16,63,乌鲁木齐
2004/7/17,54,乌鲁木齐
2004/7/18,44,乌鲁木齐
2004/7/19,28,乌鲁木齐
2004/7/20,14,乌鲁木齐
2004/7/21,31,乌鲁木齐
2004/7/22,43,乌鲁木齐
2004/7/23,46,乌鲁木齐
2004/7/24,46,乌鲁木齐
2004/7/25,68,乌鲁木齐
2004/7/26,28,乌鲁木齐
2004/7/27,34,乌鲁木齐
2004/7/28,45,乌鲁木齐
2004/7/29,55,乌鲁木齐
2004/7/30,51,乌鲁木齐
2004/7/31,34,乌鲁木齐
2004/8/1,42,乌鲁木齐
2004/8/2,48,乌鲁木齐
2004/8/3,51,乌鲁木齐
2004/8/4,30,乌鲁木齐
2004/8/5,40,乌鲁木齐
2004/8/6,48,乌鲁木齐
2004/8/7,51,乌鲁木齐
2004/8/8,37,乌鲁木齐
2004/8/9,35,乌鲁木齐
2004/8/10,35,乌鲁木齐
2004/8/11,39,乌鲁木齐
2004/8/12,47,乌鲁木齐
2004/8/13,46,乌鲁木齐
2004/8/14,52,乌鲁木齐
2004/8/15,54,乌鲁木齐
2004/8/16,62,乌鲁木齐
2004/8/17,49,乌鲁木齐
2004/8/18,51,乌鲁木齐
2004/8/19,55,乌鲁木齐
2004/8/20,55,乌鲁木齐
2004/8/21,34,乌鲁木齐
2004/8/22,39,乌鲁木齐
2004/8/23,60,乌鲁木齐
2004/8/24,27,乌鲁木齐
2004/8/25,38,乌鲁木齐
2004/8/26,52,乌鲁木齐
2004/8/27,43,乌鲁木齐
2004/8/28,51,乌鲁木齐
2004/8/29,72,乌鲁木齐
2004/8/30,59,乌鲁木齐
2004/8/31,57,乌鲁木齐
2004/9/1,33,乌鲁木齐
2004/9/2,42,乌鲁木齐
2004/9/3,48,乌鲁木齐
2004/9/4,47,乌鲁木齐
2004/9/5,52,乌鲁木齐
2004/9/6,55,乌鲁木齐
2004/9/7,62,乌鲁木齐
2004/9/8,94,乌鲁木齐
2004/9/9,56,乌鲁木齐
2004/9/10,53,乌鲁木齐
2004/9/11,40,乌鲁木齐
2004/9/12,50,乌鲁木齐
2004/9/13,60,乌鲁木齐
2004/9/14,60,乌鲁木齐
2004/9/15,42,乌鲁木齐
2004/9/16,43,乌鲁木齐
2004/9/17,55,乌鲁木齐
2004/9/18,53,乌鲁木齐
2004/9/19,52,乌鲁木齐
2004/9/20,57,乌鲁木齐
2004/9/21,61,乌鲁木齐
2004/9/22,53,乌鲁木齐
2004/9/23,33,乌鲁木齐
2004/9/24,49,乌鲁木齐
2004/9/25,56,乌鲁木齐
2004/9/26,61,乌鲁木齐
2004/9/27,61,乌鲁木齐
2004/9/28,45,乌鲁木齐
2004/9/30,56,乌鲁木齐
2004/10/1,67,乌鲁木齐
2004/10/2,83,乌鲁木齐
2004/10/3,97,乌鲁木齐
2004/10/4,114,乌鲁木齐
2004/10/5,90,乌鲁木齐
2004/10/6,83,乌鲁木齐
2004/10/7,85,乌鲁木齐
2004/10/8,42,乌鲁木齐
2004/10/9,34,乌鲁木齐
2004/10/10,57,乌鲁木齐
2004/10/11,54,乌鲁木齐
2004/10/12,66,乌鲁木齐
2004/10/13,66,乌鲁木齐
2004/10/14,77,乌鲁木齐
2004/10/15,84,乌鲁木齐
2004/10/16,72,乌鲁木齐
2004/10/17,52,乌鲁木齐
2004/10/18,62,乌鲁木齐
2004/10/19,41,乌鲁木齐
2004/10/20,60,乌鲁木齐
2004/10/21,73,乌鲁木齐
2004/10/22,84,乌鲁木齐
2004/10/23,99,乌鲁木齐
2004/10/24,83,乌鲁木齐
2004/10/25,110,乌鲁木齐
2004/10/26,102,乌鲁木齐
2004/10/27,96,乌鲁木齐
2004/10/28,88,乌鲁木齐
2004/10/29,63,乌鲁木齐
2004/10/30,40,乌鲁木齐
2004/10/31,89,乌鲁木齐
2004/11/1,140,乌鲁木齐
2004/11/2,116,乌鲁木齐
2004/11/3,53,乌鲁木齐
2004/11/4,108,乌鲁木齐
2004/11/5,91,乌鲁木齐
2004/11/6,70,乌鲁木齐
2004/11/7,70,乌鲁木齐
2004/11/8,77,乌鲁木齐
2004/11/9,59,乌鲁木齐
2004/11/10,72,乌鲁木齐
2004/11/11,116,乌鲁木齐
2004/11/12,125,乌鲁木齐
2004/11/13,182,乌鲁木齐
2004/11/14,107,乌鲁木齐
2004/11/15,80,乌鲁木齐
2004/11/16,114,乌鲁木齐
2004/11/17,146,乌鲁木齐
2004/11/18,148,乌鲁木齐
2004/11/19,113,乌鲁木齐
2004/11/20,111,乌鲁木齐
2004/11/21,104,乌鲁木齐
2004/11/22,76,乌鲁木齐
2004/11/23,92,乌鲁木齐
2004/11/24,132,乌鲁木齐
2004/11/25,273,乌鲁木齐
2004/11/26,500,乌鲁木齐
2004/11/27,370,乌鲁木齐
2004/11/28,169,乌鲁木齐
2004/11/29,233,乌鲁木齐
2004/11/30,184,乌鲁木齐
2004/12/1,64,乌鲁木齐
2004/12/2,78,乌鲁木齐
2004/12/3,122,乌鲁木齐
2004/12/4,102,乌鲁木齐
2004/12/5,85,乌鲁木齐
2004/12/6,101,乌鲁木齐
2004/12/7,119,乌鲁木齐
2004/12/8,112,乌鲁木齐
2004/12/9,94,乌鲁木齐
2004/12/10,112,乌鲁木齐
2004/12/11,160,乌鲁木齐
2004/12/12,116,乌鲁木齐
2004/12/13,113,乌鲁木齐
2004/12/14,110,乌鲁木齐
2004/12/15,111,乌鲁木齐
2004/12/16,99,乌鲁木齐
2004/12/17,88,乌鲁木齐
2004/12/18,97,乌鲁木齐
2004/12/19,102,乌鲁木齐
2004/12/20,96,乌鲁木齐
2004/12/21,73,乌鲁木齐
2004/12/22,97,乌鲁木齐
2004/12/23,101,乌鲁木齐
2004/12/24,80,乌鲁木齐
2004/12/25,106,乌鲁木齐
2004/12/26,132,乌鲁木齐
2004/12/27,188,乌鲁木齐
2004/12/28,116,乌鲁木齐
2004/12/29,110,乌鲁木齐
2004/12/30,121,乌鲁木齐
2004/12/31,127,乌鲁木齐
2005/1/1,132,乌鲁木齐
2005/1/2,167,乌鲁木齐
2005/1/3,142,乌鲁木齐
2005/1/4,124,乌鲁木齐
2005/1/5,152,乌鲁木齐
2005/1/6,382,乌鲁木齐
2005/1/7,149,乌鲁木齐
2005/1/8,197,乌鲁木齐
2005/1/9,138,乌鲁木齐
2005/1/10,186,乌鲁木齐
2005/1/11,118,乌鲁木齐
2005/1/12,125,乌鲁木齐
2005/1/13,109,乌鲁木齐
2005/1/14,112,乌鲁木齐
2005/1/15,145,乌鲁木齐
2005/1/16,313,乌鲁木齐
2005/1/17,357,乌鲁木齐
2005/1/18,170,乌鲁木齐
2005/1/19,114,乌鲁木齐
2005/1/20,116,乌鲁木齐
2005/1/21,126,乌鲁木齐
2005/1/22,110,乌鲁木齐
2005/1/23,106,乌鲁木齐
2005/1/24,111,乌鲁木齐
2005/1/25,134,乌鲁木齐
2005/1/26,127,乌鲁木齐
2005/1/27,111,乌鲁木齐
2005/1/28,112,乌鲁木齐
2005/1/29,132,乌鲁木齐
2005/1/30,148,乌鲁木齐
2005/1/31,136,乌鲁木齐
2005/2/1,130,乌鲁木齐
2005/2/2,143,乌鲁木齐
2005/2/3,129,乌鲁木齐
2005/2/4,117,乌鲁木齐
2005/2/5,122,乌鲁木齐
2005/2/6,137,乌鲁木齐
2005/2/7,113,乌鲁木齐
2005/2/8,153,乌鲁木齐
2005/2/9,276,乌鲁木齐
2005/2/10,158,乌鲁木齐
2005/2/11,332,乌鲁木齐
2005/2/12,129,乌鲁木齐
2005/2/13,133,乌鲁木齐
2005/2/14,110,乌鲁木齐
2005/2/15,110,乌鲁木齐
2005/2/16,105,乌鲁木齐
2005/2/17,116,乌鲁木齐
2005/2/18,114,乌鲁木齐
2005/2/19,130,乌鲁木齐
2005/2/20,230,乌鲁木齐
2005/2/21,209,乌鲁木齐
2005/2/22,146,乌鲁木齐
2005/2/23,178,乌鲁木齐
2005/2/24,133,乌鲁木齐
2005/2/25,122,乌鲁木齐
2005/2/26,112,乌鲁木齐
2005/2/27,103,乌鲁木齐
2005/2/28,84,乌鲁木齐
2005/3/1,110,乌鲁木齐
2005/3/2,106,乌鲁木齐
2005/3/3,102,乌鲁木齐
2005/3/4,73,乌鲁木齐
2005/3/5,106,乌鲁木齐
2005/3/6,114,乌鲁木齐
2005/3/7,190,乌鲁木齐
2005/3/8,177,乌鲁木齐
2005/3/9,125,乌鲁木齐
2005/3/10,80,乌鲁木齐
2005/3/11,91,乌鲁木齐
2005/3/12,93,乌鲁木齐
2005/3/13,88,乌鲁木齐
2005/3/14,82,乌鲁木齐
2005/3/15,86,乌鲁木齐
2005/3/16,76,乌鲁木齐
2005/3/17,95,乌鲁木齐
2005/3/18,83,乌鲁木齐
2005/3/19,82,乌鲁木齐
2005/3/20,74,乌鲁木齐
2005/3/21,74,乌鲁木齐
2005/3/22,82,乌鲁木齐
2005/3/23,74,乌鲁木齐
2005/3/24,69,乌鲁木齐
2005/3/25,72,乌鲁木齐
2005/3/26,69,乌鲁木齐
2005/3/27,60,乌鲁木齐
2005/3/28,64,乌鲁木齐
2005/3/29,53,乌鲁木齐
2005/3/30,62,乌鲁木齐
2005/3/31,67,乌鲁木齐
2005/4/1,61,乌鲁木齐
2005/4/2,71,乌鲁木齐
2005/4/3,63,乌鲁木齐
2005/4/4,108,乌鲁木齐
2005/4/5,72,乌鲁木齐
2005/4/6,54,乌鲁木齐
2005/4/7,40,乌鲁木齐
2005/4/8,57,乌鲁木齐
2005/4/9,74,乌鲁木齐
2005/4/10,51,乌鲁木齐
2005/4/11,51,乌鲁木齐
2005/4/12,69,乌鲁木齐
2005/4/13,63,乌鲁木齐
2005/4/14,63,乌鲁木齐
2005/4/15,70,乌鲁木齐
2005/4/16,51,乌鲁木齐
2005/4/17,56,乌鲁木齐
2005/4/18,54,乌鲁木齐
2005/4/19,58,乌鲁木齐
2005/4/20,66,乌鲁木齐
2005/4/21,57,乌鲁木齐
2005/4/22,44,乌鲁木齐
2005/4/23,45,乌鲁木齐
2005/4/24,56,乌鲁木齐
2005/4/25,49,乌鲁木齐
2005/4/26,52,乌鲁木齐
2005/4/27,44,乌鲁木齐
2005/4/28,52,乌鲁木齐
2005/4/29,57,乌鲁木齐
2005/4/30,61,乌鲁木齐
2005/5/1,54,乌鲁木齐
2005/5/2,61,乌鲁木齐
2005/5/3,51,乌鲁木齐
2005/5/4,36,乌鲁木齐
2005/5/5,56,乌鲁木齐
2005/5/6,57,乌鲁木齐
2005/5/7,59,乌鲁木齐
2005/5/8,62,乌鲁木齐
2005/5/9,51,乌鲁木齐
2005/5/10,36,乌鲁木齐
2005/5/11,36,乌鲁木齐
2005/5/12,35,乌鲁木齐
2005/5/13,58,乌鲁木齐
2005/5/14,19,乌鲁木齐
2005/5/15,28,乌鲁木齐
2005/5/16,30,乌鲁木齐
2005/5/17,25,乌鲁木齐
2005/5/18,28,乌鲁木齐
2005/5/19,40,乌鲁木齐
2005/5/20,34,乌鲁木齐
2005/5/21,33,乌鲁木齐
2005/5/22,40,乌鲁木齐
2005/5/23,41,乌鲁木齐
2005/5/24,37,乌鲁木齐
2005/5/25,31,乌鲁木齐
2005/5/26,34,乌鲁木齐
2005/5/27,33,乌鲁木齐
2005/5/28,27,乌鲁木齐
2005/5/29,43,乌鲁木齐
2005/5/30,44,乌鲁木齐
2005/5/31,48,乌鲁木齐
2005/6/1,41,乌鲁木齐
2005/6/2,50,乌鲁木齐
2005/6/3,27,乌鲁木齐
2005/6/4,30,乌鲁木齐
2005/6/5,32,乌鲁木齐
2005/6/6,42,乌鲁木齐
2005/6/7,40,乌鲁木齐
2005/6/8,35,乌鲁木齐
2005/6/9,40,乌鲁木齐
2005/6/10,38,乌鲁木齐
2005/6/11,33,乌鲁木齐
2005/6/12,42,乌鲁木齐
2005/6/13,28,乌鲁木齐
2005/6/14,25,乌鲁木齐
2005/6/15,35,乌鲁木齐
2005/6/16,35,乌鲁木齐
2005/6/17,51,乌鲁木齐
2005/6/18,62,乌鲁木齐
2005/6/19,45,乌鲁木齐
2005/6/20,54,乌鲁木齐
2005/6/21,36,乌鲁木齐
2005/6/22,33,乌鲁木齐
2005/6/23,28,乌鲁木齐
2005/6/24,40,乌鲁木齐
2005/6/25,35,乌鲁木齐
2005/6/26,35,乌鲁木齐
2005/6/27,27,乌鲁木齐
2005/6/28,29,乌鲁木齐
2005/6/29,30,乌鲁木齐
2005/6/30,24,乌鲁木齐
2005/7/1,37,乌鲁木齐
2005/7/2,43,乌鲁木齐
2005/7/3,38,乌鲁木齐
2005/7/4,30,乌鲁木齐
2005/7/5,35,乌鲁木齐
2005/7/6,37,乌鲁木齐
2005/7/7,42,乌鲁木齐
2005/7/8,33,乌鲁木齐
2005/7/9,37,乌鲁木齐
2005/7/10,42,乌鲁木齐
2005/7/11,52,乌鲁木齐
2005/7/12,38,乌鲁木齐
2005/7/13,47,乌鲁木齐
2005/7/14,55,乌鲁木齐
2005/7/15,46,乌鲁木齐
2005/7/16,41,乌鲁木齐
2005/7/18,37,乌鲁木齐
2005/7/19,48,乌鲁木齐
2005/7/20,37,乌鲁木齐
2005/7/21,37,乌鲁木齐
2005/7/22,42,乌鲁木齐
2005/7/23,47,乌鲁木齐
2005/7/24,35,乌鲁木齐
2005/7/25,42,乌鲁木齐
2005/7/26,37,乌鲁木齐
2005/7/27,38,乌鲁木齐
2005/7/28,33,乌鲁木齐
2005/7/29,30,乌鲁木齐
2005/7/30,36,乌鲁木齐
2005/7/31,38,乌鲁木齐
2005/8/1,43,乌鲁木齐
2005/8/2,44,乌鲁木齐
2005/8/3,39,乌鲁木齐
2005/8/4,40,乌鲁木齐
2005/8/5,32,乌鲁木齐
2005/8/6,30,乌鲁木齐
2005/8/7,35,乌鲁木齐
2005/8/8,38,乌鲁木齐
2005/8/9,37,乌鲁木齐
2005/8/10,30,乌鲁木齐
2005/8/11,36,乌鲁木齐
2005/8/12,32,乌鲁木齐
2005/8/13,22,乌鲁木齐
2005/8/14,33,乌鲁木齐
2005/8/15,38,乌鲁木齐
2005/8/16,40,乌鲁木齐
2005/8/17,57,乌鲁木齐
2005/8/18,36,乌鲁木齐
2005/8/19,30,乌鲁木齐
2005/8/20,34,乌鲁木齐
2005/8/21,40,乌鲁木齐
2005/8/22,52,乌鲁木齐
2005/8/23,88,乌鲁木齐
2005/8/24,73,乌鲁木齐
2005/8/25,40,乌鲁木齐
2005/8/26,43,乌鲁木齐
2005/8/27,56,乌鲁木齐
2005/8/28,27,乌鲁木齐
2005/8/29,25,乌鲁木齐
2005/8/30,45,乌鲁木齐
2005/8/31,47,乌鲁木齐
2005/9/1,60,乌鲁木齐
2005/9/2,36,乌鲁木齐
2005/9/3,29,乌鲁木齐
2005/9/4,32,乌鲁木齐
2005/9/5,42,乌鲁木齐
2005/9/6,46,乌鲁木齐
2005/9/7,55,乌鲁木齐
2005/9/8,41,乌鲁木齐
2005/9/9,37,乌鲁木齐
2005/9/10,27,乌鲁木齐
2005/9/11,21,乌鲁木齐
2005/9/12,29,乌鲁木齐
2005/9/13,39,乌鲁木齐
2005/9/14,44,乌鲁木齐
2005/9/15,37,乌鲁木齐
2005/9/16,45,乌鲁木齐
2005/9/17,54,乌鲁木齐
2005/9/18,53,乌鲁木齐
2005/9/19,50,乌鲁木齐
2005/9/20,59,乌鲁木齐
2005/9/21,50,乌鲁木齐
2005/9/22,48,乌鲁木齐
2005/9/23,58,乌鲁木齐
2005/9/24,46,乌鲁木齐
2005/9/25,58,乌鲁木齐
2005/9/26,53,乌鲁木齐
2005/9/27,42,乌鲁木齐
2005/9/28,47,乌鲁木齐
2005/9/29,56,乌鲁木齐
2005/9/30,51,乌鲁木齐
2005/10/1,43,乌鲁木齐
2005/10/2,54,乌鲁木齐
2005/10/3,60,乌鲁木齐
2005/10/4,63,乌鲁木齐
2005/10/5,57,乌鲁木齐
2005/10/6,58,乌鲁木齐
2005/10/7,61,乌鲁木齐
2005/10/8,75,乌鲁木齐
2005/10/9,68,乌鲁木齐
2005/10/10,48,乌鲁木齐
2005/10/11,18,乌鲁木齐
2005/10/12,35,乌鲁木齐
2005/10/13,47,乌鲁木齐
2005/10/14,56,乌鲁木齐
2005/10/15,67,乌鲁木齐
2005/10/16,76,乌鲁木齐
2005/10/17,93,乌鲁木齐
2005/10/18,93,乌鲁木齐
2005/10/19,68,乌鲁木齐
2005/10/20,71,乌鲁木齐
2005/10/21,69,乌鲁木齐
2005/10/22,60,乌鲁木齐
2005/10/23,79,乌鲁木齐
2005/10/24,74,乌鲁木齐
2005/10/25,50,乌鲁木齐
2005/10/26,49,乌鲁木齐
2005/10/27,71,乌鲁木齐
2005/10/28,74,乌鲁木齐
2005/10/29,75,乌鲁木齐
2005/10/30,84,乌鲁木齐
2005/10/31,97,乌鲁木齐
2005/11/1,72,乌鲁木齐
2005/11/2,71,乌鲁木齐
2005/11/3,82,乌鲁木齐
2005/11/4,69,乌鲁木齐
2005/11/5,57,乌鲁木齐
2005/11/6,92,乌鲁木齐
2005/11/7,114,乌鲁木齐
2005/11/8,97,乌鲁木齐
2005/11/9,105,乌鲁木齐
2005/11/10,107,乌鲁木齐
2005/11/11,102,乌鲁木齐
2005/11/12,89,乌鲁木齐
2005/11/13,101,乌鲁木齐
2005/11/14,93,乌鲁木齐
2005/11/15,103,乌鲁木齐
2005/11/16,81,乌鲁木齐
2005/11/17,78,乌鲁木齐
2005/11/18,79,乌鲁木齐
2005/11/19,52,乌鲁木齐
2005/11/20,83,乌鲁木齐
2005/11/21,98,乌鲁木齐
2005/11/22,171,乌鲁木齐
2005/11/23,178,乌鲁木齐
2005/11/24,404,乌鲁木齐
2005/11/25,500,乌鲁木齐
2005/11/26,191,乌鲁木齐
2005/11/27,81,乌鲁木齐
2005/11/28,121,乌鲁木齐
2005/11/29,125,乌鲁木齐
2005/11/30,108,乌鲁木齐
2005/12/1,99,乌鲁木齐
2005/12/2,71,乌鲁木齐
2005/12/3,97,乌鲁木齐
2005/12/4,116,乌鲁木齐
2005/12/5,279,乌鲁木齐
2005/12/6,235,乌鲁木齐
2005/12/7,200,乌鲁木齐
2005/12/8,500,乌鲁木齐
2005/12/9,104,乌鲁木齐
2005/12/10,107,乌鲁木齐
2005/12/11,101,乌鲁木齐
2005/12/12,101,乌鲁木齐
2005/12/13,146,乌鲁木齐
2005/12/14,121,乌鲁木齐
2005/12/15,235,乌鲁木齐
2005/12/16,500,乌鲁木齐
2005/12/17,500,乌鲁木齐
2005/12/18,500,乌鲁木齐
2005/12/19,500,乌鲁木齐
2005/12/20,500,乌鲁木齐
2005/12/21,134,乌鲁木齐
2005/12/22,140,乌鲁木齐
2005/12/23,182,乌鲁木齐
2005/12/24,364,乌鲁木齐
2005/12/25,433,乌鲁木齐
2005/12/26,253,乌鲁木齐
2005/12/27,372,乌鲁木齐
2005/12/28,312,乌鲁木齐
2005/12/29,134,乌鲁木齐
2005/12/30,111,乌鲁木齐
2005/12/31,132,乌鲁木齐
2006/1/1,136,乌鲁木齐
2006/1/2,103,乌鲁木齐
2006/1/3,97,乌鲁木齐
2006/1/4,110,乌鲁木齐
2006/1/5,168,乌鲁木齐
2006/1/6,155,乌鲁木齐
2006/1/7,197,乌鲁木齐
2006/1/8,475,乌鲁木齐
2006/1/9,458,乌鲁木齐
2006/1/10,195,乌鲁木齐
2006/1/11,152,乌鲁木齐
2006/1/12,109,乌鲁木齐
2006/1/13,149,乌鲁木齐
2006/1/14,167,乌鲁木齐
2006/1/15,278,乌鲁木齐
2006/1/16,154,乌鲁木齐
2006/1/17,310,乌鲁木齐
2006/1/18,168,乌鲁木齐
2006/1/19,189,乌鲁木齐
2006/1/20,479,乌鲁木齐
2006/1/21,140,乌鲁木齐
2006/1/22,424,乌鲁木齐
2006/1/23,272,乌鲁木齐
2006/1/24,348,乌鲁木齐
2006/1/25,500,乌鲁木齐
2006/1/26,401,乌鲁木齐
2006/1/27,116,乌鲁木齐
2006/1/28,115,乌鲁木齐
2006/1/29,123,乌鲁木齐
2006/1/30,158,乌鲁木齐
2006/1/31,360,乌鲁木齐
2006/2/1,131,乌鲁木齐
2006/2/2,191,乌鲁木齐
2006/2/3,194,乌鲁木齐
2006/2/4,177,乌鲁木齐
2006/2/5,133,乌鲁木齐
2006/2/6,145,乌鲁木齐
2006/2/7,125,乌鲁木齐
2006/2/8,112,乌鲁木齐
2006/2/9,162,乌鲁木齐
2006/2/10,186,乌鲁木齐
2006/2/11,196,乌鲁木齐
2006/2/12,101,乌鲁木齐
2006/2/13,98,乌鲁木齐
2006/2/14,110,乌鲁木齐
2006/2/15,96,乌鲁木齐
2006/2/16,213,乌鲁木齐
2006/2/17,119,乌鲁木齐
2006/2/18,190,乌鲁木齐
2006/2/19,146,乌鲁木齐
2006/2/20,108,乌鲁木齐
2006/2/21,106,乌鲁木齐
2006/2/22,109,乌鲁木齐
2006/2/23,372,乌鲁木齐
2006/2/24,191,乌鲁木齐
2006/2/25,153,乌鲁木齐
2006/2/26,103,乌鲁木齐
2006/2/27,122,乌鲁木齐
2006/2/28,104,乌鲁木齐
2006/3/1,133,乌鲁木齐
2006/3/2,174,乌鲁木齐
2006/3/3,156,乌鲁木齐
2006/3/4,180,乌鲁木齐
2006/3/5,126,乌鲁木齐
2006/3/6,125,乌鲁木齐
2006/3/7,104,乌鲁木齐
2006/3/8,86,乌鲁木齐
2006/3/9,120,乌鲁木齐
2006/3/10,182,乌鲁木齐
2006/3/11,154,乌鲁木齐
2006/3/12,76,乌鲁木齐
2006/3/13,290,乌鲁木齐
2006/3/14,157,乌鲁木齐
2006/3/15,175,乌鲁木齐
2006/3/16,144,乌鲁木齐
2006/3/17,97,乌鲁木齐
2006/3/18,111,乌鲁木齐
2006/3/19,123,乌鲁木齐
2006/3/20,87,乌鲁木齐
2006/3/21,75,乌鲁木齐
2006/3/22,78,乌鲁木齐
2006/3/23,80,乌鲁木齐
2006/3/24,72,乌鲁木齐
2006/3/25,72,乌鲁木齐
2006/3/26,72,乌鲁木齐
2006/3/27,85,乌鲁木齐
2006/3/28,90,乌鲁木齐
2006/3/29,107,乌鲁木齐
2006/3/30,63,乌鲁木齐
2006/3/31,52,乌鲁木齐
2006/4/1,92,乌鲁木齐
2006/4/2,72,乌鲁木齐
2006/4/3,65,乌鲁木齐
2006/4/4,66,乌鲁木齐
2006/4/5,59,乌鲁木齐
2006/4/6,65,乌鲁木齐
2006/4/7,73,乌鲁木齐
2006/4/8,81,乌鲁木齐
2006/4/9,68,乌鲁木齐
2006/4/10,42,乌鲁木齐
2006/4/11,52,乌鲁木齐
2006/4/12,65,乌鲁木齐
2006/4/13,73,乌鲁木齐
2006/4/14,70,乌鲁木齐
2006/4/15,73,乌鲁木齐
2006/4/16,71,乌鲁木齐
2006/4/17,69,乌鲁木齐
2006/4/18,63,乌鲁木齐
2006/4/19,81,乌鲁木齐
2006/4/20,84,乌鲁木齐
2006/4/21,81,乌鲁木齐
2006/4/22,85,乌鲁木齐
2006/4/23,61,乌鲁木齐
2006/4/24,54,乌鲁木齐
2006/4/25,59,乌鲁木齐
2006/4/26,63,乌鲁木齐
2006/4/27,77,乌鲁木齐
2006/4/28,79,乌鲁木齐
2006/4/29,88,乌鲁木齐
2006/4/30,420,乌鲁木齐
2006/5/1,37,乌鲁木齐
2006/5/2,42,乌鲁木齐
2006/5/3,34,乌鲁木齐
2006/5/4,55,乌鲁木齐
2006/5/5,51,乌鲁木齐
2006/5/6,54,乌鲁木齐
2006/5/7,45,乌鲁木齐
2006/5/8,34,乌鲁木齐
2006/5/9,59,乌鲁木齐
2006/5/10,55,乌鲁木齐
2006/5/11,45,乌鲁木齐
2006/5/12,63,乌鲁木齐
2006/5/13,79,乌鲁木齐
2006/5/14,91,乌鲁木齐
2006/5/15,62,乌鲁木齐
2006/5/16,61,乌鲁木齐
2006/5/17,65,乌鲁木齐
2006/5/18,132,乌鲁木齐
2006/5/19,89,乌鲁木齐
2006/5/20,61,乌鲁木齐
2006/5/21,67,乌鲁木齐
2006/5/22,74,乌鲁木齐
2006/5/23,59,乌鲁木齐
2006/5/24,57,乌鲁木齐
2006/5/25,51,乌鲁木齐
2006/5/26,60,乌鲁木齐
2006/5/27,49,乌鲁木齐
2006/5/28,51,乌鲁木齐
2006/5/29,61,乌鲁木齐
2006/5/30,61,乌鲁木齐
2006/5/31,58,乌鲁木齐
2006/6/1,67,乌鲁木齐
2006/6/2,54,乌鲁木齐
2006/6/3,42,乌鲁木齐
2006/6/4,54,乌鲁木齐
2006/6/5,24,乌鲁木齐
2006/6/6,51,乌鲁木齐
2006/6/7,50,乌鲁木齐
2006/6/8,55,乌鲁木齐
2006/6/9,57,乌鲁木齐
2006/6/10,55,乌鲁木齐
2006/6/11,47,乌鲁木齐
2006/6/12,51,乌鲁木齐
2006/6/13,53,乌鲁木齐
2006/6/14,57,乌鲁木齐
2006/6/15,56,乌鲁木齐
2006/6/16,25,乌鲁木齐
2006/6/17,36,乌鲁木齐
2006/6/18,34,乌鲁木齐
2006/6/19,35,乌鲁木齐
2006/6/20,42,乌鲁木齐
2006/6/21,43,乌鲁木齐
2006/6/22,48,乌鲁木齐
2006/6/23,54,乌鲁木齐
2006/6/24,53,乌鲁木齐
2006/6/25,41,乌鲁木齐
2006/6/26,43,乌鲁木齐
2006/6/27,39,乌鲁木齐
2006/6/28,46,乌鲁木齐
2006/6/29,46,乌鲁木齐
2006/6/30,46,乌鲁木齐
2006/7/1,53,乌鲁木齐
2006/7/2,54,乌鲁木齐
2006/7/3,36,乌鲁木齐
2006/7/4,38,乌鲁木齐
2006/7/5,35,乌鲁木齐
2006/7/6,43,乌鲁木齐
2006/7/7,47,乌鲁木齐
2006/7/8,32,乌鲁木齐
2006/7/9,41,乌鲁木齐
2006/7/10,63,乌鲁木齐
2006/7/11,36,乌鲁木齐
2006/7/12,43,乌鲁木齐
2006/7/13,52,乌鲁木齐
2006/7/14,36,乌鲁木齐
2006/7/15,51,乌鲁木齐
2006/7/16,50,乌鲁木齐
2006/7/17,42,乌鲁木齐
2006/7/18,47,乌鲁木齐
2006/7/19,55,乌鲁木齐
2006/7/20,55,乌鲁木齐
2006/7/21,53,乌鲁木齐
2006/7/22,37,乌鲁木齐
2006/7/23,53,乌鲁木齐
2006/7/24,82,乌鲁木齐
2006/7/25,61,乌鲁木齐
2006/7/26,59,乌鲁木齐
2006/7/27,54,乌鲁木齐
2006/7/28,54,乌鲁木齐
2006/7/29,61,乌鲁木齐
2006/7/30,65,乌鲁木齐
2006/7/31,66,乌鲁木齐
2006/8/1,79,乌鲁木齐
2006/8/2,65,乌鲁木齐
2006/8/3,59,乌鲁木齐
2006/8/4,70,乌鲁木齐
2006/8/5,61,乌鲁木齐
2006/8/6,59,乌鲁木齐
2006/8/7,64,乌鲁木齐
2006/8/8,44,乌鲁木齐
2006/8/9,53,乌鲁木齐
2006/8/10,79,乌鲁木齐
2006/8/11,94,乌鲁木齐
2006/8/12,77,乌鲁木齐
2006/8/13,77,乌鲁木齐
2006/8/14,70,乌鲁木齐
2006/8/15,79,乌鲁木齐
2006/8/16,67,乌鲁木齐
2006/8/17,56,乌鲁木齐
2006/8/18,31,乌鲁木齐
2006/8/19,44,乌鲁木齐
2006/8/20,60,乌鲁木齐
2006/8/21,61,乌鲁木齐
2006/8/22,59,乌鲁木齐
2006/8/23,58,乌鲁木齐
2006/8/24,65,乌鲁木齐
2006/8/25,65,乌鲁木齐
2006/8/26,70,乌鲁木齐
2006/8/27,62,乌鲁木齐
2006/8/28,64,乌鲁木齐
2006/8/29,56,乌鲁木齐
2006/8/30,57,乌鲁木齐
2006/8/31,56,乌鲁木齐
2006/9/1,35,乌鲁木齐
2006/9/2,39,乌鲁木齐
2006/9/3,34,乌鲁木齐
2006/9/4,45,乌鲁木齐
2006/9/5,60,乌鲁木齐
2006/9/6,59,乌鲁木齐
2006/9/7,59,乌鲁木齐
2006/9/8,73,乌鲁木齐
2006/9/9,76,乌鲁木齐
2006/9/10,64,乌鲁木齐
2006/9/11,79,乌鲁木齐
2006/9/12,68,乌鲁木齐
2006/9/13,76,乌鲁木齐
2006/9/14,63,乌鲁木齐
2006/9/15,64,乌鲁木齐
2006/9/16,56,乌鲁木齐
2006/9/17,60,乌鲁木齐
2006/9/18,69,乌鲁木齐
2006/9/19,66,乌鲁木齐
2006/9/20,43,乌鲁木齐
2006/9/21,52,乌鲁木齐
2006/9/22,52,乌鲁木齐
2006/9/23,57,乌鲁木齐
2006/9/24,65,乌鲁木齐
2006/9/25,66,乌鲁木齐
2006/9/26,76,乌鲁木齐
2006/9/27,63,乌鲁木齐
2006/9/28,72,乌鲁木齐
2006/9/29,82,乌鲁木齐
2006/9/30,73,乌鲁木齐
2006/10/1,55,乌鲁木齐
2006/10/2,57,乌鲁木齐
2006/10/3,66,乌鲁木齐
2006/10/4,76,乌鲁木齐
2006/10/5,71,乌鲁木齐
2006/10/6,64,乌鲁木齐
2006/10/7,55,乌鲁木齐
2006/10/8,75,乌鲁木齐
2006/10/9,81,乌鲁木齐
2006/10/10,79,乌鲁木齐
2006/10/11,100,乌鲁木齐
2006/10/12,83,乌鲁木齐
2006/10/13,88,乌鲁木齐
2006/10/14,86,乌鲁木齐
2006/10/15,53,乌鲁木齐
2006/10/16,64,乌鲁木齐
2006/10/17,71,乌鲁木齐
2006/10/18,72,乌鲁木齐
2006/10/19,81,乌鲁木齐
2006/10/20,76,乌鲁木齐
2006/10/21,72,乌鲁木齐
2006/10/22,66,乌鲁木齐
2006/10/23,81,乌鲁木齐
2006/10/24,69,乌鲁木齐
2006/10/25,75,乌鲁木齐
2006/10/26,79,乌鲁木齐
2006/10/27,68,乌鲁木齐
2006/10/28,73,乌鲁木齐
2006/10/29,85,乌鲁木齐
2006/10/30,96,乌鲁木齐
2006/10/31,98,乌鲁木齐
2006/11/1,93,乌鲁木齐
2006/11/2,107,乌鲁木齐
2006/11/3,79,乌鲁木齐
2006/11/4,83,乌鲁木齐
2006/11/5,91,乌鲁木齐
2006/11/6,93,乌鲁木齐
2006/11/7,91,乌鲁木齐
2006/11/8,92,乌鲁木齐
2006/11/9,99,乌鲁木齐
2006/11/10,167,乌鲁木齐
2006/11/11,71,乌鲁木齐
2006/11/12,56,乌鲁木齐
2006/11/13,81,乌鲁木齐
2006/11/14,77,乌鲁木齐
2006/11/15,129,乌鲁木齐
2006/11/16,222,乌鲁木齐
2006/11/17,191,乌鲁木齐
2006/11/18,176,乌鲁木齐
2006/11/19,202,乌鲁木齐
2006/11/20,363,乌鲁木齐
2006/11/21,162,乌鲁木齐
2006/11/22,107,乌鲁木齐
2006/11/23,38,乌鲁木齐
2006/11/24,80,乌鲁木齐
2006/11/25,60,乌鲁木齐
2006/11/26,61,乌鲁木齐
2006/11/27,154,乌鲁木齐
2006/11/28,407,乌鲁木齐
2006/11/29,500,乌鲁木齐
2006/11/30,500,乌鲁木齐
2006/12/1,428,乌鲁木齐
2006/12/2,105,乌鲁木齐
2006/12/3,106,乌鲁木齐
2006/12/4,172,乌鲁木齐
2006/12/5,425,乌鲁木齐
2006/12/6,193,乌鲁木齐
2006/12/7,73,乌鲁木齐
2006/12/8,152,乌鲁木齐
2006/12/9,262,乌鲁木齐
2006/12/10,500,乌鲁木齐
2006/12/11,500,乌鲁木齐
2006/12/12,106,乌鲁木齐
2006/12/13,379,乌鲁木齐
2006/12/14,188,乌鲁木齐
2006/12/15,295,乌鲁木齐
2006/12/16,153,乌鲁木齐
2006/12/17,146,乌鲁木齐
2006/12/18,500,乌鲁木齐
2006/12/19,109,乌鲁木齐
2006/12/20,154,乌鲁木齐
2006/12/21,156,乌鲁木齐
2006/12/22,187,乌鲁木齐
2006/12/23,447,乌鲁木齐
2006/12/24,195,乌鲁木齐
2006/12/25,429,乌鲁木齐
2006/12/26,132,乌鲁木齐
2006/12/27,108,乌鲁木齐
2006/12/28,139,乌鲁木齐
2006/12/29,275,乌鲁木齐
2006/12/30,500,乌鲁木齐
2006/12/31,324,乌鲁木齐
2007/1/1,192,乌鲁木齐
2007/1/2,206,乌鲁木齐
2007/1/3,103,乌鲁木齐
2007/1/4,103,乌鲁木齐
2007/1/5,146,乌鲁木齐
2007/1/6,138,乌鲁木齐
2007/1/7,459,乌鲁木齐
2007/1/8,172,乌鲁木齐
2007/1/9,290,乌鲁木齐
2007/1/10,500,乌鲁木齐
2007/1/11,500,乌鲁木齐
2007/1/12,500,乌鲁木齐
2007/1/13,167,乌鲁木齐
2007/1/14,342,乌鲁木齐
2007/1/15,430,乌鲁木齐
2007/1/16,114,乌鲁木齐
2007/1/17,107,乌鲁木齐
2007/1/18,323,乌鲁木齐
2007/1/19,157,乌鲁木齐
2007/1/20,125,乌鲁木齐
2007/1/21,122,乌鲁木齐
2007/1/22,83,乌鲁木齐
2007/1/23,122,乌鲁木齐
2007/1/24,235,乌鲁木齐
2007/1/25,500,乌鲁木齐
2007/1/26,99,乌鲁木齐
2007/1/27,175,乌鲁木齐
2007/1/28,437,乌鲁木齐
2007/1/29,246,乌鲁木齐
2007/1/30,232,乌鲁木齐
2007/1/31,500,乌鲁木齐
2007/2/1,129,乌鲁木齐
2007/2/2,141,乌鲁木齐
2007/2/3,242,乌鲁木齐
2007/2/4,100,乌鲁木齐
2007/2/5,113,乌鲁木齐
2007/2/6,185,乌鲁木齐
2007/2/7,127,乌鲁木齐
2007/2/8,206,乌鲁木齐
2007/2/9,196,乌鲁木齐
2007/2/10,463,乌鲁木齐
2007/2/11,292,乌鲁木齐
2007/2/12,500,乌鲁木齐
2007/2/13,177,乌鲁木齐
2007/2/14,158,乌鲁木齐
2007/2/15,130,乌鲁木齐
2007/2/16,113,乌鲁木齐
2007/2/17,253,乌鲁木齐
2007/2/18,200,乌鲁木齐
2007/2/19,397,乌鲁木齐
2007/2/20,166,乌鲁木齐
2007/2/21,79,乌鲁木齐
2007/2/22,98,乌鲁木齐
2007/2/23,102,乌鲁木齐
2007/2/24,138,乌鲁木齐
2007/2/25,99,乌鲁木齐
2007/2/26,116,乌鲁木齐
2007/2/27,77,乌鲁木齐
2007/2/28,58,乌鲁木齐
2007/3/1,76,乌鲁木齐
2007/3/2,107,乌鲁木齐
2007/3/3,139,乌鲁木齐
2007/3/4,94,乌鲁木齐
2007/3/5,102,乌鲁木齐
2007/3/6,112,乌鲁木齐
2007/3/7,135,乌鲁木齐
2007/3/8,132,乌鲁木齐
2007/3/9,88,乌鲁木齐
2007/3/10,96,乌鲁木齐
2007/3/11,99,乌鲁木齐
2007/3/12,105,乌鲁木齐
2007/3/13,102,乌鲁木齐
2007/3/14,91,乌鲁木齐
2007/3/15,90,乌鲁木齐
2007/3/16,82,乌鲁木齐
2007/3/17,82,乌鲁木齐
2007/3/18,112,乌鲁木齐
2007/3/19,102,乌鲁木齐
2007/3/20,98,乌鲁木齐
2007/3/21,102,乌鲁木齐
2007/3/22,66,乌鲁木齐
2007/3/23,73,乌鲁木齐
2007/3/24,63,乌鲁木齐
2007/3/25,77,乌鲁木齐
2007/3/26,71,乌鲁木齐
2007/3/27,70,乌鲁木齐
2007/3/28,69,乌鲁木齐
2007/3/29,64,乌鲁木齐
2007/3/30,69,乌鲁木齐
2007/3/31,61,乌鲁木齐
2007/4/1,53,乌鲁木齐
2007/4/2,192,乌鲁木齐
2007/4/3,126,乌鲁木齐
2007/4/4,110,乌鲁木齐
2007/4/5,121,乌鲁木齐
2007/4/6,83,乌鲁木齐
2007/4/7,83,乌鲁木齐
2007/4/8,94,乌鲁木齐
2007/4/9,128,乌鲁木齐
2007/4/10,114,乌鲁木齐
2007/4/11,62,乌鲁木齐
2007/4/12,58,乌鲁木齐
2007/4/13,67,乌鲁木齐
2007/4/14,62,乌鲁木齐
2007/4/15,76,乌鲁木齐
2007/4/16,63,乌鲁木齐
2007/4/17,61,乌鲁木齐
2007/4/18,55,乌鲁木齐
2007/4/19,28,乌鲁木齐
2007/4/20,43,乌鲁木齐
2007/4/21,37,乌鲁木齐
2007/4/22,32,乌鲁木齐
2007/4/23,54,乌鲁木齐
2007/4/24,51,乌鲁木齐
2007/4/25,68,乌鲁木齐
2007/4/26,53,乌鲁木齐
2007/4/27,66,乌鲁木齐
2007/4/28,71,乌鲁木齐
2007/4/29,56,乌鲁木齐
2007/4/30,63,乌鲁木齐
2007/5/1,63,乌鲁木齐
2007/5/2,57,乌鲁木齐
2007/5/3,67,乌鲁木齐
2007/5/4,55,乌鲁木齐
2007/5/5,68,乌鲁木齐
2007/5/6,61,乌鲁木齐
2007/5/7,101,乌鲁木齐
2007/5/8,64,乌鲁木齐
2007/5/9,32,乌鲁木齐
2007/5/10,47,乌鲁木齐
2007/5/11,62,乌鲁木齐
2007/5/12,76,乌鲁木齐
2007/5/13,115,乌鲁木齐
2007/5/14,73,乌鲁木齐
2007/5/15,56,乌鲁木齐
2007/5/16,77,乌鲁木齐
2007/5/17,92,乌鲁木齐
2007/5/18,66,乌鲁木齐
2007/5/19,40,乌鲁木齐
2007/5/20,50,乌鲁木齐
2007/5/21,33,乌鲁木齐
2007/5/22,52,乌鲁木齐
2007/5/23,55,乌鲁木齐
2007/5/24,60,乌鲁木齐
2007/5/25,60,乌鲁木齐
2007/5/26,59,乌鲁木齐
2007/5/27,65,乌鲁木齐
2007/5/28,48,乌鲁木齐
2007/5/29,27,乌鲁木齐
2007/5/30,51,乌鲁木齐
2007/5/31,59,乌鲁木齐
2007/6/1,58,乌鲁木齐
2007/6/2,65,乌鲁木齐
2007/6/3,55,乌鲁木齐
2007/6/4,61,乌鲁木齐
2007/6/5,54,乌鲁木齐
2007/6/6,44,乌鲁木齐
2007/6/7,31,乌鲁木齐
2007/6/8,53,乌鲁木齐
2007/6/9,73,乌鲁木齐
2007/6/10,37,乌鲁木齐
2007/6/11,54,乌鲁木齐
2007/6/12,51,乌鲁木齐
2007/6/13,44,乌鲁木齐
2007/6/14,40,乌鲁木齐
2007/6/15,32,乌鲁木齐
2007/6/16,35,乌鲁木齐
2007/6/17,27,乌鲁木齐
2007/6/18,36,乌鲁木齐
2007/6/19,51,乌鲁木齐
2007/6/20,53,乌鲁木齐
2007/6/21,62,乌鲁木齐
2007/6/22,68,乌鲁木齐
2007/6/23,65,乌鲁木齐
2007/6/24,51,乌鲁木齐
2007/6/25,68,乌鲁木齐
2007/6/26,43,乌鲁木齐
2007/6/27,44,乌鲁木齐
2007/6/28,55,乌鲁木齐
2007/6/29,59,乌鲁木齐
2007/6/30,36,乌鲁木齐
2007/7/1,34,乌鲁木齐
2007/7/2,43,乌鲁木齐
2007/7/3,37,乌鲁木齐
2007/7/4,44,乌鲁木齐
2007/7/5,42,乌鲁木齐
2007/7/7,47,乌鲁木齐
2007/7/8,54,乌鲁木齐
2007/7/9,39,乌鲁木齐
2007/7/10,26,乌鲁木齐
2007/7/11,45,乌鲁木齐
2007/7/12,38,乌鲁木齐
2007/7/13,51,乌鲁木齐
2007/7/14,34,乌鲁木齐
2007/7/15,44,乌鲁木齐
2007/7/16,38,乌鲁木齐
2007/7/17,24,乌鲁木齐
2007/7/18,45,乌鲁木齐
2007/7/19,47,乌鲁木齐
2007/7/20,52,乌鲁木齐
2007/7/21,59,乌鲁木齐
2007/7/22,63,乌鲁木齐
2007/7/23,53,乌鲁木齐
2007/7/24,51,乌鲁木齐
2007/7/25,41,乌鲁木齐
2007/7/26,53,乌鲁木齐
2007/7/27,58,乌鲁木齐
2007/7/28,24,乌鲁木齐
2007/7/29,30,乌鲁木齐
2007/7/30,33,乌鲁木齐
2007/7/31,51,乌鲁木齐
2007/8/1,49,乌鲁木齐
2007/8/2,47,乌鲁木齐
2007/8/3,31,乌鲁木齐
2007/8/4,29,乌鲁木齐
2007/8/5,35,乌鲁木齐
2007/8/6,42,乌鲁木齐
2007/8/7,57,乌鲁木齐
2007/8/8,60,乌鲁木齐
2007/8/9,58,乌鲁木齐
2007/8/10,57,乌鲁木齐
2007/8/11,68,乌鲁木齐
2007/8/12,78,乌鲁木齐
2007/8/13,57,乌鲁木齐
2007/8/14,46,乌鲁木齐
2007/8/15,71,乌鲁木齐
2007/8/16,56,乌鲁木齐
2007/8/17,51,乌鲁木齐
2007/8/18,53,乌鲁木齐
2007/8/19,37,乌鲁木齐
2007/8/20,59,乌鲁木齐
2007/8/21,44,乌鲁木齐
2007/8/22,38,乌鲁木齐
2007/8/23,46,乌鲁木齐
2007/8/24,54,乌鲁木齐
2007/8/25,63,乌鲁木齐
2007/8/26,55,乌鲁木齐
2007/8/27,55,乌鲁木齐
2007/8/28,62,乌鲁木齐
2007/8/29,50,乌鲁木齐
2007/8/30,55,乌鲁木齐
2007/8/31,51,乌鲁木齐
2007/9/1,60,乌鲁木齐
2007/9/2,58,乌鲁木齐
2007/9/3,59,乌鲁木齐
2007/9/4,55,乌鲁木齐
2007/9/5,59,乌鲁木齐
2007/9/6,46,乌鲁木齐
2007/9/7,56,乌鲁木齐
2007/9/8,61,乌鲁木齐
2007/9/9,58,乌鲁木齐
2007/9/10,51,乌鲁木齐
2007/9/11,48,乌鲁木齐
2007/9/12,52,乌鲁木齐
2007/9/13,54,乌鲁木齐
2007/9/14,67,乌鲁木齐
2007/9/15,64,乌鲁木齐
2007/9/16,59,乌鲁木齐
2007/9/17,75,乌鲁木齐
2007/9/18,80,乌鲁木齐
2007/9/19,90,乌鲁木齐
2007/9/20,85,乌鲁木齐
2007/9/21,113,乌鲁木齐
2007/9/22,71,乌鲁木齐
2007/9/23,59,乌鲁木齐
2007/9/24,25,乌鲁木齐
2007/9/25,56,乌鲁木齐
2007/9/26,69,乌鲁木齐
2007/9/27,64,乌鲁木齐
2007/9/28,71,乌鲁木齐
2007/9/29,58,乌鲁木齐
2007/9/30,49,乌鲁木齐
2007/10/1,35,乌鲁木齐
2007/10/2,62,乌鲁木齐
2007/10/3,67,乌鲁木齐
2007/10/4,40,乌鲁木齐
2007/10/5,36,乌鲁木齐
2007/10/6,64,乌鲁木齐
2007/10/7,66,乌鲁木齐
2007/10/8,70,乌鲁木齐
2007/10/9,81,乌鲁木齐
2007/10/10,62,乌鲁木齐
2007/10/11,61,乌鲁木齐
2007/10/12,73,乌鲁木齐
2007/10/13,85,乌鲁木齐
2007/10/14,85,乌鲁木齐
2007/10/15,82,乌鲁木齐
2007/10/16,86,乌鲁木齐
2007/10/17,91,乌鲁木齐
2007/10/18,103,乌鲁木齐
2007/10/19,116,乌鲁木齐
2007/10/20,91,乌鲁木齐
2007/10/21,75,乌鲁木齐
2007/10/22,57,乌鲁木齐
2007/10/23,61,乌鲁木齐
2007/10/24,70,乌鲁木齐
2007/10/25,83,乌鲁木齐
2007/10/26,53,乌鲁木齐
2007/10/27,56,乌鲁木齐
2007/10/28,78,乌鲁木齐
2007/10/29,96,乌鲁木齐
2007/10/30,53,乌鲁木齐
2007/10/31,68,乌鲁木齐
2007/11/1,83,乌鲁木齐
2007/11/2,92,乌鲁木齐
2007/11/3,104,乌鲁木齐
2007/11/4,114,乌鲁木齐
2007/11/5,110,乌鲁木齐
2007/11/6,112,乌鲁木齐
2007/11/7,114,乌鲁木齐
2007/11/8,128,乌鲁木齐
2007/11/9,111,乌鲁木齐
2007/11/10,84,乌鲁木齐
2007/11/11,75,乌鲁木齐
2007/11/12,84,乌鲁木齐
2007/11/13,98,乌鲁木齐
2007/11/14,104,乌鲁木齐
2007/11/15,93,乌鲁木齐
2007/11/16,72,乌鲁木齐
2007/11/17,94,乌鲁木齐
2007/11/18,97,乌鲁木齐
2007/11/19,128,乌鲁木齐
2007/11/20,97,乌鲁木齐
2007/11/21,114,乌鲁木齐
2007/11/22,133,乌鲁木齐
2007/11/23,162,乌鲁木齐
2007/11/24,76,乌鲁木齐
2007/11/25,79,乌鲁木齐
2007/11/26,114,乌鲁木齐
2007/11/27,146,乌鲁木齐
2007/11/28,188,乌鲁木齐
2007/11/29,134,乌鲁木齐
2007/11/30,111,乌鲁木齐
2007/12/1,130,乌鲁木齐
2007/12/2,176,乌鲁木齐
2007/12/3,99,乌鲁木齐
2007/12/4,120,乌鲁木齐
2007/12/5,113,乌鲁木齐
2007/12/6,148,乌鲁木齐
2007/12/7,121,乌鲁木齐
2007/12/8,158,乌鲁木齐
2007/12/9,100,乌鲁木齐
2007/12/10,94,乌鲁木齐
2007/12/12,106,乌鲁木齐
2007/12/13,108,乌鲁木齐
2007/12/14,240,乌鲁木齐
2007/12/15,138,乌鲁木齐
2007/12/16,119,乌鲁木齐
2007/12/17,153,乌鲁木齐
2007/12/18,340,乌鲁木齐
2007/12/19,233,乌鲁木齐
2007/12/20,195,乌鲁木齐
2007/12/21,262,乌鲁木齐
2007/12/22,106,乌鲁木齐
2007/12/23,110,乌鲁木齐
2007/12/24,92,乌鲁木齐
2007/12/25,77,乌鲁木齐
2007/12/26,58,乌鲁木齐
2007/12/27,76,乌鲁木齐
2007/12/28,113,乌鲁木齐
2007/12/29,121,乌鲁木齐
2007/12/30,278,乌鲁木齐
2007/12/31,197,乌鲁木齐
2008/1/1,168,乌鲁木齐
2008/1/2,385,乌鲁木齐
2008/1/3,130,乌鲁木齐
2008/1/4,154,乌鲁木齐
2008/1/5,158,乌鲁木齐
2008/1/6,193,乌鲁木齐
2008/1/7,153,乌鲁木齐
2008/1/8,324,乌鲁木齐
2008/1/9,164,乌鲁木齐
2008/1/10,107,乌鲁木齐
2008/1/11,135,乌鲁木齐
2008/1/12,153,乌鲁木齐
2008/1/13,335,乌鲁木齐
2008/1/14,358,乌鲁木齐
2008/1/15,105,乌鲁木齐
2008/1/16,167,乌鲁木齐
2008/1/17,143,乌鲁木齐
2008/1/18,112,乌鲁木齐
2008/1/19,109,乌鲁木齐
2008/1/20,110,乌鲁木齐
2008/1/21,130,乌鲁木齐
2008/1/22,153,乌鲁木齐
2008/1/23,283,乌鲁木齐
2008/1/24,116,乌鲁木齐
2008/1/25,113,乌鲁木齐
2008/1/26,126,乌鲁木齐
2008/1/27,500,乌鲁木齐
2008/1/28,136,乌鲁木齐
2008/1/29,194,乌鲁木齐
2008/1/30,500,乌鲁木齐
2008/1/31,500,乌鲁木齐
2008/2/1,500,乌鲁木齐
2008/2/2,480,乌鲁木齐
2008/2/3,155,乌鲁木齐
2008/2/4,407,乌鲁木齐
2008/2/5,165,乌鲁木齐
2008/2/6,125,乌鲁木齐
2008/2/7,302,乌鲁木齐
2008/2/9,312,乌鲁木齐
2008/2/10,139,乌鲁木齐
2008/2/11,118,乌鲁木齐
2008/2/12,116,乌鲁木齐
2008/2/13,193,乌鲁木齐
2008/2/14,131,乌鲁木齐
2008/2/15,134,乌鲁木齐
2008/2/16,160,乌鲁木齐
2008/2/17,114,乌鲁木齐
2008/2/18,213,乌鲁木齐
2008/2/19,155,乌鲁木齐
2008/2/20,128,乌鲁木齐
2008/2/21,134,乌鲁木齐
2008/2/22,113,乌鲁木齐
2008/2/23,79,乌鲁木齐
2008/2/24,85,乌鲁木齐
2008/2/26,105,乌鲁木齐
2008/2/27,107,乌鲁木齐
2008/2/28,111,乌鲁木齐
2008/2/29,111,乌鲁木齐
2008/3/1,102,乌鲁木齐
2008/3/2,96,乌鲁木齐
2008/3/3,102,乌鲁木齐
2008/3/4,103,乌鲁木齐
2008/3/5,103,乌鲁木齐
2008/3/6,104,乌鲁木齐
2008/3/7,105,乌鲁木齐
2008/3/9,92,乌鲁木齐
2008/3/10,103,乌鲁木齐
2008/3/11,75,乌鲁木齐
2008/3/12,74,乌鲁木齐
2008/3/13,84,乌鲁木齐
2008/3/14,82,乌鲁木齐
2008/3/15,96,乌鲁木齐
2008/3/16,120,乌鲁木齐
2008/3/17,100,乌鲁木齐
2008/3/18,90,乌鲁木齐
2008/3/19,74,乌鲁木齐
2008/3/20,62,乌鲁木齐
2008/3/21,75,乌鲁木齐
2008/3/22,88,乌鲁木齐
2008/3/23,78,乌鲁木齐
2008/3/24,81,乌鲁木齐
2008/3/25,73,乌鲁木齐
2008/3/26,61,乌鲁木齐
2008/3/27,68,乌鲁木齐
2008/3/28,63,乌鲁木齐
2008/3/29,79,乌鲁木齐
2008/3/30,71,乌鲁木齐
2008/3/31,62,乌鲁木齐
2008/4/1,92,乌鲁木齐
2008/4/2,78,乌鲁木齐
2008/4/3,132,乌鲁木齐
2008/4/4,84,乌鲁木齐
2008/4/5,87,乌鲁木齐
2008/4/6,82,乌鲁木齐
2008/4/7,78,乌鲁木齐
2008/4/8,80,乌鲁木齐
2008/4/9,63,乌鲁木齐
2008/4/10,62,乌鲁木齐
2008/4/11,57,乌鲁木齐
2008/4/12,68,乌鲁木齐
2008/4/13,74,乌鲁木齐
2008/4/14,83,乌鲁木齐
2008/4/15,89,乌鲁木齐
2008/4/16,71,乌鲁木齐
2008/4/17,75,乌鲁木齐
2008/4/18,500,乌鲁木齐
2008/4/19,45,乌鲁木齐
2008/4/20,57,乌鲁木齐
2008/4/21,63,乌鲁木齐
2008/4/22,74,乌鲁木齐
2008/4/23,75,乌鲁木齐
2008/4/24,98,乌鲁木齐
2008/4/25,82,乌鲁木齐
2008/4/26,51,乌鲁木齐
2008/4/27,80,乌鲁木齐
2008/4/28,72,乌鲁木齐
2008/4/29,45,乌鲁木齐
2008/4/30,62,乌鲁木齐
2008/5/1,50,乌鲁木齐
2008/5/2,32,乌鲁木齐
2008/5/3,55,乌鲁木齐
2008/5/4,91,乌鲁木齐
2008/5/5,107,乌鲁木齐
2008/5/6,52,乌鲁木齐
2008/5/7,46,乌鲁木齐
2008/5/8,63,乌鲁木齐
2008/5/9,57,乌鲁木齐
2008/5/10,79,乌鲁木齐
2008/5/11,78,乌鲁木齐
2008/5/12,73,乌鲁木齐
2008/5/13,69,乌鲁木齐
2008/5/14,73,乌鲁木齐
2008/5/15,97,乌鲁木齐
2008/5/16,74,乌鲁木齐
2008/5/17,76,乌鲁木齐
2008/5/18,64,乌鲁木齐
2008/5/19,51,乌鲁木齐
2008/5/20,50,乌鲁木齐
2008/5/21,58,乌鲁木齐
2008/5/22,66,乌鲁木齐
2008/5/23,73,乌鲁木齐
2008/5/24,72,乌鲁木齐
2008/5/25,51,乌鲁木齐
2008/5/26,57,乌鲁木齐
2008/5/27,68,乌鲁木齐
2008/5/28,64,乌鲁木齐
2008/5/29,64,乌鲁木齐
2008/5/30,74,乌鲁木齐
2008/5/31,76,乌鲁木齐
2008/6/1,77,乌鲁木齐
2008/6/2,91,乌鲁木齐
2008/6/3,66,乌鲁木齐
2008/6/5,61,乌鲁木齐
2008/6/6,73,乌鲁木齐
2008/6/7,101,乌鲁木齐
2008/6/8,67,乌鲁木齐
2008/6/9,89,乌鲁木齐
2008/6/10,83,乌鲁木齐
2008/6/11,97,乌鲁木齐
2008/6/12,57,乌鲁木齐
2008/6/13,52,乌鲁木齐
2008/6/14,63,乌鲁木齐
2008/6/15,73,乌鲁木齐
2008/6/16,77,乌鲁木齐
2008/6/17,64,乌鲁木齐
2008/6/18,60,乌鲁木齐
2008/6/19,51,乌鲁木齐
2008/6/20,51,乌鲁木齐
2008/6/21,48,乌鲁木齐
2008/6/22,64,乌鲁木齐
2008/6/23,77,乌鲁木齐
2008/6/24,65,乌鲁木齐
2008/6/25,59,乌鲁木齐
2008/6/26,77,乌鲁木齐
2008/6/27,58,乌鲁木齐
2008/6/28,62,乌鲁木齐
2008/6/29,62,乌鲁木齐
2008/7/1,55,乌鲁木齐
2008/7/2,56,乌鲁木齐
2008/7/3,71,乌鲁木齐
2008/7/4,56,乌鲁木齐
2008/7/5,72,乌鲁木齐
2008/7/6,63,乌鲁木齐
2008/7/7,51,乌鲁木齐
2008/7/8,76,乌鲁木齐
2008/7/9,59,乌鲁木齐
2008/7/10,58,乌鲁木齐
2008/7/11,61,乌鲁木齐
2008/7/12,64,乌鲁木齐
2008/7/13,75,乌鲁木齐
2008/7/14,69,乌鲁木齐
2008/7/15,78,乌鲁木齐
2008/7/16,84,乌鲁木齐
2008/7/17,69,乌鲁木齐
2008/7/18,69,乌鲁木齐
2008/7/19,66,乌鲁木齐
2008/7/20,52,乌鲁木齐
2008/7/21,54,乌鲁木齐
2008/7/22,54,乌鲁木齐
2008/7/23,62,乌鲁木齐
2008/7/24,59,乌鲁木齐
2008/7/25,61,乌鲁木齐
2008/7/26,32,乌鲁木齐
2008/7/27,53,乌鲁木齐
2008/7/28,62,乌鲁木齐
2008/7/29,54,乌鲁木齐
2008/7/30,66,乌鲁木齐
2008/7/31,69,乌鲁木齐
2008/8/1,67,乌鲁木齐
2008/8/2,69,乌鲁木齐
2008/8/3,71,乌鲁木齐
2008/8/4,91,乌鲁木齐
2008/8/5,72,乌鲁木齐
2008/8/6,52,乌鲁木齐
2008/8/7,68,乌鲁木齐
2008/8/8,91,乌鲁木齐
2008/8/9,81,乌鲁木齐
2008/8/10,95,乌鲁木齐
2008/8/11,98,乌鲁木齐
2008/8/12,65,乌鲁木齐
2008/8/13,51,乌鲁木齐
2008/8/14,66,乌鲁木齐
2008/8/15,80,乌鲁木齐
2008/8/16,67,乌鲁木齐
2008/8/16,74,乌鲁木齐
2008/8/17,76,乌鲁木齐
2008/8/18,54,乌鲁木齐
2008/8/19,69,乌鲁木齐
2008/8/20,34,乌鲁木齐
2008/8/21,64,乌鲁木齐
2008/8/22,71,乌鲁木齐
2008/8/23,72,乌鲁木齐
2008/8/24,65,乌鲁木齐
2008/8/25,57,乌鲁木齐
2008/8/26,60,乌鲁木齐
2008/8/27,63,乌鲁木齐
2008/8/28,27,乌鲁木齐
2008/8/29,68,乌鲁木齐
2008/8/30,78,乌鲁木齐
2008/8/31,78,乌鲁木齐
2008/9/1,62,乌鲁木齐
2008/9/2,63,乌鲁木齐
2008/9/3,66,乌鲁木齐
2008/9/4,76,乌鲁木齐
2008/9/5,66,乌鲁木齐
2008/9/6,63,乌鲁木齐
2008/9/7,58,乌鲁木齐
2008/9/8,55,乌鲁木齐
2008/9/9,67,乌鲁木齐
2008/9/10,73,乌鲁木齐
2008/9/11,90,乌鲁木齐
2008/9/12,88,乌鲁木齐
2008/9/13,63,乌鲁木齐
2008/9/14,71,乌鲁木齐
2008/9/15,73,乌鲁木齐
2008/9/16,69,乌鲁木齐
2008/9/17,74,乌鲁木齐
2008/9/18,98,乌鲁木齐
2008/9/20,53,乌鲁木齐
2008/9/21,39,乌鲁木齐
2008/9/22,53,乌鲁木齐
2008/9/23,32,乌鲁木齐
2008/9/24,49,乌鲁木齐
2008/9/25,70,乌鲁木齐
2008/9/26,79,乌鲁木齐
2008/9/27,87,乌鲁木齐
2008/9/29,82,乌鲁木齐
2008/9/30,89,乌鲁木齐
2008/10/1,75,乌鲁木齐
2008/10/2,67,乌鲁木齐
2008/10/3,55,乌鲁木齐
2008/10/4,79,乌鲁木齐
2008/10/5,78,乌鲁木齐
2008/10/6,64,乌鲁木齐
2008/10/7,56,乌鲁木齐
2008/10/8,73,乌鲁木齐
2008/10/9,76,乌鲁木齐
2008/10/10,81,乌鲁木齐
2008/10/11,92,乌鲁木齐
2008/10/12,168,乌鲁木齐
2008/10/13,100,乌鲁木齐
2008/10/14,94,乌鲁木齐
2008/10/15,95,乌鲁木齐
2008/10/16,76,乌鲁木齐
2008/10/17,56,乌鲁木齐
2008/10/18,85,乌鲁木齐
2008/10/19,96,乌鲁木齐
2008/10/20,99,乌鲁木齐
2008/10/21,58,乌鲁木齐
2008/10/22,87,乌鲁木齐
2008/10/23,84,乌鲁木齐
2008/10/24,134,乌鲁木齐
2008/10/25,133,乌鲁木齐
2008/10/26,100,乌鲁木齐
2008/10/27,76,乌鲁木齐
2008/10/28,122,乌鲁木齐
2008/10/29,148,乌鲁木齐
2008/10/30,95,乌鲁木齐
2008/10/31,92,乌鲁木齐
2008/11/1,94,乌鲁木齐
2008/11/2,96,乌鲁木齐
2008/11/3,95,乌鲁木齐
2008/11/4,63,乌鲁木齐
2008/11/5,77,乌鲁木齐
2008/11/6,88,乌鲁木齐
2008/11/7,99,乌鲁木齐
2008/11/8,127,乌鲁木齐
2008/11/9,115,乌鲁木齐
2008/11/10,53,乌鲁木齐
2008/11/11,77,乌鲁木齐
2008/11/12,52,乌鲁木齐
2008/11/13,95,乌鲁木齐
2008/11/14,108,乌鲁木齐
2008/11/15,97,乌鲁木齐
2008/11/16,86,乌鲁木齐
2008/11/17,100,乌鲁木齐
2008/11/18,98,乌鲁木齐
2008/11/19,83,乌鲁木齐
2008/11/20,90,乌鲁木齐
2008/11/21,157,乌鲁木齐
2008/11/22,192,乌鲁木齐
2008/11/23,193,乌鲁木齐
2008/11/24,188,乌鲁木齐
2008/11/25,196,乌鲁木齐
2008/11/26,389,乌鲁木齐
2008/11/27,100,乌鲁木齐
2008/11/28,99,乌鲁木齐
2008/11/29,195,乌鲁木齐
2008/11/30,98,乌鲁木齐
2008/12/1,99,乌鲁木齐
2008/12/2,98,乌鲁木齐
2008/12/3,69,乌鲁木齐
2008/12/4,99,乌鲁木齐
2008/12/5,114,乌鲁木齐
2008/12/6,149,乌鲁木齐
2008/12/7,132,乌鲁木齐
2008/12/8,134,乌鲁木齐
2008/12/9,252,乌鲁木齐
2008/12/10,263,乌鲁木齐
2008/12/11,125,乌鲁木齐
2008/12/12,98,乌鲁木齐
2008/12/13,134,乌鲁木齐
2008/12/14,98,乌鲁木齐
2008/12/15,94,乌鲁木齐
2008/12/16,138,乌鲁木齐
2008/12/17,109,乌鲁木齐
2008/12/18,124,乌鲁木齐
2008/12/19,100,乌鲁木齐
2008/12/20,125,乌鲁木齐
2008/12/21,77,乌鲁木齐
2008/12/22,91,乌鲁木齐
2008/12/23,135,乌鲁木齐
2008/12/24,299,乌鲁木齐
2008/12/25,288,乌鲁木齐
2008/12/26,157,乌鲁木齐
2008/12/27,89,乌鲁木齐
2008/12/28,102,乌鲁木齐
2008/12/29,122,乌鲁木齐
2008/12/30,500,乌鲁木齐
2008/12/31,137,乌鲁木齐
2009/1/1,158,乌鲁木齐
2009/1/2,149,乌鲁木齐
2009/1/3,289,乌鲁木齐
2009/1/4,138,乌鲁木齐
2009/1/5,200,乌鲁木齐
2009/1/6,292,乌鲁木齐
2009/1/7,500,乌鲁木齐
2009/1/8,170,乌鲁木齐
2009/1/9,260,乌鲁木齐
2009/1/10,292,乌鲁木齐
2009/1/11,372,乌鲁木齐
2009/1/12,163,乌鲁木齐
2009/1/13,153,乌鲁木齐
2009/1/14,296,乌鲁木齐
2009/1/15,134,乌鲁木齐
2009/1/16,128,乌鲁木齐
2009/1/17,96,乌鲁木齐
2009/1/18,112,乌鲁木齐
2009/1/19,185,乌鲁木齐
2009/1/20,194,乌鲁木齐
2009/1/21,199,乌鲁木齐
2009/1/22,94,乌鲁木齐
2009/1/23,112,乌鲁木齐
2009/1/24,369,乌鲁木齐
2009/1/25,167,乌鲁木齐
2009/1/26,196,乌鲁木齐
2009/1/27,200,乌鲁木齐
2009/1/28,252,乌鲁木齐
2009/1/29,252,乌鲁木齐
2009/1/30,118,乌鲁木齐
2009/1/31,149,乌鲁木齐
2009/2/1,289,乌鲁木齐
2009/2/2,139,乌鲁木齐
2009/2/3,202,乌鲁木齐
2009/2/4,292,乌鲁木齐
2009/2/5,93,乌鲁木齐
2009/2/6,78,乌鲁木齐
2009/2/7,85,乌鲁木齐
2009/2/8,181,乌鲁木齐
2009/2/9,292,乌鲁木齐
2009/2/10,280,乌鲁木齐
2009/2/11,133,乌鲁木齐
2009/2/12,93,乌鲁木齐
2009/2/13,93,乌鲁木齐
2009/2/14,166,乌鲁木齐
2009/2/15,319,乌鲁木齐
2009/2/16,448,乌鲁木齐
2009/2/17,481,乌鲁木齐
2009/2/19,122,乌鲁木齐
2009/2/20,145,乌鲁木齐
2009/2/21,164,乌鲁木齐
2009/2/22,133,乌鲁木齐
2009/2/23,151,乌鲁木齐
2009/2/24,102,乌鲁木齐
2009/2/25,129,乌鲁木齐
2009/2/26,196,乌鲁木齐
2009/2/27,153,乌鲁木齐
2009/2/28,125,乌鲁木齐
2009/3/1,118,乌鲁木齐
2009/3/2,88,乌鲁木齐
2009/3/3,91,乌鲁木齐
2009/3/4,88,乌鲁木齐
2009/3/5,97,乌鲁木齐
2009/3/6,126,乌鲁木齐
2009/3/7,161,乌鲁木齐
2009/3/8,185,乌鲁木齐
2009/3/9,90,乌鲁木齐
2009/3/10,62,乌鲁木齐
2009/3/11,56,乌鲁木齐
2009/3/12,80,乌鲁木齐
2009/3/13,99,乌鲁木齐
2009/3/14,95,乌鲁木齐
2009/3/15,96,乌鲁木齐
2009/3/16,103,乌鲁木齐
2009/3/17,100,乌鲁木齐
2009/3/18,69,乌鲁木齐
2009/3/19,67,乌鲁木齐
2009/3/20,50,乌鲁木齐
2009/3/21,59,乌鲁木齐
2009/3/22,119,乌鲁木齐
2009/3/23,128,乌鲁木齐
2009/3/24,97,乌鲁木齐
2009/3/25,69,乌鲁木齐
2009/3/26,73,乌鲁木齐
2009/3/27,65,乌鲁木齐
2009/3/28,65,乌鲁木齐
2009/3/29,72,乌鲁木齐
2009/3/30,82,乌鲁木齐
2009/3/31,86,乌鲁木齐
2009/4/1,69,乌鲁木齐
2009/4/2,59,乌鲁木齐
2009/4/3,58,乌鲁木齐
2009/4/4,65,乌鲁木齐
2009/4/5,79,乌鲁木齐
2009/4/6,79,乌鲁木齐
2009/4/7,89,乌鲁木齐
2009/4/8,79,乌鲁木齐
2009/4/9,52,乌鲁木齐
2009/4/10,65,乌鲁木齐
2009/4/11,76,乌鲁木齐
2009/4/12,77,乌鲁木齐
2009/4/13,65,乌鲁木齐
2009/4/14,63,乌鲁木齐
2009/4/15,63,乌鲁木齐
2009/4/16,57,乌鲁木齐
2009/4/17,43,乌鲁木齐
2009/4/18,49,乌鲁木齐
2009/4/19,50,乌鲁木齐
2009/4/20,76,乌鲁木齐
2009/4/21,70,乌鲁木齐
2009/4/22,73,乌鲁木齐
2009/4/23,60,乌鲁木齐
2009/4/24,70,乌鲁木齐
2009/4/25,119,乌鲁木齐
2009/4/26,177,乌鲁木齐
2009/4/27,179,乌鲁木齐
2009/4/28,72,乌鲁木齐
2009/4/29,48,乌鲁木齐
2009/4/30,45,乌鲁木齐
2009/5/1,63,乌鲁木齐
2009/5/2,58,乌鲁木齐
2009/5/3,84,乌鲁木齐
2009/5/4,78,乌鲁木齐
2009/5/5,38,乌鲁木齐
2009/5/6,39,乌鲁木齐
2009/5/7,34,乌鲁木齐
2009/5/8,30,乌鲁木齐
2009/5/9,59,乌鲁木齐
2009/5/10,50,乌鲁木齐
2009/5/11,58,乌鲁木齐
2009/5/12,65,乌鲁木齐
2009/5/13,70,乌鲁木齐
2009/5/14,63,乌鲁木齐
2009/5/15,40,乌鲁木齐
2009/5/16,59,乌鲁木齐
2009/5/17,59,乌鲁木齐
2009/5/18,40,乌鲁木齐
2009/5/19,61,乌鲁木齐
2009/5/20,25,乌鲁木齐
2009/5/21,61,乌鲁木齐
2009/5/22,74,乌鲁木齐
2009/5/23,54,乌鲁木齐
2009/5/24,62,乌鲁木齐
2009/5/25,62,乌鲁木齐
2009/5/26,18,乌鲁木齐
2009/5/27,36,乌鲁木齐
2009/5/28,53,乌鲁木齐
2009/5/29,62,乌鲁木齐
2009/5/30,67,乌鲁木齐
2009/5/31,74,乌鲁木齐
2009/6/1,55,乌鲁木齐
2009/6/2,65,乌鲁木齐
2009/6/3,66,乌鲁木齐
2009/6/4,41,乌鲁木齐
2009/6/5,50,乌鲁木齐
2009/6/6,57,乌鲁木齐
2009/6/7,56,乌鲁木齐
2009/6/8,98,乌鲁木齐
2009/6/9,55,乌鲁木齐
2009/6/10,59,乌鲁木齐
2009/6/11,58,乌鲁木齐
2009/6/12,58,乌鲁木齐
2009/6/13,71,乌鲁木齐
2009/6/14,24,乌鲁木齐
2009/6/15,60,乌鲁木齐
2009/6/16,61,乌鲁木齐
2009/6/17,59,乌鲁木齐
2009/6/18,36,乌鲁木齐
2009/6/19,50,乌鲁木齐
2009/6/21,50,乌鲁木齐
2009/6/22,56,乌鲁木齐
2009/6/23,74,乌鲁木齐
2009/6/24,71,乌鲁木齐
2009/6/25,53,乌鲁木齐
2009/6/26,33,乌鲁木齐
2009/6/27,60,乌鲁木齐
2009/6/28,64,乌鲁木齐
2009/6/29,60,乌鲁木齐
2009/6/30,56,乌鲁木齐
2009/7/1,32,乌鲁木齐
2009/7/2,55,乌鲁木齐
2009/7/3,61,乌鲁木齐
2009/7/4,71,乌鲁木齐
2009/7/5,72,乌鲁木齐
2009/7/6,63,乌鲁木齐
2009/7/7,59,乌鲁木齐
2009/7/8,57,乌鲁木齐
2009/7/9,50,乌鲁木齐
2009/7/10,49,乌鲁木齐
2009/7/11,58,乌鲁木齐
2009/7/12,67,乌鲁木齐
2009/7/13,68,乌鲁木齐
2009/7/14,48,乌鲁木齐
2009/7/15,57,乌鲁木齐
2009/7/16,55,乌鲁木齐
2009/7/17,54,乌鲁木齐
2009/7/18,59,乌鲁木齐
2009/7/19,56,乌鲁木齐
2009/7/20,56,乌鲁木齐
2009/7/21,57,乌鲁木齐
2009/7/22,63,乌鲁木齐
2009/7/23,53,乌鲁木齐
2009/7/24,64,乌鲁木齐
2009/7/25,61,乌鲁木齐
2009/7/26,63,乌鲁木齐
2009/7/27,82,乌鲁木齐
2009/7/28,91,乌鲁木齐
2009/7/29,71,乌鲁木齐
2009/7/30,56,乌鲁木齐
2009/7/31,59,乌鲁木齐
2009/8/1,75,乌鲁木齐
2009/8/2,73,乌鲁木齐
2009/8/3,60,乌鲁木齐
2009/8/4,53,乌鲁木齐
2009/8/5,56,乌鲁木齐
2009/8/6,50,乌鲁木齐
2009/8/7,48,乌鲁木齐
2009/8/8,74,乌鲁木齐
2009/8/9,82,乌鲁木齐
2009/8/10,80,乌鲁木齐
2009/8/11,72,乌鲁木齐
2009/8/12,123,乌鲁木齐
2009/8/13,57,乌鲁木齐
2009/8/14,56,乌鲁木齐
2009/8/15,59,乌鲁木齐
2009/8/16,74,乌鲁木齐
2009/8/17,65,乌鲁木齐
2009/8/18,65,乌鲁木齐
2009/8/19,77,乌鲁木齐
2009/8/20,77,乌鲁木齐
2009/8/21,71,乌鲁木齐
2009/8/22,49,乌鲁木齐
2009/8/23,60,乌鲁木齐
2009/8/24,66,乌鲁木齐
2009/8/25,80,乌鲁木齐
2009/8/26,79,乌鲁木齐
2009/8/27,67,乌鲁木齐
2009/8/28,76,乌鲁木齐
2009/8/29,80,乌鲁木齐
2009/8/30,94,乌鲁木齐
2009/8/31,79,乌鲁木齐
2009/9/1,75,乌鲁木齐
2009/9/2,60,乌鲁木齐
2009/9/3,55,乌鲁木齐
2009/9/4,61,乌鲁木齐
2009/9/5,67,乌鲁木齐
2009/9/6,57,乌鲁木齐
2009/9/7,67,乌鲁木齐
2009/9/8,54,乌鲁木齐
2009/9/9,54,乌鲁木齐
2009/9/10,44,乌鲁木齐
2009/9/11,48,乌鲁木齐
2009/9/12,61,乌鲁木齐
2009/9/13,60,乌鲁木齐
2009/9/14,71,乌鲁木齐
2009/9/15,80,乌鲁木齐
2009/9/16,79,乌鲁木齐
2009/9/17,95,乌鲁木齐
2009/9/18,50,乌鲁木齐
2009/9/19,51,乌鲁木齐
2009/9/20,65,乌鲁木齐
2009/9/21,87,乌鲁木齐
2009/9/22,88,乌鲁木齐
2009/9/23,85,乌鲁木齐
2009/9/24,57,乌鲁木齐
2009/9/25,69,乌鲁木齐
2009/9/26,79,乌鲁木齐
2009/9/27,88,乌鲁木齐
2009/9/28,71,乌鲁木齐
2009/9/29,55,乌鲁木齐
2009/9/30,64,乌鲁木齐
2009/10/1,72,乌鲁木齐
2009/10/2,78,乌鲁木齐
2009/10/3,90,乌鲁木齐
2009/10/4,77,乌鲁木齐
2009/10/5,58,乌鲁木齐
2009/10/6,66,乌鲁木齐
2009/10/7,66,乌鲁木齐
2009/10/8,77,乌鲁木齐
2009/10/9,88,乌鲁木齐
2009/10/10,77,乌鲁木齐
2009/10/11,87,乌鲁木齐
2009/10/12,59,乌鲁木齐
2009/10/13,57,乌鲁木齐
2009/10/14,57,乌鲁木齐
2009/10/15,66,乌鲁木齐
2009/10/16,74,乌鲁木齐
2009/10/17,95,乌鲁木齐
2009/10/18,77,乌鲁木齐
2009/10/19,76,乌鲁木齐
2009/10/20,84,乌鲁木齐
2009/10/21,74,乌鲁木齐
2009/10/22,81,乌鲁木齐
2009/10/23,84,乌鲁木齐
2009/10/24,68,乌鲁木齐
2009/10/25,61,乌鲁木齐
2009/10/26,100,乌鲁木齐
2009/10/27,98,乌鲁木齐
2009/10/28,111,乌鲁木齐
2009/10/29,82,乌鲁木齐
2009/10/30,49,乌鲁木齐
2009/10/31,68,乌鲁木齐
2009/11/1,84,乌鲁木齐
2009/11/2,83,乌鲁木齐
2009/11/3,95,乌鲁木齐
2009/11/4,173,乌鲁木齐
2009/11/5,157,乌鲁木齐
2009/11/6,98,乌鲁木齐
2009/11/7,61,乌鲁木齐
2009/11/8,88,乌鲁木齐
2009/11/9,67,乌鲁木齐
2009/11/10,29,乌鲁木齐
2009/11/11,74,乌鲁木齐
2009/11/12,68,乌鲁木齐
2009/11/13,103,乌鲁木齐
2009/11/14,77,乌鲁木齐
2009/11/15,72,乌鲁木齐
2009/11/16,71,乌鲁木齐
2009/11/17,132,乌鲁木齐
2009/11/18,159,乌鲁木齐
2009/11/19,196,乌鲁木齐
2009/11/20,447,乌鲁木齐
2009/11/21,149,乌鲁木齐
2009/11/22,197,乌鲁木齐
2009/11/23,150,乌鲁木齐
2009/11/24,149,乌鲁木齐
2009/11/25,61,乌鲁木齐
2009/11/26,91,乌鲁木齐
2009/11/27,101,乌鲁木齐
2009/11/28,107,乌鲁木齐
2009/11/29,375,乌鲁木齐
2009/11/30,112,乌鲁木齐
2009/12/1,101,乌鲁木齐
2009/12/2,108,乌鲁木齐
2009/12/3,96,乌鲁木齐
2009/12/4,117,乌鲁木齐
2009/12/5,101,乌鲁木齐
2009/12/6,110,乌鲁木齐
2009/12/7,109,乌鲁木齐
2009/12/8,177,乌鲁木齐
2009/12/9,127,乌鲁木齐
2009/12/11,123,乌鲁木齐
2009/12/12,273,乌鲁木齐
2009/12/13,131,乌鲁木齐
2009/12/14,487,乌鲁木齐
2009/12/15,121,乌鲁木齐
2009/12/16,163,乌鲁木齐
2009/12/17,193,乌鲁木齐
2009/12/18,127,乌鲁木齐
2009/12/19,127,乌鲁木齐
2009/12/20,125,乌鲁木齐
2009/12/21,156,乌鲁木齐
2009/12/22,150,乌鲁木齐
2009/12/23,99,乌鲁木齐
2009/12/24,100,乌鲁木齐
2009/12/25,97,乌鲁木齐
2009/12/26,89,乌鲁木齐
2009/12/27,97,乌鲁木齐
2009/12/28,245,乌鲁木齐
2009/12/29,183,乌鲁木齐
2009/12/30,182,乌鲁木齐
2009/12/31,353,乌鲁木齐
2010/1/1,283,乌鲁木齐
2010/1/2,155,乌鲁木齐
2010/1/3,136,乌鲁木齐
2010/1/4,136,乌鲁木齐
2010/1/5,182,乌鲁木齐
2010/1/6,147,乌鲁木齐
2010/1/7,87,乌鲁木齐
2010/1/8,81,乌鲁木齐
2010/1/9,59,乌鲁木齐
2010/1/10,66,乌鲁木齐
2010/1/11,81,乌鲁木齐
2010/1/12,108,乌鲁木齐
2010/1/13,195,乌鲁木齐
2010/1/14,157,乌鲁木齐
2010/1/15,177,乌鲁木齐
2010/1/16,178,乌鲁木齐
2010/1/17,230,乌鲁木齐
2010/1/18,120,乌鲁木齐
2010/1/19,81,乌鲁木齐
2010/1/20,90,乌鲁木齐
2010/1/21,104,乌鲁木齐
2010/1/22,109,乌鲁木齐
2010/1/23,132,乌鲁木齐
2010/1/24,149,乌鲁木齐
2010/1/25,117,乌鲁木齐
2010/1/26,141,乌鲁木齐
2010/1/27,125,乌鲁木齐
2010/1/28,112,乌鲁木齐
2010/1/29,109,乌鲁木齐
2010/1/30,103,乌鲁木齐
2010/1/31,289,乌鲁木齐
2010/2/1,298,乌鲁木齐
2010/2/2,173,乌鲁木齐
2010/2/3,153,乌鲁木齐
2010/2/4,185,乌鲁木齐
2010/2/5,147,乌鲁木齐
2010/2/6,89,乌鲁木齐
2010/2/7,101,乌鲁木齐
2010/2/8,105,乌鲁木齐
2010/2/9,111,乌鲁木齐
2010/2/10,131,乌鲁木齐
2010/2/11,112,乌鲁木齐
2010/2/12,117,乌鲁木齐
2010/2/13,116,乌鲁木齐
2010/2/15,153,乌鲁木齐
2010/2/16,108,乌鲁木齐
2010/2/17,118,乌鲁木齐
2010/2/18,127,乌鲁木齐
2010/2/19,123,乌鲁木齐
2010/2/20,146,乌鲁木齐
2010/2/21,199,乌鲁木齐
2010/2/22,212,乌鲁木齐
2010/2/23,126,乌鲁木齐
2010/2/24,115,乌鲁木齐
2010/2/25,103,乌鲁木齐
2010/2/26,126,乌鲁木齐
2010/2/27,149,乌鲁木齐
2010/2/28,119,乌鲁木齐
2010/3/1,94,乌鲁木齐
2010/3/2,92,乌鲁木齐
2010/3/3,90,乌鲁木齐
2010/3/4,78,乌鲁木齐
2010/3/5,89,乌鲁木齐
2010/3/6,99,乌鲁木齐
2010/3/7,98,乌鲁木齐
2010/3/8,97,乌鲁木齐
2010/3/9,99,乌鲁木齐
2010/3/10,124,乌鲁木齐
2010/3/11,126,乌鲁木齐
2010/3/12,99,乌鲁木齐
2010/3/13,48,乌鲁木齐
2010/3/14,60,乌鲁木齐
2010/3/16,84,乌鲁木齐
2010/3/17,99,乌鲁木齐
2010/3/18,175,乌鲁木齐
2010/3/19,81,乌鲁木齐
2010/3/20,84,乌鲁木齐
2010/3/21,68,乌鲁木齐
2010/3/22,92,乌鲁木齐
2010/3/23,107,乌鲁木齐
2010/3/24,118,乌鲁木齐
2010/3/25,77,乌鲁木齐
2010/3/26,82,乌鲁木齐
2010/3/27,85,乌鲁木齐
2010/3/28,81,乌鲁木齐
2010/3/29,51,乌鲁木齐
2010/3/30,99,乌鲁木齐
2010/3/31,73,乌鲁木齐
2010/4/1,79,乌鲁木齐
2010/4/2,80,乌鲁木齐
2010/4/3,112,乌鲁木齐
2010/4/4,134,乌鲁木齐
2010/4/5,99,乌鲁木齐
2010/4/6,100,乌鲁木齐
2010/4/7,92,乌鲁木齐
2010/4/8,53,乌鲁木齐
2010/4/9,52,乌鲁木齐
2010/4/10,56,乌鲁木齐
2010/4/11,65,乌鲁木齐
2010/4/12,64,乌鲁木齐
2010/4/13,82,乌鲁木齐
2010/4/14,93,乌鲁木齐
2010/4/15,99,乌鲁木齐
2010/4/16,88,乌鲁木齐
2010/4/17,66,乌鲁木齐
2010/4/18,65,乌鲁木齐
2010/4/19,44,乌鲁木齐
2010/4/20,38,乌鲁木齐
2010/4/21,76,乌鲁木齐
2010/4/22,72,乌鲁木齐
2010/4/23,94,乌鲁木齐
2010/4/24,436,乌鲁木齐
2010/4/25,81,乌鲁木齐
2010/4/26,96,乌鲁木齐
2010/4/27,99,乌鲁木齐
2010/4/28,100,乌鲁木齐
2010/4/29,100,乌鲁木齐
2010/4/30,98,乌鲁木齐
2010/5/1,77,乌鲁木齐
2010/5/2,72,乌鲁木齐
2010/5/3,25,乌鲁木齐
2010/5/4,45,乌鲁木齐
2010/5/5,66,乌鲁木齐
2010/5/6,63,乌鲁木齐
2010/5/7,76,乌鲁木齐
2010/5/8,78,乌鲁木齐
2010/5/9,92,乌鲁木齐
2010/5/10,87,乌鲁木齐
2010/5/11,75,乌鲁木齐
2010/5/12,68,乌鲁木齐
2010/5/13,76,乌鲁木齐
2010/5/14,59,乌鲁木齐
2010/5/15,37,乌鲁木齐
2010/5/16,37,乌鲁木齐
2010/5/17,55,乌鲁木齐
2010/5/18,73,乌鲁木齐
2010/5/19,80,乌鲁木齐
2010/5/20,61,乌鲁木齐
2010/5/22,87,乌鲁木齐
2010/5/23,89,乌鲁木齐
2010/5/24,51,乌鲁木齐
2010/5/25,63,乌鲁木齐
2010/5/26,71,乌鲁木齐
2010/5/27,69,乌鲁木齐
2010/5/28,76,乌鲁木齐
2010/5/29,47,乌鲁木齐
2010/5/30,54,乌鲁木齐
2010/5/31,72,乌鲁木齐
2010/6/1,79,乌鲁木齐
2010/6/2,76,乌鲁木齐
2010/6/3,34,乌鲁木齐
2010/6/4,49,乌鲁木齐
2010/6/5,54,乌鲁木齐
2010/6/6,47,乌鲁木齐
2010/6/7,62,乌鲁木齐
2010/6/8,97,乌鲁木齐
2010/6/9,94,乌鲁木齐
2010/6/10,92,乌鲁木齐
2010/6/11,60,乌鲁木齐
2010/6/12,69,乌鲁木齐
2010/6/13,77,乌鲁木齐
2010/6/14,55,乌鲁木齐
2010/6/15,63,乌鲁木齐
2010/6/16,66,乌鲁木齐
2010/6/17,69,乌鲁木齐
2010/6/18,78,乌鲁木齐
2010/6/19,76,乌鲁木齐
2010/6/20,99,乌鲁木齐
2010/6/21,77,乌鲁木齐
2010/6/22,72,乌鲁木齐
2010/6/24,55,乌鲁木齐
2010/6/25,28,乌鲁木齐
2010/6/26,36,乌鲁木齐
2010/6/27,56,乌鲁木齐
2010/6/28,67,乌鲁木齐
2010/6/29,50,乌鲁木齐
2010/6/30,63,乌鲁木齐
2010/7/1,47,乌鲁木齐
2010/7/2,61,乌鲁木齐
2010/7/3,71,乌鲁木齐
2010/7/4,61,乌鲁木齐
2010/7/5,63,乌鲁木齐
2010/7/6,69,乌鲁木齐
2010/7/7,45,乌鲁木齐
2010/7/8,61,乌鲁木齐
2010/7/9,69,乌鲁木齐
2010/7/10,76,乌鲁木齐
2010/7/11,66,乌鲁木齐
2010/7/12,51,乌鲁木齐
2010/7/13,65,乌鲁木齐
2010/7/14,79,乌鲁木齐
2010/7/15,61,乌鲁木齐
2010/7/16,80,乌鲁木齐
2010/7/17,84,乌鲁木齐
2010/7/18,87,乌鲁木齐
2010/7/19,64,乌鲁木齐
2010/7/20,52,乌鲁木齐
2010/7/22,73,乌鲁木齐
2010/7/23,50,乌鲁木齐
2010/7/24,54,乌鲁木齐
2010/7/25,67,乌鲁木齐
2010/7/26,68,乌鲁木齐
2010/7/27,73,乌鲁木齐
2010/7/28,51,乌鲁木齐
2010/7/29,51,乌鲁木齐
2010/7/30,76,乌鲁木齐
2010/7/31,74,乌鲁木齐
2010/8/1,67,乌鲁木齐
2010/8/2,75,乌鲁木齐
2010/8/3,65,乌鲁木齐
2010/8/4,69,乌鲁木齐
2010/8/5,99,乌鲁木齐
2010/8/6,61,乌鲁木齐
2010/8/7,80,乌鲁木齐
2010/8/8,73,乌鲁木齐
2010/8/9,82,乌鲁木齐
2010/8/10,63,乌鲁木齐
2010/8/11,78,乌鲁木齐
2010/8/12,59,乌鲁木齐
2010/8/13,68,乌鲁木齐
2010/8/13,68,乌鲁木齐
2010/8/14,75,乌鲁木齐
2010/8/15,99,乌鲁木齐
2010/8/16,69,乌鲁木齐
2010/8/17,58,乌鲁木齐
2010/8/18,76,乌鲁木齐
2010/8/19,78,乌鲁木齐
2010/8/20,76,乌鲁木齐
2010/8/21,97,乌鲁木齐
2010/8/22,98,乌鲁木齐
2010/8/23,95,乌鲁木齐
2010/8/24,96,乌鲁木齐
2010/8/25,54,乌鲁木齐
2010/8/26,51,乌鲁木齐
2010/8/27,66,乌鲁木齐
2010/8/28,52,乌鲁木齐
2010/8/29,61,乌鲁木齐
2010/8/30,69,乌鲁木齐
2010/8/31,74,乌鲁木齐
2010/9/1,95,乌鲁木齐
2010/9/2,60,乌鲁木齐
2010/9/3,82,乌鲁木齐
2010/9/4,99,乌鲁木齐
2010/9/5,74,乌鲁木齐
2010/9/6,74,乌鲁木齐
2010/9/7,81,乌鲁木齐
2010/9/8,96,乌鲁木齐
2010/9/9,97,乌鲁木齐
2010/9/10,95,乌鲁木齐
2010/9/11,95,乌鲁木齐
2010/9/12,132,乌鲁木齐
2010/9/13,42,乌鲁木齐
2010/9/14,52,乌鲁木齐
2010/9/15,67,乌鲁木齐
2010/9/16,99,乌鲁木齐
2010/9/17,58,乌鲁木齐
2010/9/18,57,乌鲁木齐
2010/9/19,53,乌鲁木齐
2010/9/20,69,乌鲁木齐
2010/9/21,80,乌鲁木齐
2010/9/22,80,乌鲁木齐
2010/9/23,80,乌鲁木齐
2010/9/24,74,乌鲁木齐
2010/9/25,85,乌鲁木齐
2010/9/26,93,乌鲁木齐
2010/9/27,100,乌鲁木齐
2010/9/28,95,乌鲁木齐
2010/9/29,86,乌鲁木齐
2010/9/30,62,乌鲁木齐
2010/10/1,84,乌鲁木齐
2010/10/2,94,乌鲁木齐
2010/10/3,98,乌鲁木齐
2010/10/4,100,乌鲁木齐
2010/10/5,96,乌鲁木齐
2010/10/6,120,乌鲁木齐
2010/10/7,99,乌鲁木齐
2010/10/8,25,乌鲁木齐
2010/10/9,54,乌鲁木齐
2010/10/10,72,乌鲁木齐
2010/10/11,90,乌鲁木齐
2010/10/12,98,乌鲁木齐
2010/10/13,94,乌鲁木齐
2010/10/14,94,乌鲁木齐
2010/10/15,99,乌鲁木齐
2010/10/16,109,乌鲁木齐
2010/10/17,74,乌鲁木齐
2010/10/18,90,乌鲁木齐
2010/10/19,98,乌鲁木齐
2010/10/20,88,乌鲁木齐
2010/10/21,69,乌鲁木齐
2010/10/22,24,乌鲁木齐
2010/10/23,31,乌鲁木齐
2010/10/24,60,乌鲁木齐
2010/10/25,79,乌鲁木齐
2010/10/26,120,乌鲁木齐
2010/10/27,120,乌鲁木齐
2010/10/28,140,乌鲁木齐
2010/10/29,100,乌鲁木齐
2010/10/30,98,乌鲁木齐
2010/10/31,89,乌鲁木齐
2010/11/1,99,乌鲁木齐
2010/11/2,100,乌鲁木齐
2010/11/3,99,乌鲁木齐
2010/11/4,98,乌鲁木齐
2010/11/5,33,乌鲁木齐
2010/11/6,72,乌鲁木齐
2010/11/7,100,乌鲁木齐
2010/11/8,100,乌鲁木齐
2010/11/9,98,乌鲁木齐
2010/11/10,83,乌鲁木齐
2010/11/11,99,乌鲁木齐
2010/11/12,91,乌鲁木齐
2010/11/13,150,乌鲁木齐
2010/11/14,167,乌鲁木齐
2010/11/15,190,乌鲁木齐
2010/11/16,165,乌鲁木齐
2010/11/17,90,乌鲁木齐
2010/11/18,62,乌鲁木齐
2010/11/19,83,乌鲁木齐
2010/11/20,55,乌鲁木齐
2010/11/21,70,乌鲁木齐
2010/11/22,99,乌鲁木齐
2010/11/23,93,乌鲁木齐
2010/11/24,104,乌鲁木齐
2010/11/25,120,乌鲁木齐
2010/11/26,165,乌鲁木齐
2010/11/27,159,乌鲁木齐
2010/11/28,395,乌鲁木齐
2010/11/29,187,乌鲁木齐
2010/11/30,197,乌鲁木齐
2010/12/1,61,乌鲁木齐
2010/12/2,99,乌鲁木齐
2010/12/3,126,乌鲁木齐
2010/12/4,70,乌鲁木齐
2010/12/5,72,乌鲁木齐
2010/12/6,121,乌鲁木齐
2010/12/7,318,乌鲁木齐
2010/12/8,308,乌鲁木齐
2010/12/9,138,乌鲁木齐
2010/12/10,116,乌鲁木齐
2010/12/11,155,乌鲁木齐
2010/12/12,135,乌鲁木齐
2010/12/13,114,乌鲁木齐
2010/12/14,113,乌鲁木齐
2010/12/15,110,乌鲁木齐
2010/12/16,144,乌鲁木齐
2010/12/17,134,乌鲁木齐
2010/12/18,164,乌鲁木齐
2010/12/19,177,乌鲁木齐
2010/12/20,98,乌鲁木齐
2010/12/21,116,乌鲁木齐
2010/12/22,68,乌鲁木齐
2010/12/23,70,乌鲁木齐
2010/12/24,92,乌鲁木齐
2010/12/25,105,乌鲁木齐
2010/12/26,130,乌鲁木齐
2010/12/27,123,乌鲁木齐
2010/12/28,113,乌鲁木齐
2010/12/29,106,乌鲁木齐
2010/12/30,109,乌鲁木齐
2010/12/31,132,乌鲁木齐
2011/1/1,154,乌鲁木齐
2011/1/2,77,乌鲁木齐
2011/1/3,109,乌鲁木齐
2011/1/4,106,乌鲁木齐
2011/1/5,124,乌鲁木齐
2011/1/6,105,乌鲁木齐
2011/1/7,114,乌鲁木齐
2011/1/8,140,乌鲁木齐
2011/1/9,176,乌鲁木齐
2011/1/10,194,乌鲁木齐
2011/1/11,206,乌鲁木齐
2011/1/12,154,乌鲁木齐
2011/1/13,166,乌鲁木齐
2011/1/14,168,乌鲁木齐
2011/1/15,115,乌鲁木齐
2011/1/17,149,乌鲁木齐
2011/1/18,141,乌鲁木齐
2011/1/19,157,乌鲁木齐
2011/1/20,171,乌鲁木齐
2011/1/21,225,乌鲁木齐
2011/1/22,208,乌鲁木齐
2011/1/23,209,乌鲁木齐
2011/1/24,162,乌鲁木齐
2011/1/25,154,乌鲁木齐
2011/1/26,110,乌鲁木齐
2011/1/27,72,乌鲁木齐
2011/1/28,106,乌鲁木齐
2011/1/29,88,乌鲁木齐
2011/1/30,115,乌鲁木齐
2011/1/31,213,乌鲁木齐
2011/2/1,181,乌鲁木齐
2011/2/2,140,乌鲁木齐
2011/2/3,193,乌鲁木齐
2011/2/4,140,乌鲁木齐
2011/2/5,196,乌鲁木齐
2011/2/6,105,乌鲁木齐
2011/2/7,91,乌鲁木齐
2011/2/8,90,乌鲁木齐
2011/2/10,94,乌鲁木齐
2011/2/11,81,乌鲁木齐
2011/2/12,139,乌鲁木齐
2011/2/13,82,乌鲁木齐
2011/2/14,82,乌鲁木齐
2011/2/15,98,乌鲁木齐
2011/2/16,125,乌鲁木齐
2011/2/17,115,乌鲁木齐
2011/2/18,136,乌鲁木齐
2011/2/19,133,乌鲁木齐
2011/2/20,98,乌鲁木齐
2011/2/21,95,乌鲁木齐
2011/2/22,91,乌鲁木齐
2011/2/23,83,乌鲁木齐
2011/2/24,93,乌鲁木齐
2011/2/25,73,乌鲁木齐
2011/2/26,102,乌鲁木齐
2011/2/27,106,乌鲁木齐
2011/2/28,100,乌鲁木齐
2011/3/1,104,乌鲁木齐
2011/3/2,123,乌鲁木齐
2011/3/3,110,乌鲁木齐
2011/3/4,113,乌鲁木齐
2011/3/5,127,乌鲁木齐
2011/3/6,171,乌鲁木齐
2011/3/7,170,乌鲁木齐
2011/3/8,135,乌鲁木齐
2011/3/9,161,乌鲁木齐
2011/3/10,260,乌鲁木齐
2011/3/11,155,乌鲁木齐
2011/3/12,99,乌鲁木齐
2011/3/13,70,乌鲁木齐
2011/3/14,125,乌鲁木齐
2011/3/15,127,乌鲁木齐
2011/3/16,123,乌鲁木齐
2011/3/17,79,乌鲁木齐
2011/3/18,70,乌鲁木齐
2011/3/19,66,乌鲁木齐
2011/3/20,72,乌鲁木齐
2011/3/21,59,乌鲁木齐
2011/3/22,98,乌鲁木齐
2011/3/23,78,乌鲁木齐
2011/3/24,94,乌鲁木齐
2011/3/25,129,乌鲁木齐
2011/3/26,121,乌鲁木齐
2011/3/27,140,乌鲁木齐
2011/3/28,150,乌鲁木齐
2011/3/29,98,乌鲁木齐
2011/3/30,119,乌鲁木齐
2011/3/31,81,乌鲁木齐
2011/4/1,82,乌鲁木齐
2011/4/2,85,乌鲁木齐
2011/4/3,93,乌鲁木齐
2011/4/4,92,乌鲁木齐
2011/4/5,58,乌鲁木齐
2011/4/6,55,乌鲁木齐
2011/4/7,85,乌鲁木齐
2011/4/8,92,乌鲁木齐
2011/4/9,98,乌鲁木齐
2011/4/10,132,乌鲁木齐
2011/4/11,175,乌鲁木齐
2011/4/12,118,乌鲁木齐
2011/4/13,100,乌鲁木齐
2011/4/14,100,乌鲁木齐
2011/4/15,87,乌鲁木齐
2011/4/16,92,乌鲁木齐
2011/4/17,100,乌鲁木齐
2011/4/18,127,乌鲁木齐
2011/4/19,79,乌鲁木齐
2011/4/20,88,乌鲁木齐
2011/4/21,79,乌鲁木齐
2011/4/22,99,乌鲁木齐
2011/4/23,100,乌鲁木齐
2011/4/24,174,乌鲁木齐
2011/4/25,100,乌鲁木齐
2011/4/26,134,乌鲁木齐
2011/4/28,66,乌鲁木齐
2011/4/29,55,乌鲁木齐
2011/4/30,78,乌鲁木齐
2011/5/1,88,乌鲁木齐
2011/5/2,40,乌鲁木齐
2011/5/3,73,乌鲁木齐
2011/5/4,78,乌鲁木齐
2011/5/5,82,乌鲁木齐
2011/5/6,66,乌鲁木齐
2011/5/7,72,乌鲁木齐
2011/5/8,53,乌鲁木齐
2011/5/9,42,乌鲁木齐
2011/5/10,54,乌鲁木齐
2011/5/11,80,乌鲁木齐
2011/5/12,98,乌鲁木齐
2011/5/13,80,乌鲁木齐
2011/5/14,82,乌鲁木齐
2011/5/15,85,乌鲁木齐
2011/5/16,92,乌鲁木齐
2011/5/17,83,乌鲁木齐
2011/5/18,56,乌鲁木齐
2011/5/19,69,乌鲁木齐
2011/5/20,57,乌鲁木齐
2011/5/21,53,乌鲁木齐
2011/5/22,78,乌鲁木齐
2011/5/23,59,乌鲁木齐
2011/5/24,62,乌鲁木齐
2011/5/25,77,乌鲁木齐
2011/5/26,84,乌鲁木齐
2011/5/27,64,乌鲁木齐
2011/5/28,69,乌鲁木齐
2011/5/29,76,乌鲁木齐
2011/5/30,84,乌鲁木齐
2011/5/31,85,乌鲁木齐
2011/6/1,83,乌鲁木齐
2011/6/2,51,乌鲁木齐
2011/6/3,72,乌鲁木齐
2011/6/4,72,乌鲁木齐
2011/6/5,84,乌鲁木齐
2011/6/6,58,乌鲁木齐
2011/6/7,60,乌鲁木齐
2011/6/8,65,乌鲁木齐
2011/6/9,56,乌鲁木齐
2011/6/10,62,乌鲁木齐
2011/6/11,75,乌鲁木齐
2011/6/12,78,乌鲁木齐
2011/6/13,66,乌鲁木齐
2011/6/14,61,乌鲁木齐
2011/6/15,46,乌鲁木齐
2011/6/16,67,乌鲁木齐
2011/6/17,54,乌鲁木齐
2011/6/18,52,乌鲁木齐
2011/6/19,39,乌鲁木齐
2011/6/20,63,乌鲁木齐
2011/6/21,63,乌鲁木齐
2011/6/22,64,乌鲁木齐
2011/6/23,67,乌鲁木齐
2011/6/24,73,乌鲁木齐
2011/6/25,72,乌鲁木齐
2011/6/26,78,乌鲁木齐
2011/6/27,66,乌鲁木齐
2011/6/28,78,乌鲁木齐
2011/6/29,59,乌鲁木齐
2011/6/30,50,乌鲁木齐
2011/7/1,69,乌鲁木齐
2011/7/2,42,乌鲁木齐
2011/7/3,34,乌鲁木齐
2011/7/4,42,乌鲁木齐
2011/7/5,68,乌鲁木齐
2011/7/7,81,乌鲁木齐
2011/7/8,58,乌鲁木齐
2011/7/9,69,乌鲁木齐
2011/7/10,75,乌鲁木齐
2011/7/11,75,乌鲁木齐
2011/7/12,82,乌鲁木齐
2011/7/13,94,乌鲁木齐
2011/7/14,100,乌鲁木齐
2011/7/15,61,乌鲁木齐
2011/7/16,50,乌鲁木齐
2011/7/17,65,乌鲁木齐
2011/7/18,69,乌鲁木齐
2011/7/19,76,乌鲁木齐
2011/7/20,72,乌鲁木齐
2011/7/21,57,乌鲁木齐
2011/7/22,51,乌鲁木齐
2011/7/23,65,乌鲁木齐
2011/7/24,74,乌鲁木齐
2011/7/25,67,乌鲁木齐
2011/7/26,71,乌鲁木齐
2011/7/27,64,乌鲁木齐
2011/7/28,64,乌鲁木齐
2011/7/29,80,乌鲁木齐
2011/7/30,80,乌鲁木齐
2011/7/31,76,乌鲁木齐
2011/8/1,67,乌鲁木齐
2011/8/2,57,乌鲁木齐
2011/8/3,59,乌鲁木齐
2011/8/4,99,乌鲁木齐
2011/8/5,72,乌鲁木齐
2011/8/6,74,乌鲁木齐
2011/8/7,66,乌鲁木齐
2011/8/8,88,乌鲁木齐
2011/8/9,54,乌鲁木齐
2011/8/10,53,乌鲁木齐
2011/8/11,42,乌鲁木齐
2011/8/13,67,乌鲁木齐
2011/8/14,50,乌鲁木齐
2011/8/15,60,乌鲁木齐
2011/8/16,69,乌鲁木齐
2011/8/17,74,乌鲁木齐
2011/8/18,58,乌鲁木齐
2011/8/19,72,乌鲁木齐
2011/8/20,77,乌鲁木齐
2011/8/21,73,乌鲁木齐
2011/8/22,75,乌鲁木齐
2011/8/23,53,乌鲁木齐
2011/8/24,72,乌鲁木齐
2011/8/25,86,乌鲁木齐
2011/8/26,69,乌鲁木齐
2011/8/27,55,乌鲁木齐
2011/8/28,48,乌鲁木齐
2011/8/29,49,乌鲁木齐
2011/8/30,54,乌鲁木齐
2011/8/31,67,乌鲁木齐
2011/9/1,67,乌鲁木齐
2011/9/2,39,乌鲁木齐
2011/9/3,52,乌鲁木齐
2011/9/4,69,乌鲁木齐
2011/9/5,69,乌鲁木齐
2011/9/6,58,乌鲁木齐
2011/9/7,66,乌鲁木齐
2011/9/8,75,乌鲁木齐
2011/9/9,99,乌鲁木齐
2011/9/10,92,乌鲁木齐
2011/9/11,98,乌鲁木齐
2011/9/12,62,乌鲁木齐
2011/9/13,58,乌鲁木齐
2011/9/14,70,乌鲁木齐
2011/9/15,76,乌鲁木齐
2011/9/16,81,乌鲁木齐
2011/9/17,94,乌鲁木齐
2011/9/18,99,乌鲁木齐
2011/9/19,78,乌鲁木齐
2011/9/20,97,乌鲁木齐
2011/9/21,100,乌鲁木齐
2011/9/22,100,乌鲁木齐
2011/9/23,91,乌鲁木齐
2011/9/24,74,乌鲁木齐
2011/9/25,79,乌鲁木齐
2011/9/26,51,乌鲁木齐
2011/9/27,53,乌鲁木齐
2011/9/28,73,乌鲁木齐
2011/9/29,83,乌鲁木齐
2011/9/30,72,乌鲁木齐
2011/10/1,72,乌鲁木齐
2011/10/2,81,乌鲁木齐
2011/10/3,86,乌鲁木齐
2011/10/4,94,乌鲁木齐
2011/10/5,99,乌鲁木齐
2011/10/7,63,乌鲁木齐
2011/10/8,56,乌鲁木齐
2011/10/9,76,乌鲁木齐
2011/10/10,36,乌鲁木齐
2011/10/11,38,乌鲁木齐
2011/10/12,58,乌鲁木齐
2011/10/13,64,乌鲁木齐
2011/10/14,82,乌鲁木齐
2011/10/15,81,乌鲁木齐
2011/10/16,82,乌鲁木齐
2011/10/17,90,乌鲁木齐
2011/10/18,87,乌鲁木齐
2011/10/19,89,乌鲁木齐
2011/10/20,43,乌鲁木齐
2011/10/21,57,乌鲁木齐
2011/10/22,55,乌鲁木齐
2011/10/23,75,乌鲁木齐
2011/10/24,61,乌鲁木齐
2011/10/25,72,乌鲁木齐
2011/10/26,89,乌鲁木齐
2011/10/27,90,乌鲁木齐
2011/10/29,54,乌鲁木齐
2011/10/30,51,乌鲁木齐
2011/10/31,37,乌鲁木齐
2011/11/1,87,乌鲁木齐
2011/11/2,64,乌鲁木齐
2011/11/3,66,乌鲁木齐
2011/11/4,90,乌鲁木齐
2011/11/5,82,乌鲁木齐
2011/11/6,98,乌鲁木齐
2011/11/7,151,乌鲁木齐
2011/11/8,276,乌鲁木齐
2011/11/9,81,乌鲁木齐
2011/11/10,51,乌鲁木齐
2011/11/11,73,乌鲁木齐
2011/11/12,86,乌鲁木齐
2011/11/13,153,乌鲁木齐
2011/11/14,97,乌鲁木齐
2011/11/15,84,乌鲁木齐
2011/11/16,73,乌鲁木齐
2011/11/17,55,乌鲁木齐
2011/11/18,73,乌鲁木齐
2011/11/19,84,乌鲁木齐
2011/11/20,140,乌鲁木齐
2011/11/21,97,乌鲁木齐
2011/11/22,93,乌鲁木齐
2011/11/23,85,乌鲁木齐
2011/11/24,85,乌鲁木齐
2011/11/25,61,乌鲁木齐
2011/11/26,94,乌鲁木齐
2011/11/27,94,乌鲁木齐
2011/11/28,82,乌鲁木齐
2011/11/29,66,乌鲁木齐
2011/11/30,62,乌鲁木齐
2011/12/1,79,乌鲁木齐
2011/12/2,62,乌鲁木齐
2011/12/3,70,乌鲁木齐
2011/12/4,68,乌鲁木齐
2011/12/5,70,乌鲁木齐
2011/12/6,57,乌鲁木齐
2011/12/7,66,乌鲁木齐
2011/12/8,81,乌鲁木齐
2011/12/9,80,乌鲁木齐
2011/12/10,88,乌鲁木齐
2011/12/11,106,乌鲁木齐
2011/12/12,164,乌鲁木齐
2011/12/13,116,乌鲁木齐
2011/12/14,140,乌鲁木齐
2011/12/15,296,乌鲁木齐
2011/12/16,104,乌鲁木齐
2011/12/17,86,乌鲁木齐
2011/12/18,100,乌鲁木齐
2011/12/19,103,乌鲁木齐
2011/12/20,102,乌鲁木齐
2011/12/21,71,乌鲁木齐
2011/12/22,102,乌鲁木齐
2011/12/23,190,乌鲁木齐
2011/12/24,145,乌鲁木齐
2011/12/25,235,乌鲁木齐
2011/12/26,500,乌鲁木齐
2011/12/27,445,乌鲁木齐
2011/12/28,373,乌鲁木齐
2011/12/29,375,乌鲁木齐
2011/12/30,500,乌鲁木齐
2011/12/31,190,乌鲁木齐
2012/1/1,66,乌鲁木齐
2012/1/2,142,乌鲁木齐
2012/1/3,132,乌鲁木齐
2012/1/4,105,乌鲁木齐
2012/1/5,158,乌鲁木齐
2012/1/6,307,乌鲁木齐
2012/1/7,500,乌鲁木齐
2012/1/8,500,乌鲁木齐
2012/1/9,500,乌鲁木齐
2012/1/10,437,乌鲁木齐
2012/1/11,178,乌鲁木齐
2012/1/12,147,乌鲁木齐
2012/1/13,295,乌鲁木齐
2012/1/14,428,乌鲁木齐
2012/1/15,263,乌鲁木齐
2012/1/16,190,乌鲁木齐
2012/1/17,198,乌鲁木齐
2012/1/18,91,乌鲁木齐
2012/1/20,96,乌鲁木齐
2012/1/21,100,乌鲁木齐
2012/1/22,121,乌鲁木齐
2012/1/23,175,乌鲁木齐
2012/1/24,199,乌鲁木齐
2012/1/25,299,乌鲁木齐
2012/1/26,296,乌鲁木齐
2012/1/27,161,乌鲁木齐
2012/1/28,133,乌鲁木齐
2012/1/29,176,乌鲁木齐
2012/1/30,188,乌鲁木齐
2012/1/31,118,乌鲁木齐
2012/2/1,141,乌鲁木齐
2012/2/2,108,乌鲁木齐
2012/2/3,165,乌鲁木齐
2012/2/4,298,乌鲁木齐
2012/2/5,109,乌鲁木齐
2012/2/6,76,乌鲁木齐
2012/2/7,94,乌鲁木齐
2012/2/8,95,乌鲁木齐
2012/2/9,110,乌鲁木齐
2012/2/10,127,乌鲁木齐
2012/2/11,175,乌鲁木齐
2012/2/12,293,乌鲁木齐
2012/2/13,179,乌鲁木齐
2012/2/14,196,乌鲁木齐
2012/2/15,199,乌鲁木齐
2012/2/16,107,乌鲁木齐
2012/2/17,140,乌鲁木齐
2012/2/18,98,乌鲁木齐
2012/2/19,130,乌鲁木齐
2012/2/20,139,乌鲁木齐
2012/2/21,142,乌鲁木齐
2012/2/22,98,乌鲁木齐
2012/2/23,69,乌鲁木齐
2012/2/24,84,乌鲁木齐
2012/2/25,100,乌鲁木齐
2012/2/26,89,乌鲁木齐
2012/2/27,100,乌鲁木齐
2012/2/28,99,乌鲁木齐
2012/2/29,145,乌鲁木齐
2012/3/1,100,乌鲁木齐
2012/3/2,82,乌鲁木齐
2012/3/3,81,乌鲁木齐
2012/3/4,110,乌鲁木齐
2012/3/5,87,乌鲁木齐
2012/3/6,95,乌鲁木齐
2012/3/7,115,乌鲁木齐
2012/3/8,125,乌鲁木齐
2012/3/9,122,乌鲁木齐
2012/3/10,109,乌鲁木齐
2012/3/11,133,乌鲁木齐
2012/3/12,166,乌鲁木齐
2012/3/13,127,乌鲁木齐
2012/3/14,71,乌鲁木齐
2012/3/15,73,乌鲁木齐
2012/3/16,78,乌鲁木齐
2012/3/17,71,乌鲁木齐
2012/3/18,82,乌鲁木齐
2012/3/19,80,乌鲁木齐
2012/3/20,35,乌鲁木齐
2012/3/21,55,乌鲁木齐
2012/3/22,57,乌鲁木齐
2012/3/23,67,乌鲁木齐
2012/3/24,89,乌鲁木齐
2012/3/25,99,乌鲁木齐
2012/3/26,100,乌鲁木齐
2012/3/27,77,乌鲁木齐
2012/3/28,62,乌鲁木齐
2012/3/29,60,乌鲁木齐
2012/3/30,196,乌鲁木齐
2012/3/31,198,乌鲁木齐
2012/4/1,139,乌鲁木齐
2012/4/2,82,乌鲁木齐
2012/4/3,66,乌鲁木齐
2012/4/4,56,乌鲁木齐
2012/4/4,56,乌鲁木齐
2012/4/5,67,乌鲁木齐
2012/4/6,75,乌鲁木齐
2012/4/7,85,乌鲁木齐
2012/4/8,85,乌鲁木齐
2012/4/9,58,乌鲁木齐
2012/4/10,53,乌鲁木齐
2012/4/11,99,乌鲁木齐
2012/4/12,97,乌鲁木齐
2012/4/13,98,乌鲁木齐
2012/4/14,71,乌鲁木齐
2012/4/15,66,乌鲁木齐
2012/4/16,71,乌鲁木齐
2012/4/17,68,乌鲁木齐
2012/4/18,81,乌鲁木齐
2012/4/19,94,乌鲁木齐
2012/4/20,99,乌鲁木齐
2012/4/21,100,乌鲁木齐
2012/4/22,187,乌鲁木齐
2012/4/23,500,乌鲁木齐
2012/4/24,157,乌鲁木齐
2012/4/25,134,乌鲁木齐
2012/4/26,99,乌鲁木齐
2012/4/27,100,乌鲁木齐
2012/4/28,100,乌鲁木齐
2012/4/29,99,乌鲁木齐
2012/4/30,70,乌鲁木齐
2012/5/1,68,乌鲁木齐
2012/5/2,71,乌鲁木齐
2012/5/3,95,乌鲁木齐
2012/5/4,92,乌鲁木齐
2012/5/5,70,乌鲁木齐
2012/5/6,100,乌鲁木齐
2012/5/7,98,乌鲁木齐
2012/5/8,73,乌鲁木齐
2012/5/9,87,乌鲁木齐
2012/5/10,99,乌鲁木齐
2012/5/11,90,乌鲁木齐
2012/5/12,123,乌鲁木齐
2012/5/13,98,乌鲁木齐
2012/5/14,100,乌鲁木齐
2012/5/15,99,乌鲁木齐
2012/5/16,123,乌鲁木齐
2012/5/17,88,乌鲁木齐
2012/5/18,88,乌鲁木齐
2012/5/19,71,乌鲁木齐
2012/5/20,57,乌鲁木齐
2012/5/21,74,乌鲁木齐
2012/5/22,93,乌鲁木齐
2012/5/23,75,乌鲁木齐
2012/5/24,77,乌鲁木齐
2012/5/25,95,乌鲁木齐
2012/5/26,91,乌鲁木齐
2012/5/27,82,乌鲁木齐
2012/5/28,68,乌鲁木齐
2012/5/29,100,乌鲁木齐
2012/5/30,100,乌鲁木齐
2012/5/31,90,乌鲁木齐
2012/6/1,58,乌鲁木齐
2012/6/2,58,乌鲁木齐
2012/6/3,77,乌鲁木齐
2012/6/4,51,乌鲁木齐
2012/6/5,61,乌鲁木齐
2012/6/6,47,乌鲁木齐
2012/6/7,69,乌鲁木齐
2012/6/8,66,乌鲁木齐
2012/6/9,74,乌鲁木齐
2012/6/10,75,乌鲁木齐
2012/6/11,59,乌鲁木齐
2012/6/12,70,乌鲁木齐
2012/6/13,80,乌鲁木齐
2012/6/14,91,乌鲁木齐
2012/6/15,87,乌鲁木齐
2012/6/16,97,乌鲁木齐
2012/6/17,73,乌鲁木齐
2012/6/18,58,乌鲁木齐
2012/6/19,79,乌鲁木齐
2012/6/20,88,乌鲁木齐
2012/6/21,76,乌鲁木齐
2012/6/22,60,乌鲁木齐
2012/6/23,87,乌鲁木齐
2012/6/24,68,乌鲁木齐
2012/6/25,78,乌鲁木齐
2012/6/26,54,乌鲁木齐
2012/6/27,75,乌鲁木齐
2012/6/28,97,乌鲁木齐
2012/6/29,92,乌鲁木齐
2012/6/30,60,乌鲁木齐
2012/7/1,58,乌鲁木齐
2012/7/2,79,乌鲁木齐
2012/7/3,74,乌鲁木齐
2012/7/4,75,乌鲁木齐
2012/7/5,68,乌鲁木齐
2012/7/6,59,乌鲁木齐
2012/7/7,75,乌鲁木齐
2012/7/8,93,乌鲁木齐
2012/7/9,93,乌鲁木齐
2012/7/10,98,乌鲁木齐
2012/7/11,100,乌鲁木齐
2012/7/12,79,乌鲁木齐
2012/7/13,58,乌鲁木齐
2012/7/14,53,乌鲁木齐
2012/7/15,65,乌鲁木齐
2012/7/16,70,乌鲁木齐
2012/7/17,86,乌鲁木齐
2012/7/18,66,乌鲁木齐
2012/7/19,78,乌鲁木齐
2012/7/20,75,乌鲁木齐
2012/7/21,92,乌鲁木齐
2012/7/22,66,乌鲁木齐
2012/7/23,61,乌鲁木齐
2012/7/24,81,乌鲁木齐
2012/7/25,83,乌鲁木齐
2012/7/26,89,乌鲁木齐
2012/7/26,89,乌鲁木齐
2012/7/27,91,乌鲁木齐
2012/7/28,68,乌鲁木齐
2012/7/29,84,乌鲁木齐
2012/7/30,73,乌鲁木齐
2012/7/31,85,乌鲁木齐
2012/8/1,97,乌鲁木齐
2012/8/2,87,乌鲁木齐
2012/8/3,61,乌鲁木齐
2012/8/4,76,乌鲁木齐
2012/8/5,54,乌鲁木齐
2012/8/6,78,乌鲁木齐
2012/8/7,86,乌鲁木齐
2012/8/8,91,乌鲁木齐
2012/8/9,70,乌鲁木齐
2012/8/10,75,乌鲁木齐
2012/8/11,73,乌鲁木齐
2012/8/12,58,乌鲁木齐
2012/8/13,69,乌鲁木齐
2012/8/14,91,乌鲁木齐
2012/8/15,50,乌鲁木齐
2012/8/16,68,乌鲁木齐
2012/8/17,65,乌鲁木齐
2012/8/18,98,乌鲁木齐
2012/8/19,69,乌鲁木齐
2012/8/20,67,乌鲁木齐
2012/8/21,93,乌鲁木齐
2012/8/22,99,乌鲁木齐
2012/8/23,83,乌鲁木齐
2012/8/24,87,乌鲁木齐
2012/8/25,99,乌鲁木齐
2012/8/26,82,乌鲁木齐
2012/8/27,86,乌鲁木齐
2012/8/28,94,乌鲁木齐
2012/8/29,98,乌鲁木齐
2012/8/30,77,乌鲁木齐
2012/8/31,53,乌鲁木齐
2012/9/1,72,乌鲁木齐
2012/9/2,99,乌鲁木齐
2012/9/3,83,乌鲁木齐
2012/9/4,100,乌鲁木齐
2012/9/5,95,乌鲁木齐
2012/9/6,77,乌鲁木齐
2012/9/7,84,乌鲁木齐
2012/9/8,94,乌鲁木齐
2012/9/9,61,乌鲁木齐
2012/9/10,58,乌鲁木齐
2012/9/11,82,乌鲁木齐
2012/9/12,90,乌鲁木齐
2012/9/13,78,乌鲁木齐
2012/9/14,100,乌鲁木齐
2012/9/15,59,乌鲁木齐
2012/9/16,61,乌鲁木齐
2012/9/17,71,乌鲁木齐
2012/9/18,67,乌鲁木齐
2012/9/19,81,乌鲁木齐
2012/9/20,84,乌鲁木齐
2012/9/21,93,乌鲁木齐
2012/9/22,61,乌鲁木齐
2012/9/23,43,乌鲁木齐
2012/9/24,60,乌鲁木齐
2012/9/25,72,乌鲁木齐
2012/9/26,90,乌鲁木齐
2012/9/27,100,乌鲁木齐
2012/9/28,99,乌鲁木齐
2012/9/29,95,乌鲁木齐
2012/9/30,100,乌鲁木齐
2012/10/1,81,乌鲁木齐
2012/10/2,39,乌鲁木齐
2012/10/3,69,乌鲁木齐
2012/10/4,77,乌鲁木齐
2012/10/5,92,乌鲁木齐
2012/10/6,67,乌鲁木齐
2012/10/7,44,乌鲁木齐
2012/10/8,58,乌鲁木齐
2012/10/9,72,乌鲁木齐
2012/10/10,83,乌鲁木齐
2012/10/11,92,乌鲁木齐
2012/10/12,99,乌鲁木齐
2012/10/13,90,乌鲁木齐
2012/10/14,100,乌鲁木齐
2012/10/15,81,乌鲁木齐
2012/10/16,98,乌鲁木齐
2012/10/17,99,乌鲁木齐
2012/10/18,100,乌鲁木齐
2012/10/19,83,乌鲁木齐
2012/10/20,35,乌鲁木齐
2012/10/21,46,乌鲁木齐
2012/10/22,65,乌鲁木齐
2012/10/23,77,乌鲁木齐
2012/10/24,78,乌鲁木齐
2012/10/25,86,乌鲁木齐
2012/10/26,59,乌鲁木齐
2012/10/27,67,乌鲁木齐
2012/10/28,74,乌鲁木齐
2012/10/29,52,乌鲁木齐
2012/10/30,79,乌鲁木齐
2012/10/31,100,乌鲁木齐
2012/11/1,98,乌鲁木齐
2012/11/2,96,乌鲁木齐
2012/11/3,90,乌鲁木齐
2012/11/4,100,乌鲁木齐
2012/11/5,100,乌鲁木齐
2012/11/6,81,乌鲁木齐
2012/11/7,99,乌鲁木齐
2012/11/8,74,乌鲁木齐
2012/11/9,32,乌鲁木齐
2012/11/10,96,乌鲁木齐
2012/11/11,99,乌鲁木齐
2012/11/12,98,乌鲁木齐
2012/11/13,99,乌鲁木齐
2012/11/14,34,乌鲁木齐
2012/11/15,41,乌鲁木齐
2012/11/16,86,乌鲁木齐
2012/11/17,64,乌鲁木齐
2012/11/18,78,乌鲁木齐
2012/11/19,99,乌鲁木齐
2012/11/20,76,乌鲁木齐
2012/11/21,39,乌鲁木齐
2012/11/22,38,乌鲁木齐
2012/11/23,88,乌鲁木齐
2012/11/24,67,乌鲁木齐
2012/11/25,49,乌鲁木齐
2012/11/26,96,乌鲁木齐
2012/11/27,98,乌鲁木齐
2012/11/28,99,乌鲁木齐
2012/11/29,98,乌鲁木齐
2012/12/1,62,乌鲁木齐
2012/12/2,56,乌鲁木齐
2012/12/3,85,乌鲁木齐
2012/12/4,99,乌鲁木齐
2012/12/5,116,乌鲁木齐
2012/12/6,99,乌鲁木齐
2012/12/7,150,乌鲁木齐
2012/12/8,148,乌鲁木齐
2012/12/9,158,乌鲁木齐
2012/12/10,149,乌鲁木齐
2012/12/11,173,乌鲁木齐
2012/12/12,135,乌鲁木齐
2012/12/13,127,乌鲁木齐
2012/12/14,86,乌鲁木齐
2012/12/15,93,乌鲁木齐
2012/12/16,97,乌鲁木齐
2012/12/17,88,乌鲁木齐
2012/12/18,99,乌鲁木齐
2012/12/19,89,乌鲁木齐
2012/12/20,85,乌鲁木齐
2012/12/21,79,乌鲁木齐
2012/12/22,129,乌鲁木齐
2012/12/23,96,乌鲁木齐
2012/12/24,97,乌鲁木齐
2012/12/25,164,乌鲁木齐
2012/12/26,178,乌鲁木齐
2012/12/28,63,乌鲁木齐
2012/12/29,151,乌鲁木齐
2012/12/30,100,乌鲁木齐
2012/12/31,166,乌鲁木齐
2013/1/1,183,乌鲁木齐
2013/1/2,183,乌鲁木齐
2013/1/3,142,乌鲁木齐
2013/1/4,112,乌鲁木齐
2013/1/5,145,乌鲁木齐
2013/1/6,100,乌鲁木齐
2013/1/7,145,乌鲁木齐
2013/1/8,196,乌鲁木齐
2013/1/9,176,乌鲁木齐
2013/1/10,151,乌鲁木齐
2013/1/11,183,乌鲁木齐
2013/1/12,195,乌鲁木齐
2013/1/13,132,乌鲁木齐
2013/1/14,68,乌鲁木齐
2014/1/1,182,乌鲁木齐
2014/1/2,186,乌鲁木齐
2014/1/3,247,乌鲁木齐
2014/1/4,253,乌鲁木齐
2014/1/5,127,乌鲁木齐
2014/1/6,134,乌鲁木齐
2014/1/7,182,乌鲁木齐
2014/1/8,179,乌鲁木齐
2014/1/9,243,乌鲁木齐
2014/1/10,231,乌鲁木齐
2014/1/11,132,乌鲁木齐
2014/1/12,102,乌鲁木齐
2014/1/13,82,乌鲁木齐
2014/1/14,186,乌鲁木齐
2014/1/15,248,乌鲁木齐
2014/1/16,193,乌鲁木齐
2014/1/17,118,乌鲁木齐
2014/1/18,77,乌鲁木齐
2014/1/19,83,乌鲁木齐
2014/1/20,127,乌鲁木齐
2014/1/21,134,乌鲁木齐
2014/1/22,100,乌鲁木齐
2014/1/23,98,乌鲁木齐
2014/1/24,83,乌鲁木齐
2014/1/25,88,乌鲁木齐
2014/1/26,103,乌鲁木齐
2014/1/27,88,乌鲁木齐
2014/1/28,82,乌鲁木齐
2014/1/29,68,乌鲁木齐
2014/1/30,73,乌鲁木齐
2014/1/31,80,乌鲁木齐
2014/2/2,65,乌鲁木齐
2014/2/3,59,乌鲁木齐
2014/2/4,72,乌鲁木齐
2014/2/5,70,乌鲁木齐
2014/2/6,68,乌鲁木齐
2014/2/7,74,乌鲁木齐
2014/2/8,89,乌鲁木齐
2014/2/9,89,乌鲁木齐
2014/2/10,90,乌鲁木齐
2014/2/11,107,乌鲁木齐
2014/2/12,135,乌鲁木齐
2014/2/13,132,乌鲁木齐
2014/2/14,173,乌鲁木齐
2014/2/15,144,乌鲁木齐
2014/2/16,92,乌鲁木齐
2014/2/17,113,乌鲁木齐
2014/2/18,112,乌鲁木齐
2014/2/19,147,乌鲁木齐
2014/2/20,176,乌鲁木齐
2014/2/21,130,乌鲁木齐
2014/2/22,130,乌鲁木齐
2014/2/23,102,乌鲁木齐
2014/2/24,59,乌鲁木齐
2014/2/25,82,乌鲁木齐
2014/2/26,94,乌鲁木齐
2014/2/27,124,乌鲁木齐
2014/2/28,153,乌鲁木齐
2014/3/1,166,乌鲁木齐
2014/3/2,192,乌鲁木齐
2014/3/3,123,乌鲁木齐
2014/3/4,188,乌鲁木齐
2014/3/5,183,乌鲁木齐
2014/3/6,188,乌鲁木齐
2014/3/7,263,乌鲁木齐
2014/3/8,221,乌鲁木齐
2014/3/9,112,乌鲁木齐
2014/3/10,79,乌鲁木齐
2014/3/11,119,乌鲁木齐
2014/3/12,139,乌鲁木齐
2014/3/13,98,乌鲁木齐
2014/3/14,147,乌鲁木齐
2014/3/15,119,乌鲁木齐
2014/3/16,89,乌鲁木齐
2014/3/17,99,乌鲁木齐
2014/3/18,82,乌鲁木齐
2014/3/19,92,乌鲁木齐
2014/3/20,110,乌鲁木齐
2014/3/21,114,乌鲁木齐
2014/3/22,123,乌鲁木齐
2014/3/23,126,乌鲁木齐
2014/3/24,125,乌鲁木齐
2014/3/25,106,乌鲁木齐
2014/3/26,56,乌鲁木齐
2014/3/27,84,乌鲁木齐
2014/3/28,74,乌鲁木齐
2014/3/29,80,乌鲁木齐
2014/3/30,85,乌鲁木齐
2014/3/31,96,乌鲁木齐
2014/4/1,82,乌鲁木齐
2014/4/2,91,乌鲁木齐
2014/4/3,494,乌鲁木齐
2014/4/4,500,乌鲁木齐
2014/4/5,500,乌鲁木齐
2014/4/6,183,乌鲁木齐
2014/4/7,131,乌鲁木齐
2014/4/8,126,乌鲁木齐
2014/4/9,94,乌鲁木齐
2014/4/10,90,乌鲁木齐
2014/4/11,106,乌鲁木齐
2014/4/12,91,乌鲁木齐
2014/4/13,74,乌鲁木齐
2014/4/18,75,乌鲁木齐
2014/4/19,63,乌鲁木齐
2014/4/20,90,乌鲁木齐
2014/4/21,97,乌鲁木齐
2014/4/22,118,乌鲁木齐
2014/4/23,232,乌鲁木齐
2014/4/24,88,乌鲁木齐
2014/4/25,134,乌鲁木齐
2014/4/26,155,乌鲁木齐
2014/4/27,139,乌鲁木齐
2014/4/28,382,乌鲁木齐
2014/4/29,55,乌鲁木齐
2014/4/30,54,乌鲁木齐
2014/5/1,93,乌鲁木齐
2014/5/2,138,乌鲁木齐
2014/5/3,148,乌鲁木齐
2014/5/4,171,乌鲁木齐
2014/5/5,118,乌鲁木齐
2014/5/6,106,乌鲁木齐
2014/5/7,103,乌鲁木齐
2014/5/8,169,乌鲁木齐
2014/5/9,117,乌鲁木齐
2014/5/10,110,乌鲁木齐
2014/5/11,133,乌鲁木齐
2014/5/12,91,乌鲁木齐
2014/5/13,92,乌鲁木齐
2014/5/14,86,乌鲁木齐
2014/5/15,81,乌鲁木齐
2014/5/16,85,乌鲁木齐
2014/5/17,73,乌鲁木齐
2014/5/18,88,乌鲁木齐
2014/5/19,120,乌鲁木齐
2014/5/20,174,乌鲁木齐
2014/5/21,93,乌鲁木齐
2014/5/22,57,乌鲁木齐
2014/5/24,68,乌鲁木齐
2014/5/25,73,乌鲁木齐
2014/5/26,81,乌鲁木齐
2014/5/27,90,乌鲁木齐
2014/5/28,82,乌鲁木齐
2014/5/29,81,乌鲁木齐
2014/5/30,122,乌鲁木齐
2014/5/31,87,乌鲁木齐
2014/6/1,53,乌鲁木齐
2014/6/2,59,乌鲁木齐
2014/6/3,61,乌鲁木齐
2014/6/4,68,乌鲁木齐
2014/6/5,73,乌鲁木齐
2014/6/6,85,乌鲁木齐
2014/6/7,90,乌鲁木齐
2014/6/8,99,乌鲁木齐
2014/6/9,57,乌鲁木齐
2014/6/10,63,乌鲁木齐
2014/6/11,64,乌鲁木齐
2014/6/12,86,乌鲁木齐
2014/6/13,94,乌鲁木齐
2014/6/14,97,乌鲁木齐
2014/6/15,93,乌鲁木齐
2014/6/16,128,乌鲁木齐
2014/6/17,55,乌鲁木齐
2014/6/18,62,乌鲁木齐
2014/6/19,77,乌鲁木齐
2014/6/20,57,乌鲁木齐
2014/6/21,63,乌鲁木齐
2014/6/22,77,乌鲁木齐
2014/6/23,83,乌鲁木齐
2014/6/24,88,乌鲁木齐
2014/6/25,64,乌鲁木齐
2014/6/26,61,乌鲁木齐
2014/6/27,70,乌鲁木齐
2014/6/28,82,乌鲁木齐
2014/6/29,82,乌鲁木齐
2014/6/30,94,乌鲁木齐
2014/7/1,70,乌鲁木齐
2014/7/2,111,乌鲁木齐
2014/7/3,74,乌鲁木齐
2014/7/4,82,乌鲁木齐
2014/7/5,57,乌鲁木齐
2014/7/6,53,乌鲁木齐
2014/7/7,53,乌鲁木齐
2014/7/8,73,乌鲁木齐
2014/7/9,63,乌鲁木齐
2014/7/10,69,乌鲁木齐
2014/7/11,86,乌鲁木齐
2014/7/12,96,乌鲁木齐
2014/7/13,106,乌鲁木齐
2014/7/14,91,乌鲁木齐
2014/7/15,62,乌鲁木齐
2014/7/16,96,乌鲁木齐
2014/7/17,75,乌鲁木齐
2014/7/18,60,乌鲁木齐
2014/7/19,70,乌鲁木齐
2014/7/20,100,乌鲁木齐
2014/7/21,89,乌鲁木齐
2014/7/22,73,乌鲁木齐
2014/7/23,100,乌鲁木齐
2014/7/24,111,乌鲁木齐
2014/7/25,77,乌鲁木齐
2014/7/26,110,乌鲁木齐
2014/7/27,110,乌鲁木齐
2014/7/28,90,乌鲁木齐
2014/7/29,80,乌鲁木齐
2014/7/30,82,乌鲁木齐
2014/7/31,85,乌鲁木齐
2014/8/1,66,乌鲁木齐
2014/8/2,54,乌鲁木齐
2014/8/3,78,乌鲁木齐
2014/8/4,90,乌鲁木齐
2014/8/5,85,乌鲁木齐
2014/8/6,86,乌鲁木齐
2014/8/7,91,乌鲁木齐
2014/8/8,79,乌鲁木齐
2014/8/9,92,乌鲁木齐
2014/8/10,70,乌鲁木齐
2014/8/11,93,乌鲁木齐
2014/8/12,115,乌鲁木齐
2014/8/13,118,乌鲁木齐
2014/8/14,120,乌鲁木齐
2014/8/15,95,乌鲁木齐
2014/8/16,91,乌鲁木齐
2014/8/17,65,乌鲁木齐
2014/8/18,61,乌鲁木齐
2014/8/19,63,乌鲁木齐
2014/8/20,55,乌鲁木齐
2014/8/21,67,乌鲁木齐
2014/8/22,85,乌鲁木齐
2014/8/23,98,乌鲁木齐
2014/8/24,108,乌鲁木齐
2014/8/25,113,乌鲁木齐
2014/8/26,107,乌鲁木齐
2014/8/27,212,乌鲁木齐
2014/8/28,70,乌鲁木齐
2014/8/29,93,乌鲁木齐
2014/8/30,111,乌鲁木齐
2014/8/31,102,乌鲁木齐
2014/9/1,121,乌鲁木齐
2014/9/2,122,乌鲁木齐
2014/9/3,133,乌鲁木齐
2014/9/4,124,乌鲁木齐
2014/9/5,77,乌鲁木齐
2014/9/6,102,乌鲁木齐
2014/9/7,120,乌鲁木齐
2014/9/8,57,乌鲁木齐
2014/9/9,81,乌鲁木齐
2014/9/10,108,乌鲁木齐
2014/9/11,69,乌鲁木齐
2014/9/12,65,乌鲁木齐
2014/9/13,80,乌鲁木齐
2014/9/14,103,乌鲁木齐
2014/9/15,103,乌鲁木齐
2014/9/16,125,乌鲁木齐
2014/9/17,118,乌鲁木齐
2014/9/18,138,乌鲁木齐
2014/9/19,122,乌鲁木齐
2014/9/21,75,乌鲁木齐
2014/9/22,92,乌鲁木齐
2014/9/23,95,乌鲁木齐
2014/9/24,103,乌鲁木齐
2014/9/25,98,乌鲁木齐
2014/9/26,110,乌鲁木齐
2014/9/27,114,乌鲁木齐
2014/9/28,101,乌鲁木齐
2014/9/29,74,乌鲁木齐
2014/9/30,74,乌鲁木齐
2014/10/1,90,乌鲁木齐
2014/10/2,76,乌鲁木齐
2014/10/3,91,乌鲁木齐
2014/10/4,110,乌鲁木齐
2014/10/5,66,乌鲁木齐
2014/10/6,76,乌鲁木齐
2014/10/7,73,乌鲁木齐
2014/10/8,110,乌鲁木齐
2014/10/11,73,乌鲁木齐
2014/10/12,94,乌鲁木齐
2014/10/13,98,乌鲁木齐
2014/10/14,91,乌鲁木齐
2014/10/15,104,乌鲁木齐
2014/10/16,130,乌鲁木齐
2014/10/17,103,乌鲁木齐
2014/10/18,123,乌鲁木齐
2014/10/19,133,乌鲁木齐
2014/10/20,145,乌鲁木齐
2014/10/21,137,乌鲁木齐
2014/10/22,108,乌鲁木齐
2014/10/23,111,乌鲁木齐
2014/10/24,87,乌鲁木齐
2014/10/25,82,乌鲁木齐
2014/10/26,101,乌鲁木齐
2014/10/27,150,乌鲁木齐
2014/10/29,55,乌鲁木齐
2014/10/30,80,乌鲁木齐
2014/10/31,75,乌鲁木齐
2014/11/1,79,乌鲁木齐
2014/11/2,82,乌鲁木齐
2014/11/3,109,乌鲁木齐
2014/11/4,109,乌鲁木齐
2014/11/5,95,乌鲁木齐
2014/11/6,107,乌鲁木齐
2014/11/7,111,乌鲁木齐
2014/11/8,95,乌鲁木齐
2014/11/11,56,乌鲁木齐
2014/11/12,65,乌鲁木齐
2014/11/13,65,乌鲁木齐
2014/11/14,64,乌鲁木齐
2014/11/15,77,乌鲁木齐
2014/11/16,86,乌鲁木齐
2014/11/17,87,乌鲁木齐
2014/11/18,73,乌鲁木齐
2014/11/19,59,乌鲁木齐
2014/11/20,67,乌鲁木齐
2014/11/24,107,乌鲁木齐
2014/11/25,57,乌鲁木齐
2014/11/26,59,乌鲁木齐
2014/11/27,69,乌鲁木齐
2014/11/28,66,乌鲁木齐
2014/11/29,55,乌鲁木齐
2014/12/1,85,乌鲁木齐
2014/12/2,136,乌鲁木齐
2014/12/3,120,乌鲁木齐
2014/12/4,125,乌鲁木齐
2014/12/5,93,乌鲁木齐
2014/12/6,117,乌鲁木齐
2014/12/7,114,乌鲁木齐
2014/12/9,83,乌鲁木齐
2014/12/10,132,乌鲁木齐
2014/12/11,170,乌鲁木齐
2014/12/12,128,乌鲁木齐
2014/12/13,104,乌鲁木齐
2014/12/14,129,乌鲁木齐
2014/12/15,145,乌鲁木齐
2014/12/16,168,乌鲁木齐
2014/12/17,220,乌鲁木齐
2014/12/18,318,乌鲁木齐
2014/12/19,314,乌鲁木齐
2014/12/20,304,乌鲁木齐
2014/12/21,165,乌鲁木齐
2014/12/22,190,乌鲁木齐
2014/12/23,273,乌鲁木齐
2014/12/24,260,乌鲁木齐
2014/12/25,173,乌鲁木齐
2014/12/26,210,乌鲁木齐
2014/12/27,173,乌鲁木齐
2014/12/28,294,乌鲁木齐
2014/12/29,235,乌鲁木齐
2014/12/30,254,乌鲁木齐
2014/12/31,231,乌鲁木齐
