西安,109,6/5/00
西安,193,6/6/00
西安,157,6/7/00
西安,98,6/8/00
西安,91,6/9/00
西安,91,6/10/00
西安,73,6/11/00
西安,89,6/12/00
西安,97,6/13/00
西安,95,6/14/00
西安,79,6/15/00
西安,101,6/16/00
西安,96,6/17/00
西安,93,6/18/00
西安,102,6/19/00
西安,104,6/20/00
西安,107,6/21/00
西安,114,6/22/00
西安,93,6/23/00
西安,99,6/24/00
西安,85,6/25/00
西安,70,6/26/00
西安,64,6/27/00
西安,72,6/28/00
西安,60,6/29/00
西安,73,6/30/00
西安,102,7/1/00
西安,78,7/2/00
西安,54,7/3/00
西安,80,7/4/00
西安,87,7/5/00
西安,91,7/6/00
西安,95,7/7/00
西安,85,7/8/00
西安,70,7/9/00
西安,84,7/10/00
西安,88,7/11/00
西安,98,7/12/00
西安,76,7/13/00
西安,81,7/14/00
西安,73,7/15/00
西安,84,7/16/00
西安,69,7/17/00
西安,73,7/18/00
西安,74,7/19/00
西安,75,7/20/00
西安,100,7/21/00
西安,88,7/22/00
西安,90,7/23/00
西安,113,7/24/00
西安,87,7/25/00
西安,96,7/26/00
西安,96,7/27/00
西安,84,7/28/00
西安,62,7/29/00
西安,80,7/30/00
西安,78,7/31/00
西安,84,8/1/00
西安,78,8/2/00
西安,98,8/3/00
西安,87,8/4/00
西安,79,8/5/00
西安,73,8/6/00
西安,108,8/7/00
西安,81,8/8/00
西安,87,8/9/00
西安,96,8/10/00
西安,76,8/11/00
西安,80,8/12/00
西安,81,8/13/00
西安,71,8/14/00
西安,79,8/15/00
西安,77,8/16/00
西安,72,8/17/00
西安,64,8/18/00
西安,68,8/19/00
西安,72,8/20/00
西安,71,8/21/00
西安,54,8/22/00
西安,61,8/23/00
西安,69,8/24/00
西安,72,8/25/00
西安,74,8/26/00
西安,77,8/27/00
西安,75,8/28/00
西安,77,8/29/00
西安,77,8/31/00
西安,77,9/1/00
西安,76,9/2/00
西安,76,9/3/00
西安,68,9/4/00
西安,70,9/5/00
西安,66,9/6/00
西安,61,9/7/00
西安,71,9/8/00
西安,73,9/9/00
西安,73,9/11/00
西安,74,9/12/00
西安,72,9/13/00
西安,73,9/14/00
西安,72,9/15/00
西安,73,9/16/00
西安,76,9/18/00
西安,76,9/19/00
西安,75,9/20/00
西安,76,9/21/00
西安,76,9/22/00
西安,77,9/23/00
西安,75,9/24/00
西安,69,9/25/00
西安,67,9/26/00
西安,66,9/27/00
西安,65,9/28/00
西安,63,9/29/00
西安,65,9/30/00
西安,65,10/1/00
西安,70,10/2/00
西安,71,10/3/00
西安,75,10/4/00
西安,77,10/5/00
西安,78,10/6/00
西安,83,10/7/00
西安,86,10/8/00
西安,91,10/9/00
西安,72,10/10/00
西安,47,10/11/00
西安,53,10/12/00
西安,57,10/13/00
西安,60,10/14/00
西安,68,10/15/00
西安,82,10/17/00
西安,86,10/18/00
西安,80,10/19/00
西安,94,10/20/00
西安,74,10/21/00
西安,85,10/22/00
西安,92,10/23/00
西安,72,10/24/00
西安,72,10/25/00
西安,71,10/26/00
西安,83,10/27/00
西安,85,10/28/00
西安,91,10/29/00
西安,99,10/30/00
西安,100,10/31/00
西安,106,11/1/00
西安,97,11/2/00
西安,96,11/3/00
西安,99,11/4/00
西安,103,11/5/00
西安,104,11/6/00
西安,102,11/7/00
西安,100,11/8/00
西安,76,11/9/00
西安,82,11/10/00
西安,66,11/11/00
西安,85,11/12/00
西安,92,11/13/00
西安,98,11/14/00
西安,95,11/15/00
西安,93,11/16/00
西安,107,11/17/00
西安,104,11/18/00
西安,85,11/19/00
西安,96,11/20/00
西安,102,11/21/00
西安,107,11/22/00
西安,106,11/23/00
西安,108,11/24/00
西安,101,11/25/00
西安,103,11/26/00
西安,107,11/27/00
西安,108,11/28/00
西安,100,11/29/00
西安,104,11/30/00
西安,127,12/1/00
西安,78,12/2/00
西安,90,12/3/00
西安,112,12/4/00
西安,132,12/5/00
西安,134,12/6/00
西安,104,12/8/00
西安,106,12/9/00
西安,108,12/10/00
西安,67,12/11/00
西安,66,12/12/00
西安,90,12/13/00
西安,92,12/14/00
西安,99,12/16/00
西安,101,12/17/00
西安,111,12/18/00
西安,104,12/19/00
西安,93,12/20/00
西安,100,12/21/00
西安,102,12/22/00
西安,105,12/23/00
西安,101,12/24/00
西安,105,12/25/00
西安,108,12/26/00
西安,109,12/27/00
西安,111,12/28/00
西安,108,12/29/00
西安,108,12/30/00
西安,108,12/31/00
西安,106,1/1/01
西安,110,1/2/01
西安,114,1/3/01
西安,107,1/4/01
西安,121,1/5/01
西安,101,1/6/01
西安,115,1/7/01
西安,99,1/8/01
西安,81,1/9/01
西安,94,1/10/01
西安,87,1/11/01
西安,97,1/12/01
西安,98,1/13/01
西安,77,1/14/01
西安,84,1/15/01
西安,97,1/16/01
西安,102,1/17/01
西安,111,1/18/01
西安,108,1/19/01
西安,96,1/21/01
西安,108,1/22/01
西安,82,1/23/01
西安,62,1/24/01
西安,58,1/25/01
西安,69,1/26/01
西安,72,1/27/01
西安,86,1/28/01
西安,106,1/29/01
西安,116,1/30/01
西安,118,1/31/01
西安,121,2/1/01
西安,111,2/2/01
西安,109,2/3/01
西安,110,2/4/01
西安,113,2/5/01
西安,96,2/6/01
西安,110,2/7/01
西安,102,2/8/01
西安,112,2/9/01
西安,116,2/10/01
西安,113,2/11/01
西安,89,2/12/01
西安,87,2/13/01
西安,104,2/14/01
西安,106,2/15/01
西安,106,2/16/01
西安,110,2/17/01
西安,120,2/18/01
西安,101,2/20/01
西安,117,2/21/01
西安,112,2/22/01
西安,113,2/23/01
西安,117,2/24/01
西安,120,2/25/01
西安,84,2/26/01
西安,104,2/27/01
西安,87,2/28/01
西安,98,3/1/01
西安,115,3/2/01
西安,121,3/3/01
西安,111,3/4/01
西安,106,3/5/01
西安,231,3/6/01
西安,155,3/7/01
西安,110,3/8/01
西安,93,3/9/01
西安,101,3/11/01
西安,100,3/12/01
西安,92,3/13/01
西安,97,3/14/01
西安,187,3/15/01
西安,158,3/16/01
西安,117,3/17/01
西安,111,3/18/01
西安,98,3/19/01
西安,87,3/20/01
西安,98,3/21/01
西安,133,3/22/01
西安,144,3/23/01
西安,179,3/25/01
西安,180,3/26/01
西安,172,3/27/01
西安,104,3/28/01
西安,118,3/29/01
西安,157,3/30/01
西安,133,3/31/01
西安,150,4/1/01
西安,184,4/2/01
西安,130,4/3/01
西安,105,4/4/01
西安,140,4/5/01
西安,87,4/6/01
西安,103,4/7/01
西安,133,4/8/01
西安,500,4/9/01
西安,104,4/10/01
西安,147,4/11/01
西安,134,4/12/01
西安,133,4/13/01
西安,126,4/14/01
西安,94,4/15/01
西安,143,4/16/01
西安,123,4/17/01
西安,111,4/18/01
西安,132,4/19/01
西安,117,4/20/01
西安,63,4/21/01
西安,76,4/22/01
西安,85,4/23/01
西安,73,4/24/01
西安,121,4/25/01
西安,123,4/26/01
西安,143,4/27/01
西安,124,4/28/01
西安,105,4/29/01
西安,158,4/30/01
西安,154,5/1/01
西安,171,5/2/01
西安,133,5/3/01
西安,133,5/4/01
西安,66,5/5/01
西安,89,5/6/01
西安,94,5/7/01
西安,85,5/8/01
西安,100,5/9/01
西安,112,5/10/01
西安,102,5/11/01
西安,96,5/12/01
西安,88,5/13/01
西安,82,5/14/01
西安,78,5/15/01
西安,71,5/16/01
西安,66,5/17/01
西安,66,5/17/01
西安,66,5/17/01
西安,62,5/18/01
西安,61,5/19/01
西安,77,5/20/01
西安,89,5/21/01
西安,92,5/22/01
西安,85,5/23/01
西安,79,5/24/01
西安,72,5/25/01
西安,69,5/26/01
西安,67,5/27/01
西安,73,5/28/01
西安,79,5/29/01
西安,95,5/30/01
西安,90,5/31/01
西安,93,6/1/01
西安,92,6/2/01
西安,83,6/3/01
西安,83,6/4/01
西安,112,6/5/01
西安,118,6/6/01
西安,84,6/8/01
西安,98,6/9/01
西安,118,6/10/01
西安,103,6/11/01
西安,87,6/12/01
西安,72,6/13/01
西安,120,6/14/01
西安,170,6/15/01
西安,95,6/16/01
西安,96,6/17/01
西安,100,6/18/01
西安,100,6/19/01
西安,96,6/20/01
西安,83,6/21/01
西安,79,6/22/01
西安,87,6/23/01
西安,82,6/24/01
西安,96,6/25/01
西安,76,6/26/01
西安,98,6/27/01
西安,67,6/28/01
西安,70,6/29/01
西安,77,6/30/01
西安,90,7/1/01
西安,92,7/2/01
西安,89,7/3/01
西安,79,7/4/01
西安,71,7/5/01
西安,73,7/6/01
西安,75,7/7/01
西安,76,7/8/01
西安,78,7/9/01
西安,98,7/10/01
西安,74,7/11/01
西安,74,7/12/01
西安,95,7/13/01
西安,96,7/14/01
西安,76,7/15/01
西安,81,7/16/01
西安,69,7/17/01
西安,68,7/18/01
西安,96,7/19/01
西安,100,7/20/01
西安,97,7/21/01
西安,90,7/22/01
西安,87,7/23/01
西安,74,7/24/01
西安,108,7/25/01
西安,115,7/26/01
西安,90,7/27/01
西安,70,7/28/01
西安,81,7/29/01
西安,71,7/30/01
西安,83,7/31/01
西安,97,8/1/01
西安,94,8/2/01
西安,86,8/3/01
西安,90,8/4/01
西安,97,8/5/01
西安,98,8/6/01
西安,94,8/7/01
西安,88,8/8/01
西安,98,8/9/01
西安,83,8/10/01
西安,62,8/11/01
西安,72,8/12/01
西安,83,8/13/01
西安,87,8/14/01
西安,76,8/15/01
西安,80,8/16/01
西安,74,8/17/01
西安,89,8/18/01
西安,67,8/19/01
西安,62,8/20/01
西安,66,8/21/01
西安,76,8/22/01
西安,83,8/23/01
西安,88,8/24/01
西安,76,8/25/01
西安,97,8/26/01
西安,125,8/27/01
西安,97,8/28/01
西安,75,8/29/01
西安,113,8/30/01
西安,76,8/31/01
西安,100,9/1/01
西安,115,9/2/01
西安,92,9/3/01
西安,80,9/4/01
西安,92,9/5/01
西安,98,9/6/01
西安,79,9/7/01
西安,68,9/8/01
西安,70,9/9/01
西安,123,9/10/01
西安,80,9/11/01
西安,70,9/12/01
西安,101,9/13/01
西安,81,9/14/01
西安,72,9/15/01
西安,136,9/16/01
西安,81,9/17/01
西安,73,9/18/01
西安,74,9/19/01
西安,61,9/20/01
西安,65,9/21/01
西安,65,9/22/01
西安,83,9/23/01
西安,87,9/24/01
西安,72,9/25/01
西安,93,9/26/01
西安,97,9/27/01
西安,85,9/28/01
西安,86,9/29/01
西安,87,9/30/01
西安,82,10/1/01
西安,95,10/2/01
西安,62,10/3/01
西安,73,10/4/01
西安,101,10/5/01
西安,135,10/6/01
西安,114,10/7/01
西安,164,10/8/01
西安,81,10/9/01
西安,74,10/10/01
西安,102,10/11/01
西安,100,10/12/01
西安,98,10/13/01
西安,95,10/14/01
西安,78,10/15/01
西安,91,10/16/01
西安,82,10/17/01
西安,88,10/18/01
西安,135,10/19/01
西安,74,10/20/01
西安,93,10/21/01
西安,118,10/22/01
西安,163,10/23/01
西安,211,10/24/01
西安,148,10/25/01
西安,95,10/26/01
西安,91,10/27/01
西安,94,10/28/01
西安,84,10/29/01
西安,118,10/30/01
西安,94,10/31/01
西安,95,11/2/01
西安,122,11/3/01
西安,110,11/4/01
西安,83,11/5/01
西安,83,11/6/01
西安,97,11/7/01
西安,103,11/8/01
西安,107,11/9/01
西安,110,11/10/01
西安,112,11/11/01
西安,125,11/12/01
西安,132,11/13/01
西安,101,11/14/01
西安,115,11/15/01
西安,108,11/16/01
西安,143,11/17/01
西安,140,11/18/01
西安,118,11/19/01
西安,104,11/20/01
西安,143,11/21/01
西安,174,11/22/01
西安,166,11/23/01
西安,135,11/24/01
西安,106,11/25/01
西安,84,11/26/01
西安,147,11/27/01
西安,137,11/28/01
西安,126,11/29/01
西安,140,11/30/01
西安,139,12/1/01
西安,114,12/3/01
西安,100,12/4/01
西安,79,12/5/01
西安,78,12/6/01
西安,102,12/7/01
西安,107,12/8/01
西安,123,12/9/01
西安,96,12/10/01
西安,85,12/11/01
西安,89,12/12/01
西安,95,12/13/01
西安,98,12/14/01
西安,119,12/15/01
西安,118,12/16/01
西安,130,12/17/01
西安,144,12/19/01
西安,134,12/20/01
西安,105,12/21/01
西安,142,12/22/01
西安,153,12/23/01
西安,141,12/24/01
西安,128,12/25/01
西安,123,12/26/01
西安,139,12/27/01
西安,164,12/28/01
西安,110,12/29/01
西安,146,12/30/01
西安,118,12/31/01
西安,113,1/1/02
西安,126,1/2/02
西安,124,1/3/02
西安,89,1/4/02
西安,93,1/5/02
西安,94,1/6/02
西安,92,1/7/02
西安,133,1/8/02
西安,191,1/9/02
西安,165,1/10/02
西安,158,1/11/02
西安,166,1/12/02
西安,137,1/13/02
西安,128,1/14/02
西安,129,1/15/02
西安,75,1/16/02
西安,82,1/17/02
西安,100,1/18/02
西安,104,1/19/02
西安,109,1/20/02
西安,89,1/21/02
西安,109,1/22/02
西安,110,1/23/02
西安,124,1/24/02
西安,138,1/25/02
西安,152,1/26/02
西安,176,1/27/02
西安,159,1/28/02
西安,106,1/29/02
西安,99,1/30/02
西安,132,1/31/02
西安,134,2/1/02
西安,93,2/2/02
西安,126,2/3/02
西安,155,2/4/02
西安,106,2/5/02
西安,143,2/6/02
西安,124,2/7/02
西安,110,2/8/02
西安,124,2/9/02
西安,113,2/10/02
西安,113,2/11/02
西安,152,2/12/02
西安,110,2/13/02
西安,139,2/14/02
西安,113,2/15/02
西安,154,2/16/02
西安,89,2/17/02
西安,111,2/18/02
西安,101,2/19/02
西安,107,2/20/02
西安,121,2/21/02
西安,126,2/22/02
西安,129,2/23/02
西安,101,2/24/02
西安,85,2/25/02
西安,90,2/26/02
西安,84,2/27/02
西安,95,2/28/02
西安,111,3/1/02
西安,118,3/2/02
西安,81,3/3/02
西安,86,3/4/02
西安,97,3/5/02
西安,106,3/6/02
西安,108,3/7/02
西安,108,3/8/02
西安,131,3/9/02
西安,117,3/10/02
西安,125,3/11/02
西安,123,3/12/02
西安,123,3/13/02
西安,118,3/14/02
西安,110,3/15/02
西安,135,3/16/02
西安,97,3/17/02
西安,112,3/18/02
西安,132,3/19/02
西安,462,3/20/02
西安,209,3/21/02
西安,155,3/22/02
西安,131,3/23/02
西安,128,3/24/02
西安,85,3/25/02
西安,113,3/26/02
西安,110,3/27/02
西安,117,3/28/02
西安,124,3/29/02
西安,117,3/30/02
西安,108,3/31/02
西安,122,4/1/02
西安,127,4/2/02
西安,120,4/3/02
西安,103,4/4/02
西安,54,4/5/02
西安,70,4/6/02
西安,154,4/7/02
西安,166,4/8/02
西安,141,4/9/02
西安,135,4/10/02
西安,101,4/11/02
西安,132,4/12/02
西安,126,4/13/02
西安,136,4/14/02
西安,500,4/15/02
西安,129,4/16/02
西安,171,4/17/02
西安,149,4/18/02
西安,143,4/19/02
西安,145,4/20/02
西安,134,4/21/02
西安,176,4/22/02
西安,500,4/23/02
西安,81,4/24/02
西安,75,4/25/02
西安,63,4/26/02
西安,67,4/27/02
西安,72,4/28/02
西安,92,4/29/02
西安,90,4/30/02
西安,72,5/1/02
西安,77,5/2/02
西安,105,5/3/02
西安,109,5/4/02
西安,79,5/5/02
西安,48,5/6/02
西安,115,5/8/02
西安,94,5/9/02
西安,91,5/10/02
西安,95,5/11/02
西安,97,5/12/02
西安,98,5/13/02
西安,84,5/14/02
西安,73,5/15/02
西安,79,5/16/02
西安,90,5/17/02
西安,71,5/18/02
西安,63,5/19/02
西安,63,5/20/02
西安,62,5/21/02
西安,81,5/22/02
西安,71,5/23/02
西安,56,5/24/02
西安,62,5/25/02
西安,59,5/26/02
西安,61,5/27/02
西安,71,5/28/02
西安,108,5/29/02
西安,101,5/30/02
西安,103,5/31/02
西安,116,6/1/02
西安,118,6/2/02
西安,95,6/3/02
西安,103,6/4/02
西安,99,6/5/02
西安,107,6/6/02
西安,104,6/7/02
西安,77,6/8/02
西安,93,6/9/02
西安,68,6/10/02
西安,93,6/11/02
西安,103,6/12/02
西安,110,6/13/02
西安,119,6/14/02
西安,106,6/15/02
西安,112,6/16/02
西安,105,6/17/02
西安,80,6/18/02
西安,76,6/19/02
西安,85,6/20/02
西安,75,6/21/02
西安,62,6/22/02
西安,71,6/23/02
西安,71,6/24/02
西安,102,6/25/02
西安,105,6/26/02
西安,74,6/27/02
西安,86,6/28/02
西安,96,6/29/02
西安,105,6/30/02
西安,95,7/1/02
西安,84,7/2/02
西安,68,7/3/02
西安,71,7/4/02
西安,72,7/5/02
西安,93,7/6/02
西安,96,7/7/02
西安,102,7/8/02
西安,100,7/9/02
西安,115,7/10/02
西安,108,7/11/02
西安,116,7/12/02
西安,103,7/13/02
西安,103,7/14/02
西安,107,7/15/02
西安,90,7/16/02
西安,75,7/17/02
西安,81,7/18/02
西安,86,7/19/02
西安,89,7/20/02
西安,78,7/21/02
西安,75,7/22/02
西安,126,7/23/02
西安,89,7/24/02
西安,72,7/25/02
西安,58,7/26/02
西安,93,7/27/02
西安,115,7/28/02
西安,135,7/29/02
西安,83,7/30/02
西安,69,7/31/02
西安,63,8/1/02
西安,71,8/2/02
西安,86,8/3/02
西安,70,8/4/02
西安,71,8/5/02
西安,71,8/6/02
西安,74,8/7/02
西安,69,8/8/02
西安,75,8/9/02
西安,85,8/10/02
西安,79,8/11/02
西安,92,8/12/02
西安,76,8/13/02
西安,85,8/14/02
西安,86,8/15/02
西安,93,8/16/02
西安,90,8/17/02
西安,89,8/18/02
西安,90,8/19/02
西安,86,8/20/02
西安,82,8/21/02
西安,89,8/22/02
西安,86,8/23/02
西安,90,8/24/02
西安,86,8/25/02
西安,84,8/26/02
西安,89,8/27/02
西安,124,8/28/02
西安,109,8/29/02
西安,112,8/30/02
西安,125,8/31/02
西安,97,9/1/02
西安,105,9/2/02
西安,103,9/3/02
西安,104,9/4/02
西安,98,9/5/02
西安,92,9/6/02
西安,83,9/7/02
西安,99,9/8/02
西安,97,9/9/02
西安,79,9/10/02
西安,76,9/11/02
西安,78,9/12/02
西安,53,9/13/02
西安,61,9/14/02
西安,76,9/15/02
西安,89,9/16/02
西安,94,9/17/02
西安,100,9/18/02
西安,93,9/19/02
西安,56,9/20/02
西安,59,9/21/02
西安,73,9/22/02
西安,75,9/23/02
西安,95,9/24/02
西安,121,9/26/02
西安,82,9/27/02
西安,82,9/28/02
西安,101,9/29/02
西安,94,9/30/02
西安,95,10/1/02
西安,98,10/2/02
西安,96,10/3/02
西安,101,10/4/02
西安,103,10/5/02
西安,97,10/6/02
西安,100,10/7/02
西安,125,10/8/02
西安,175,10/9/02
西安,220,10/10/02
西安,146,10/11/02
西安,140,10/12/02
西安,128,10/13/02
西安,120,10/14/02
西安,92,10/15/02
西安,96,10/16/02
西安,94,10/17/02
西安,96,10/18/02
西安,70,10/19/02
西安,87,10/21/02
西安,80,10/22/02
西安,87,10/23/02
西安,94,10/24/02
西安,110,10/25/02
西安,114,10/27/02
西安,127,10/28/02
西安,105,10/29/02
西安,138,10/30/02
西安,152,10/31/02
西安,147,11/1/02
西安,72,11/2/02
西安,76,11/3/02
西安,74,11/4/02
西安,110,11/5/02
西安,156,11/6/02
西安,103,11/7/02
西安,114,11/8/02
西安,121,11/9/02
西安,167,11/10/02
西安,121,11/11/02
西安,101,11/12/02
西安,125,11/13/02
西安,193,11/14/02
西安,218,11/15/02
西安,130,11/16/02
西安,84,11/17/02
西安,103,11/18/02
西安,95,11/19/02
西安,102,11/20/02
西安,120,11/21/02
西安,158,11/22/02
西安,243,11/23/02
西安,235,11/24/02
西安,90,11/25/02
西安,91,11/26/02
西安,128,11/27/02
西安,185,11/28/02
西安,194,11/29/02
西安,125,11/30/02
西安,167,12/1/02
西安,252,12/2/02
西安,443,12/3/02
西安,282,12/4/02
西安,135,12/5/02
西安,106,12/6/02
西安,71,12/7/02
西安,79,12/8/02
西安,101,12/9/02
西安,156,12/10/02
西安,187,12/11/02
西安,430,12/13/02
西安,320,12/14/02
西安,232,12/15/02
西安,167,12/16/02
西安,194,12/17/02
西安,192,12/18/02
西安,160,12/19/02
西安,124,12/20/02
西安,117,12/21/02
西安,91,12/22/02
西安,77,12/23/02
西安,63,12/24/02
西安,50,12/25/02
西安,70,12/26/02
西安,83,12/27/02
西安,96,12/28/02
西安,99,12/29/02
西安,134,12/30/02
西安,118,12/31/02
西安,129,1/1/03
西安,121,1/2/03
西安,73,1/3/03
西安,65,1/4/03
西安,77,1/5/03
西安,117,1/6/03
西安,158,1/7/03
西安,154,1/8/03
西安,173,1/9/03
西安,124,1/10/03
西安,135,1/11/03
西安,114,1/12/03
西安,98,1/13/03
西安,117,1/14/03
西安,145,1/15/03
西安,174,1/16/03
西安,206,1/17/03
西安,203,1/18/03
西安,95,1/19/03
西安,129,1/20/03
西安,118,1/21/03
西安,119,1/22/03
西安,87,1/23/03
西安,103,1/24/03
西安,100,1/25/03
西安,115,1/26/03
西安,61,1/27/03
西安,70,1/28/03
西安,79,1/29/03
西安,99,1/30/03
西安,126,1/31/03
西安,142,2/1/03
西安,152,2/2/03
西安,121,2/3/03
西安,57,2/4/03
西安,60,2/5/03
西安,72,2/6/03
西安,99,2/7/03
西安,136,2/8/03
西安,157,2/9/03
西安,65,2/10/03
西安,74,2/11/03
西安,74,2/12/03
西安,114,2/13/03
西安,155,2/14/03
西安,149,2/15/03
西安,152,2/16/03
西安,158,2/17/03
西安,132,2/18/03
西安,127,2/19/03
西安,99,2/20/03
西安,101,2/21/03
西安,134,2/22/03
西安,135,2/23/03
西安,162,2/24/03
西安,150,2/25/03
西安,112,2/26/03
西安,71,2/27/03
西安,94,2/28/03
西安,127,3/1/03
西安,149,3/2/03
西安,80,3/3/03
西安,72,3/4/03
西安,61,3/5/03
西安,96,3/6/03
西安,68,3/7/03
西安,84,3/8/03
西安,84,3/9/03
西安,64,3/10/03
西安,72,3/11/03
西安,81,3/12/03
西安,68,3/13/03
西安,82,3/14/03
西安,71,3/15/03
西安,63,3/16/03
西安,111,3/18/03
西安,127,3/19/03
西安,126,3/20/03
西安,79,3/21/03
西安,67,3/22/03
西安,86,3/23/03
西安,93,3/24/03
西安,105,3/25/03
西安,140,3/26/03
西安,81,3/27/03
西安,84,3/28/03
西安,101,3/29/03
西安,115,3/30/03
西安,151,3/31/03
西安,80,4/1/03
西安,58,4/2/03
西安,67,4/3/03
西安,94,4/4/03
西安,97,4/5/03
西安,95,4/6/03
西安,65,4/7/03
西安,75,4/8/03
西安,86,4/9/03
西安,64,4/10/03
西安,130,4/11/03
西安,154,4/12/03
西安,120,4/13/03
西安,72,4/14/03
西安,79,4/15/03
西安,83,4/16/03
西安,92,4/17/03
西安,369,4/18/03
西安,62,4/19/03
西安,92,4/20/03
西安,87,4/21/03
西安,79,4/22/03
西安,91,4/23/03
西安,81,4/25/03
西安,90,4/26/03
西安,91,4/27/03
西安,116,4/28/03
西安,76,4/29/03
西安,71,4/30/03
西安,83,5/1/03
西安,65,5/2/03
西安,85,5/3/03
西安,70,5/4/03
西安,58,5/5/03
西安,48,5/6/03
西安,52,5/7/03
西安,74,5/8/03
西安,88,5/9/03
西安,98,5/10/03
西安,93,5/11/03
西安,74,5/12/03
西安,69,5/13/03
西安,71,5/14/03
西安,71,5/15/03
西安,67,5/16/03
西安,87,5/17/03
西安,81,5/18/03
西安,71,5/19/03
西安,77,5/20/03
西安,96,5/21/03
西安,76,5/22/03
西安,88,5/23/03
西安,73,5/24/03
西安,74,5/25/03
西安,70,5/26/03
西安,58,5/27/03
西安,82,5/28/03
西安,88,5/29/03
西安,77,5/30/03
西安,72,5/31/03
西安,93,6/1/03
西安,88,6/2/03
西安,73,6/3/03
西安,81,6/4/03
西安,105,6/5/03
西安,89,6/6/03
西安,91,6/7/03
西安,95,6/8/03
西安,81,6/9/03
西安,104,6/10/03
西安,81,6/11/03
西安,142,6/12/03
西安,138,6/13/03
西安,85,6/14/03
西安,94,6/15/03
西安,95,6/16/03
西安,95,6/17/03
西安,92,6/18/03
西安,110,6/19/03
西安,98,6/20/03
西安,88,6/21/03
西安,78,6/22/03
西安,73,6/23/03
西安,95,6/24/03
西安,66,6/25/03
西安,53,6/26/03
西安,58,6/27/03
西安,91,6/28/03
西安,76,6/29/03
西安,72,6/30/03
西安,63,7/1/03
西安,71,7/2/03
西安,77,7/3/03
西安,77,7/4/03
西安,75,7/5/03
西安,85,7/6/03
西安,86,7/7/03
西安,70,7/8/03
西安,92,7/9/03
西安,111,7/10/03
西安,69,7/11/03
西安,65,7/12/03
西安,67,7/13/03
西安,59,7/14/03
西安,102,7/15/03
西安,62,7/16/03
西安,88,7/17/03
西安,81,7/18/03
西安,72,7/19/03
西安,87,7/20/03
西安,126,7/21/03
西安,96,7/22/03
西安,88,7/23/03
西安,89,7/24/03
西安,73,7/25/03
西安,50,7/26/03
西安,56,7/27/03
西安,74,7/28/03
西安,84,7/29/03
西安,87,7/30/03
西安,73,7/31/03
西安,56,8/1/03
西安,42,8/2/03
西安,51,8/3/03
西安,77,8/4/03
西安,102,8/5/03
西安,157,8/6/03
西安,180,8/7/03
西安,152,8/8/03
西安,61,8/9/03
西安,69,8/10/03
西安,54,8/11/03
西安,62,8/12/03
西安,80,8/14/03
西安,67,8/15/03
西安,69,8/16/03
西安,91,8/17/03
西安,110,8/18/03
西安,99,8/19/03
西安,76,8/20/03
西安,74,8/21/03
西安,70,8/22/03
西安,95,8/23/03
西安,99,8/24/03
西安,103,8/25/03
西安,83,8/26/03
西安,88,8/27/03
西安,82,8/28/03
西安,62,8/29/03
西安,38,8/30/03
西安,86,8/31/03
西安,67,9/1/03
西安,68,9/2/03
西安,95,9/3/03
西安,74,9/4/03
西安,72,9/5/03
西安,60,9/6/03
西安,60,9/7/03
西安,73,9/8/03
西安,74,9/9/03
西安,84,9/10/03
西安,101,9/11/03
西安,121,9/12/03
西安,107,9/13/03
西安,94,9/14/03
西安,90,9/15/03
西安,91,9/16/03
西安,121,9/17/03
西安,77,9/18/03
西安,53,9/19/03
西安,58,9/20/03
西安,69,9/21/03
西安,82,9/22/03
西安,88,9/23/03
西安,101,9/24/03
西安,94,9/25/03
西安,87,9/27/03
西安,76,9/28/03
西安,74,9/29/03
西安,50,9/30/03
西安,40,10/1/03
西安,45,10/2/03
西安,46,10/3/03
西安,51,10/4/03
西安,70,10/6/03
西安,89,10/7/03
西安,115,10/8/03
西安,159,10/9/03
西安,92,10/10/03
西安,55,10/11/03
西安,40,10/12/03
西安,37,10/13/03
西安,56,10/14/03
西安,60,10/15/03
西安,77,10/16/03
西安,77,10/17/03
西安,94,10/18/03
西安,86,10/19/03
西安,63,10/20/03
西安,72,10/21/03
西安,77,10/22/03
西安,93,10/23/03
西安,100,10/24/03
西安,99,10/25/03
西安,83,10/26/03
西安,101,10/27/03
西安,91,10/28/03
西安,83,10/30/03
西安,90,10/31/03
西安,103,11/1/03
西安,146,11/2/03
西安,80,11/3/03
西安,115,11/4/03
西安,118,11/5/03
西安,110,11/6/03
西安,84,11/7/03
西安,39,11/8/03
西安,53,11/9/03
西安,64,11/10/03
西安,84,11/11/03
西安,90,11/12/03
西安,110,11/13/03
西安,127,11/14/03
西安,106,11/15/03
西安,109,11/16/03
西安,128,11/17/03
西安,97,11/18/03
西安,106,11/19/03
西安,98,11/20/03
西安,73,11/21/03
西安,95,11/22/03
西安,112,11/23/03
西安,119,11/24/03
西安,123,11/25/03
西安,103,11/26/03
西安,104,11/27/03
西安,97,11/28/03
西安,101,11/29/03
西安,104,11/30/03
西安,119,12/1/03
西安,126,12/2/03
西安,117,12/3/03
西安,117,12/4/03
西安,123,12/5/03
西安,97,12/6/03
西安,52,12/7/03
西安,82,12/8/03
西安,153,12/9/03
西安,133,12/10/03
西安,128,12/11/03
西安,143,12/12/03
西安,155,12/13/03
西安,159,12/14/03
西安,180,12/15/03
西安,145,12/16/03
西安,101,12/17/03
西安,96,12/18/03
西安,83,12/19/03
西安,89,12/20/03
西安,111,12/21/03
西安,118,12/22/03
西安,122,12/23/03
西安,113,12/24/03
西安,82,12/25/03
西安,86,12/26/03
西安,90,12/27/03
西安,87,12/28/03
西安,65,12/29/03
西安,83,12/30/03
西安,91,12/31/03
西安,83,1/1/04
西安,81,1/2/04
西安,126,1/3/04
西安,132,1/4/04
西安,129,1/5/04
西安,190,1/6/04
西安,193,1/7/04
西安,158,1/8/04
西安,158,1/9/04
西安,157,1/10/04
西安,175,1/11/04
西安,179,1/12/04
西安,84,1/13/04
西安,110,1/14/04
西安,101,1/15/04
西安,89,1/17/04
西安,86,1/18/04
西安,79,1/19/04
西安,109,1/20/04
西安,91,1/21/04
西安,108,1/22/04
西安,52,1/24/04
西安,60,1/25/04
西安,96,1/26/04
西安,79,1/27/04
西安,93,1/28/04
西安,116,1/29/04
西安,138,1/30/04
西安,68,2/1/04
西安,64,2/2/04
西安,80,2/3/04
西安,93,2/4/04
西安,107,2/5/04
西安,116,2/6/04
西安,94,2/7/04
西安,150,2/8/04
西安,144,2/9/04
西安,174,2/10/04
西安,169,2/11/04
西安,133,2/12/04
西安,101,2/13/04
西安,96,2/14/04
西安,111,2/15/04
西安,119,2/16/04
西安,103,2/17/04
西安,140,2/18/04
西安,143,2/19/04
西安,144,2/20/04
西安,78,2/21/04
西安,80,2/22/04
西安,110,2/24/04
西安,97,2/25/04
西安,131,2/26/04
西安,119,2/27/04
西安,135,2/28/04
西安,116,2/29/04
西安,123,3/1/04
西安,124,3/2/04
西安,156,3/3/04
西安,105,3/4/04
西安,158,3/5/04
西安,82,3/6/04
西安,78,3/7/04
西安,104,3/8/04
西安,85,3/9/04
西安,147,3/10/04
西安,159,3/11/04
西安,102,3/12/04
西安,142,3/14/04
西安,158,3/15/04
西安,128,3/16/04
西安,117,3/17/04
西安,80,3/18/04
西安,84,3/20/04
西安,73,3/21/04
西安,114,3/22/04
西安,141,3/23/04
西安,160,3/24/04
西安,83,3/25/04
西安,116,3/26/04
西安,152,3/27/04
西安,159,3/28/04
西安,165,3/29/04
西安,101,3/30/04
西安,162,3/31/04
西安,133,4/1/04
西安,122,4/2/04
西安,111,4/3/04
西安,82,4/4/04
西安,116,4/6/04
西安,89,4/7/04
西安,67,4/8/04
西安,92,4/9/04
西安,117,4/10/04
西安,94,4/11/04
西安,99,4/12/04
西安,93,4/13/04
西安,85,4/14/04
西安,69,4/15/04
西安,86,4/16/04
西安,80,4/17/04
西安,87,4/18/04
西安,85,4/19/04
西安,99,4/20/04
西安,93,4/21/04
西安,91,4/22/04
西安,104,4/23/04
西安,84,4/24/04
西安,87,4/25/04
西安,85,4/26/04
西安,86,4/27/04
西安,103,4/28/04
西安,140,4/29/04
西安,149,4/30/04
西安,100,5/1/04
西安,81,5/2/04
西安,52,5/3/04
西安,64,5/4/04
西安,66,5/5/04
西安,75,5/6/04
西安,93,5/7/04
西安,89,5/8/04
西安,108,5/9/04
西安,131,5/10/04
西安,96,5/11/04
西安,92,5/12/04
西安,93,5/13/04
西安,79,5/14/04
西安,62,5/15/04
西安,83,5/16/04
西安,66,5/17/04
西安,75,5/18/04
西安,77,5/19/04
西安,73,5/20/04
西安,81,5/22/04
西安,91,5/23/04
西安,91,5/24/04
西安,81,5/25/04
西安,80,5/26/04
西安,75,5/27/04
西安,98,5/28/04
西安,97,5/29/04
西安,61,5/30/04
西安,62,5/31/04
西安,60,6/1/04
西安,67,6/2/04
西安,70,6/3/04
西安,59,6/4/04
西安,86,6/5/04
西安,83,6/6/04
西安,74,6/7/04
西安,70,6/8/04
西安,98,6/9/04
西安,104,6/10/04
西安,67,6/11/04
西安,62,6/12/04
西安,66,6/13/04
西安,50,6/14/04
西安,75,6/15/04
西安,77,6/16/04
西安,80,6/17/04
西安,78,6/18/04
西安,65,6/19/04
西安,70,6/20/04
西安,82,6/21/04
西安,85,6/22/04
西安,89,6/23/04
西安,81,6/24/04
西安,81,6/25/04
西安,94,6/26/04
西安,78,6/27/04
西安,69,6/28/04
西安,80,6/29/04
西安,67,6/30/04
西安,47,7/1/04
西安,62,7/2/04
西安,78,7/3/04
西安,91,7/4/04
西安,67,7/5/04
西安,62,7/6/04
西安,78,7/7/04
西安,92,7/8/04
西安,84,7/9/04
西安,88,7/10/04
西安,70,7/11/04
西安,60,7/12/04
西安,67,7/13/04
西安,84,7/14/04
西安,78,7/15/04
西安,62,7/16/04
西安,89,7/17/04
西安,78,7/18/04
西安,71,7/19/04
西安,75,7/20/04
西安,88,7/21/04
西安,62,7/22/04
西安,36,7/23/04
西安,59,7/24/04
西安,72,7/25/04
西安,58,7/26/04
西安,67,7/27/04
西安,108,7/28/04
西安,157,7/29/04
西安,69,7/30/04
西安,87,7/31/04
西安,115,8/1/04
西安,162,8/2/04
西安,255,8/3/04
西安,128,8/4/04
西安,91,8/5/04
西安,83,8/6/04
西安,124,8/7/04
西安,127,8/8/04
西安,94,8/9/04
西安,121,8/10/04
西安,92,8/11/04
西安,99,8/12/04
西安,68,8/13/04
西安,82,8/14/04
西安,98,8/15/04
西安,89,8/16/04
西安,79,8/17/04
西安,84,8/18/04
西安,96,8/19/04
西安,70,8/20/04
西安,68,8/21/04
西安,100,8/22/04
西安,96,8/23/04
西安,114,8/24/04
西安,83,8/25/04
西安,95,8/26/04
西安,99,8/27/04
西安,74,8/28/04
西安,74,8/29/04
西安,60,8/30/04
西安,85,8/31/04
西安,84,9/1/04
西安,74,9/2/04
西安,57,9/3/04
西安,70,9/4/04
西安,70,9/5/04
西安,82,9/6/04
西安,86,9/7/04
西安,56,9/8/04
西安,74,9/9/04
西安,81,9/10/04
西安,55,9/11/04
西安,63,9/12/04
西安,77,9/13/04
西安,46,9/14/04
西安,72,9/15/04
西安,97,9/16/04
西安,126,9/17/04
西安,70,9/18/04
西安,72,9/19/04
西安,64,9/20/04
西安,72,9/21/04
西安,87,9/22/04
西安,99,9/23/04
西安,99,9/24/04
西安,80,9/25/04
西安,90,9/26/04
西安,86,9/27/04
西安,85,9/28/04
西安,86,9/29/04
西安,85,9/30/04
西安,54,10/1/04
西安,61,10/2/04
西安,81,10/3/04
西安,95,10/4/04
西安,138,10/5/04
西安,109,10/6/04
西安,83,10/7/04
西安,75,10/8/04
西安,130,10/9/04
西安,118,10/10/04
西安,69,10/11/04
西安,53,10/12/04
西安,97,10/13/04
西安,97,10/14/04
西安,94,10/15/04
西安,91,10/16/04
西安,81,10/17/04
西安,100,10/18/04
西安,87,10/19/04
西安,100,10/20/04
西安,56,10/21/04
西安,56,10/22/04
西安,78,10/23/04
西安,80,10/24/04
西安,80,10/25/04
西安,80,10/26/04
西安,66,10/27/04
西安,102,10/28/04
西安,98,10/29/04
西安,189,10/30/04
西安,85,10/31/04
西安,90,11/1/04
西安,99,11/2/04
西安,158,11/3/04
西安,130,11/4/04
西安,100,11/5/04
西安,98,11/6/04
西安,93,11/7/04
西安,96,11/8/04
西安,99,11/9/04
西安,94,11/10/04
西安,94,11/11/04
西安,81,11/12/04
西安,80,11/13/04
西安,94,11/14/04
西安,78,11/15/04
西安,68,11/16/04
西安,66,11/17/04
西安,92,11/18/04
西安,142,11/19/04
西安,169,11/20/04
西安,184,11/21/04
西安,196,11/22/04
西安,97,11/23/04
西安,100,11/24/04
西安,43,11/25/04
西安,63,11/26/04
西安,80,11/27/04
西安,92,11/28/04
西安,92,11/29/04
西安,167,11/30/04
西安,145,12/1/04
西安,120,12/2/04
西安,89,12/3/04
西安,96,12/4/04
西安,93,12/5/04
西安,86,12/6/04
西安,59,12/7/04
西安,88,12/8/04
西安,99,12/9/04
西安,86,12/10/04
西安,100,12/11/04
西安,99,12/12/04
西安,118,12/13/04
西安,121,12/14/04
西安,122,12/15/04
西安,100,12/16/04
西安,99,12/17/04
西安,116,12/18/04
西安,132,12/19/04
西安,100,12/20/04
西安,71,12/21/04
西安,83,12/22/04
西安,100,12/23/04
西安,87,12/24/04
西安,100,12/25/04
西安,99,12/26/04
西安,78,12/27/04
西安,77,12/28/04
西安,119,12/29/04
西安,100,12/30/04
西安,69,12/31/04
西安,86,1/1/05
西安,107,1/2/05
西安,140,1/3/05
西安,120,1/4/05
西安,123,1/5/05
西安,140,1/6/05
西安,193,1/7/05
西安,135,1/8/05
西安,108,1/9/05
西安,115,1/10/05
西安,123,1/11/05
西安,154,1/12/05
西安,238,1/13/05
西安,140,1/14/05
西安,100,1/15/05
西安,116,1/16/05
西安,118,1/17/05
西安,100,1/18/05
西安,99,1/19/05
西安,141,1/20/05
西安,118,1/21/05
西安,135,1/22/05
西安,159,1/23/05
西安,97,1/24/05
西安,100,1/25/05
西安,100,1/26/05
西安,100,1/27/05
西安,100,1/28/05
西安,99,1/29/05
西安,60,1/30/05
西安,89,1/31/05
西安,76,2/1/05
西安,77,2/2/05
西安,94,2/3/05
西安,100,2/4/05
西安,99,2/5/05
西安,90,2/6/05
西安,90,2/7/05
西安,100,2/8/05
西安,112,2/9/05
西安,72,2/10/05
西安,82,2/11/05
西安,92,2/12/05
西安,128,2/13/05
西安,106,2/14/05
西安,110,2/15/05
西安,100,2/16/05
西安,99,2/17/05
西安,83,2/18/05
西安,67,2/19/05
西安,88,2/20/05
西安,117,2/21/05
西安,80,2/22/05
西安,82,2/23/05
西安,109,2/24/05
西安,98,2/25/05
西安,99,2/26/05
西安,97,2/27/05
西安,97,2/28/05
西安,98,3/1/05
西安,99,3/2/05
西安,61,3/3/05
西安,63,3/4/05
西安,71,3/5/05
西安,91,3/6/05
西安,92,3/7/05
西安,96,3/8/05
西安,98,3/9/05
西安,146,3/10/05
西安,99,3/11/05
西安,71,3/12/05
西安,74,3/13/05
西安,69,3/14/05
西安,72,3/15/05
西安,72,3/16/05
西安,71,3/17/05
西安,66,3/18/05
西安,74,3/19/05
西安,130,3/20/05
西安,107,3/21/05
西安,91,3/22/05
西安,72,3/23/05
西安,69,3/24/05
西安,79,3/25/05
西安,93,3/26/05
西安,99,3/27/05
西安,91,3/28/05
西安,96,3/29/05
西安,96,3/30/05
西安,89,3/31/05
西安,85,4/1/05
西安,100,4/2/05
西安,72,4/3/05
西安,91,4/4/05
西安,93,4/5/05
西安,87,4/6/05
西安,89,4/7/05
西安,93,4/8/05
西安,79,4/9/05
西安,82,4/10/05
西安,90,4/11/05
西安,69,4/12/05
西安,78,4/13/05
西安,98,4/14/05
西安,85,4/15/05
西安,96,4/16/05
西安,98,4/17/05
西安,73,4/18/05
西安,80,4/19/05
西安,67,4/20/05
西安,79,4/21/05
西安,93,4/22/05
西安,99,4/23/05
西安,98,4/24/05
西安,78,4/25/05
西安,91,4/26/05
西安,80,4/27/05
西安,77,4/28/05
西安,84,4/29/05
西安,95,4/30/05
西安,92,5/1/05
西安,84,5/2/05
西安,83,5/3/05
西安,78,5/4/05
西安,81,5/5/05
西安,74,5/6/05
西安,79,5/7/05
西安,64,5/8/05
西安,68,5/9/05
西安,66,5/10/05
西安,96,5/11/05
西安,100,5/12/05
西安,78,5/13/05
西安,64,5/14/05
西安,78,5/15/05
西安,62,5/16/05
西安,59,5/17/05
西安,57,5/18/05
西安,57,5/19/05
西安,59,5/20/05
西安,70,5/21/05
西安,66,5/22/05
西安,65,5/23/05
西安,78,5/24/05
西安,72,5/25/05
西安,70,5/26/05
西安,99,5/27/05
西安,87,5/28/05
西安,96,5/29/05
西安,97,5/30/05
西安,76,5/31/05
西安,55,6/1/05
西安,65,6/2/05
西安,66,6/3/05
西安,79,6/4/05
西安,70,6/5/05
西安,64,6/6/05
西安,79,6/7/05
西安,77,6/8/05
西安,84,6/9/05
西安,72,6/10/05
西安,75,6/11/05
西安,92,6/12/05
西安,89,6/13/05
西安,96,6/14/05
西安,99,6/15/05
西安,92,6/16/05
西安,89,6/17/05
西安,86,6/18/05
西安,75,6/19/05
西安,65,6/20/05
西安,61,6/21/05
西安,62,6/22/05
西安,68,6/23/05
西安,70,6/24/05
西安,68,6/25/05
西安,64,6/26/05
西安,68,6/27/05
西安,73,6/28/05
西安,71,6/29/05
西安,75,6/30/05
西安,69,7/1/05
西安,84,7/2/05
西安,60,7/3/05
西安,59,7/4/05
西安,70,7/5/05
西安,64,7/6/05
西安,83,7/7/05
西安,110,7/8/05
西安,82,7/9/05
西安,72,7/10/05
西安,58,7/11/05
西安,58,7/12/05
西安,63,7/13/05
西安,64,7/14/05
西安,65,7/15/05
西安,58,7/16/05
西安,62,7/17/05
西安,63,7/18/05
西安,95,7/19/05
西安,57,7/20/05
西安,66,7/21/05
西安,68,7/22/05
西安,72,7/23/05
西安,88,7/24/05
西安,83,7/25/05
西安,72,7/26/05
西安,75,7/27/05
西安,74,7/28/05
西安,76,7/29/05
西安,94,7/30/05
西安,94,7/31/05
西安,85,8/1/05
西安,80,8/2/05
西安,65,8/3/05
西安,65,8/4/05
西安,63,8/5/05
西安,67,8/6/05
西安,63,8/7/05
西安,75,8/8/05
西安,96,8/9/05
西安,104,8/10/05
西安,100,8/11/05
西安,77,8/12/05
西安,73,8/13/05
西安,73,8/14/05
西安,76,8/15/05
西安,52,8/16/05
西安,44,8/17/05
西安,59,8/18/05
西安,51,8/19/05
西安,61,8/20/05
西安,65,8/21/05
西安,72,8/22/05
西安,92,8/23/05
西安,83,8/24/05
西安,85,8/25/05
西安,99,8/26/05
西安,98,8/27/05
西安,67,8/28/05
西安,77,8/29/05
西安,83,8/30/05
西安,79,8/31/05
西安,97,9/1/05
西安,88,9/2/05
西安,74,9/3/05
西安,76,9/4/05
西安,90,9/5/05
西安,84,9/6/05
西安,95,9/7/05
西安,84,9/8/05
西安,91,9/9/05
西安,86,9/10/05
西安,79,9/11/05
西安,79,9/12/05
西安,89,9/13/05
西安,105,9/14/05
西安,103,9/15/05
西安,86,9/16/05
西安,62,9/17/05
西安,77,9/18/05
西安,81,9/19/05
西安,95,9/20/05
西安,81,9/21/05
西安,59,9/22/05
西安,68,9/23/05
西安,71,9/24/05
西安,72,9/25/05
西安,70,9/26/05
西安,70,9/27/05
西安,64,9/28/05
西安,64,9/29/05
西安,76,9/30/05
西安,64,10/1/05
西安,61,10/2/05
西安,33,10/3/05
西安,62,10/4/05
西安,73,10/5/05
西安,62,10/6/05
西安,64,10/7/05
西安,66,10/8/05
西安,73,10/9/05
西安,105,10/10/05
西安,100,10/11/05
西安,122,10/12/05
西安,100,10/13/05
西安,53,10/14/05
西安,65,10/15/05
西安,67,10/16/05
西安,78,10/17/05
西安,143,10/18/05
西安,105,10/19/05
西安,136,10/20/05
西安,51,10/21/05
西安,74,10/22/05
西安,90,10/23/05
西安,90,10/24/05
西安,105,10/25/05
西安,105,10/26/05
西安,100,10/27/05
西安,72,10/28/05
西安,69,10/29/05
西安,72,10/30/05
西安,75,10/31/05
西安,91,11/1/05
西安,107,11/2/05
西安,113,11/3/05
西安,114,11/4/05
西安,122,11/5/05
西安,83,11/6/05
西安,98,11/7/05
西安,106,11/8/05
西安,137,11/9/05
西安,153,11/10/05
西安,150,11/11/05
西安,169,11/12/05
西安,148,11/13/05
西安,67,11/14/05
西安,76,11/15/05
西安,94,11/16/05
西安,145,11/17/05
西安,149,11/18/05
西安,97,11/19/05
西安,148,11/20/05
西安,176,11/21/05
西安,171,11/22/05
西安,95,11/23/05
西安,75,11/24/05
西安,82,11/25/05
西安,85,11/26/05
西安,96,11/27/05
西安,74,11/28/05
西安,73,11/29/05
西安,88,11/30/05
西安,102,12/1/05
西安,101,12/2/05
西安,108,12/3/05
西安,80,12/4/05
西安,68,12/5/05
西安,81,12/6/05
西安,96,12/7/05
西安,112,12/8/05
西安,166,12/9/05
西安,135,12/10/05
西安,112,12/11/05
西安,82,12/12/05
西安,95,12/13/05
西安,86,12/14/05
西安,89,12/15/05
西安,109,12/16/05
西安,100,12/17/05
西安,94,12/18/05
西安,125,12/19/05
西安,142,12/20/05
西安,101,12/21/05
西安,72,12/22/05
西安,103,12/23/05
西安,104,12/24/05
西安,126,12/25/05
西安,120,12/26/05
西安,131,12/27/05
西安,159,12/28/05
西安,198,12/29/05
西安,293,12/30/05
西安,185,12/31/05
西安,174,1/1/06
西安,130,1/2/06
西安,161,1/3/06
西安,139,1/4/06
西安,50,1/5/06
西安,64,1/6/06
西安,58,1/7/06
西安,106,1/8/06
西安,71,1/9/06
西安,108,1/10/06
西安,165,1/11/06
西安,151,1/12/06
西安,141,1/13/06
西安,86,1/14/06
西安,93,1/15/06
西安,99,1/16/06
西安,126,1/17/06
西安,117,1/18/06
西安,99,1/19/06
西安,100,1/20/06
西安,100,1/21/06
西安,85,1/22/06
西安,100,1/23/06
西安,104,1/24/06
西安,111,1/25/06
西安,128,1/26/06
西安,155,1/27/06
西安,192,1/28/06
西安,199,1/29/06
西安,183,1/30/06
西安,115,1/31/06
西安,100,2/1/06
西安,119,2/2/06
西安,119,2/3/06
西安,102,2/4/06
西安,92,2/5/06
西安,110,2/6/06
西安,80,2/7/06
西安,82,2/8/06
西安,99,2/9/06
西安,98,2/10/06
西安,98,2/11/06
西安,100,2/12/06
西安,169,2/13/06
西安,97,2/14/06
西安,61,2/15/06
西安,63,2/16/06
西安,85,2/17/06
西安,98,2/18/06
西安,87,2/19/06
西安,100,2/20/06
西安,120,2/21/06
西安,100,2/22/06
西安,99,2/23/06
西安,98,2/24/06
西安,134,2/25/06
西安,122,2/26/06
西安,74,2/27/06
西安,71,2/28/06
西安,91,3/1/06
西安,86,3/2/06
西安,110,3/3/06
西安,126,3/4/06
西安,121,3/5/06
西安,111,3/6/06
西安,151,3/7/06
西安,80,3/8/06
西安,85,3/9/06
西安,129,3/10/06
西安,97,3/11/06
西安,77,3/12/06
西安,64,3/13/06
西安,72,3/14/06
西安,75,3/15/06
西安,91,3/16/06
西安,100,3/17/06
西安,147,3/18/06
西安,134,3/19/06
西安,125,3/20/06
西安,100,3/21/06
西安,78,3/22/06
西安,83,3/23/06
西安,91,3/24/06
西安,85,3/25/06
西安,84,3/26/06
西安,97,3/27/06
西安,100,3/28/06
西安,80,3/29/06
西安,85,3/30/06
西安,99,3/31/06
西安,100,4/1/06
西安,86,4/2/06
西安,89,4/3/06
西安,94,4/4/06
西安,66,4/5/06
西安,93,4/6/06
西安,78,4/7/06
西安,94,4/8/06
西安,87,4/9/06
西安,83,4/10/06
西安,345,4/11/06
西安,97,4/12/06
西安,59,4/13/06
西安,76,4/14/06
西安,79,4/15/06
西安,100,4/16/06
西安,96,4/17/06
西安,88,4/18/06
西安,98,4/19/06
西安,95,4/20/06
西安,79,4/21/06
西安,87,4/22/06
西安,97,4/23/06
西安,89,4/24/06
西安,87,4/25/06
西安,69,4/26/06
西安,63,4/27/06
西安,53,4/28/06
西安,64,4/29/06
西安,71,4/30/06
西安,79,5/1/06
西安,94,5/2/06
西安,97,5/3/06
西安,98,5/4/06
西安,100,5/5/06
西安,90,5/6/06
西安,91,5/7/06
西安,89,5/8/06
西安,74,5/9/06
西安,60,5/10/06
西安,48,5/11/06
西安,52,5/12/06
西安,73,5/13/06
西安,69,5/14/06
西安,59,5/15/06
西安,68,5/16/06
西安,88,5/17/06
西安,93,5/18/06
西安,88,5/19/06
西安,89,5/20/06
西安,66,5/21/06
西安,62,5/22/06
西安,60,5/23/06
西安,59,5/24/06
西安,74,5/25/06
西安,79,5/26/06
西安,72,5/27/06
西安,64,5/28/06
西安,70,5/29/06
西安,63,5/30/06
西安,60,5/31/06
西安,58,6/1/06
西安,59,6/2/06
西安,62,6/3/06
西安,65,6/4/06
西安,96,6/5/06
西安,77,6/6/06
西安,95,6/7/06
西安,92,6/8/06
西安,82,6/9/06
西安,95,6/10/06
西安,92,6/11/06
西安,96,6/12/06
西安,89,6/13/06
西安,67,6/14/06
西安,72,6/15/06
西安,75,6/16/06
西安,76,6/17/06
西安,82,6/18/06
西安,74,6/19/06
西安,94,6/20/06
西安,57,6/21/06
西安,59,6/22/06
西安,63,6/23/06
西安,87,6/24/06
西安,85,6/25/06
西安,77,6/26/06
西安,93,6/27/06
西安,79,6/28/06
西安,75,6/29/06
西安,80,6/30/06
西安,69,7/1/06
西安,70,7/2/06
西安,75,7/3/06
西安,79,7/4/06
西安,77,7/5/06
西安,76,7/6/06
西安,82,7/7/06
西安,88,7/8/06
西安,86,7/9/06
西安,78,7/10/06
西安,71,7/11/06
西安,86,7/12/06
西安,100,7/13/06
西安,60,7/14/06
西安,63,7/15/06
西安,73,7/16/06
西安,75,7/17/06
西安,79,7/18/06
西安,84,7/19/06
西安,89,7/20/06
西安,71,7/21/06
西安,68,7/22/06
西安,62,7/23/06
西安,82,7/24/06
西安,69,7/25/06
西安,92,7/26/06
西安,97,7/27/06
西安,99,7/28/06
西安,94,7/29/06
西安,79,7/30/06
西安,74,7/31/06
西安,71,8/1/06
西安,79,8/2/06
西安,76,8/3/06
西安,78,8/4/06
西安,78,8/5/06
西安,82,8/6/06
西安,77,8/7/06
西安,83,8/8/06
西安,72,8/9/06
西安,67,8/10/06
西安,75,8/11/06
西安,91,8/12/06
西安,100,8/13/06
西安,100,8/14/06
西安,86,8/15/06
西安,92,8/16/06
西安,92,8/17/06
西安,72,8/18/06
西安,71,8/19/06
西安,85,8/20/06
西安,57,8/21/06
西安,70,8/22/06
西安,94,8/23/06
西安,90,8/24/06
西安,86,8/25/06
西安,99,8/26/06
西安,115,8/27/06
西安,109,8/28/06
西安,56,8/29/06
西安,74,8/30/06
西安,88,8/31/06
西安,76,9/1/06
西安,71,9/2/06
西安,98,9/3/06
西安,93,9/4/06
西安,45,9/5/06
西安,54,9/6/06
西安,86,9/7/06
西安,88,9/8/06
西安,58,9/9/06
西安,61,9/10/06
西安,63,9/11/06
西安,93,9/12/06
西安,77,9/13/06
西安,90,9/14/06
西安,96,9/15/06
西安,88,9/16/06
西安,88,9/17/06
西安,84,9/18/06
西安,99,9/19/06
西安,112,9/20/06
西安,105,9/21/06
西安,80,9/22/06
西安,58,9/23/06
西安,65,9/24/06
西安,100,9/25/06
西安,65,9/26/06
西安,50,9/27/06
西安,52,9/28/06
西安,72,9/29/06
西安,74,9/30/06
西安,79,10/1/06
西安,83,10/2/06
西安,84,10/3/06
西安,80,10/4/06
西安,152,10/5/06
西安,133,10/6/06
西安,107,10/7/06
西安,91,10/8/06
西安,90,10/9/06
西安,100,10/10/06
西安,99,10/11/06
西安,116,10/12/06
西安,145,10/13/06
西安,146,10/14/06
西安,126,10/15/06
西安,100,10/16/06
西安,75,10/17/06
西安,85,10/18/06
西安,91,10/19/06
西安,87,10/20/06
西安,117,10/21/06
西安,100,10/22/06
西安,76,10/23/06
西安,76,10/24/06
西安,83,10/25/06
西安,92,10/26/06
西安,102,10/27/06
西安,86,10/28/06
西安,75,10/29/06
西安,94,10/30/06
西安,76,10/31/06
西安,66,11/1/06
西安,85,11/2/06
西安,80,11/3/06
西安,98,11/4/06
西安,83,11/5/06
西安,73,11/6/06
西安,75,11/7/06
西安,100,11/8/06
西安,82,11/9/06
西安,100,11/10/06
西安,91,11/11/06
西安,100,11/12/06
西安,98,11/13/06
西安,58,11/14/06
西安,73,11/15/06
西安,76,11/16/06
西安,102,11/17/06
西安,122,11/18/06
西安,112,11/19/06
西安,119,11/20/06
西安,126,11/21/06
西安,135,11/22/06
西安,99,11/23/06
西安,53,11/24/06
西安,58,11/25/06
西安,77,11/26/06
西安,63,11/27/06
西安,73,11/28/06
西安,73,11/29/06
西安,104,11/30/06
西安,90,12/1/06
西安,97,12/2/06
西安,87,12/3/06
西安,91,12/4/06
西安,121,12/5/06
西安,156,12/6/06
西安,142,12/7/06
西安,96,12/8/06
西安,73,12/9/06
西安,80,12/10/06
西安,100,12/11/06
西安,108,12/12/06
西安,76,12/13/06
西安,79,12/14/06
西安,133,12/15/06
西安,104,12/16/06
西安,85,12/17/06
西安,100,12/18/06
西安,105,12/19/06
西安,103,12/20/06
西安,104,12/21/06
西安,109,12/22/06
西安,110,12/23/06
西安,102,12/24/06
西安,187,12/25/06
西安,171,12/26/06
西安,158,12/27/06
西安,196,12/28/06
西安,180,12/29/06
西安,168,12/30/06
西安,173,12/31/06
西安,148,1/1/07
西安,129,1/2/07
西安,118,1/3/07
西安,114,1/4/07
西安,80,1/5/07
西安,66,1/6/07
西安,62,1/7/07
西安,71,1/8/07
西安,81,1/9/07
西安,129,1/10/07
西安,135,1/11/07
西安,139,1/12/07
西安,100,1/13/07
西安,150,1/14/07
西安,95,1/15/07
西安,81,1/16/07
西安,80,1/17/07
西安,82,1/18/07
西安,118,1/19/07
西安,152,1/20/07
西安,143,1/21/07
西安,142,1/22/07
西安,127,1/23/07
西安,126,1/24/07
西安,99,1/25/07
西安,87,1/26/07
西安,71,1/27/07
西安,78,1/28/07
西安,98,1/29/07
西安,97,1/30/07
西安,95,1/31/07
西安,72,2/1/07
西安,97,2/2/07
西安,97,2/3/07
西安,97,2/4/07
西安,98,2/5/07
西安,142,2/6/07
西安,123,2/7/07
西安,127,2/8/07
西安,111,2/9/07
西安,93,2/10/07
西安,100,2/11/07
西安,147,2/12/07
西安,100,2/13/07
西安,69,2/14/07
西安,69,2/15/07
西安,94,2/16/07
西安,89,2/17/07
西安,143,2/18/07
西安,99,2/19/07
西安,98,2/20/07
西安,92,2/21/07
西安,87,2/22/07
西安,98,2/23/07
西安,97,2/24/07
西安,84,2/25/07
西安,94,2/26/07
西安,93,2/27/07
西安,54,2/28/07
西安,50,3/1/07
西安,85,3/2/07
西安,81,3/3/07
西安,36,3/4/07
西安,49,3/5/07
西安,58,3/6/07
西安,80,3/7/07
西安,90,3/8/07
西安,100,3/9/07
西安,84,3/10/07
西安,69,3/11/07
西安,89,3/12/07
西安,82,3/13/07
西安,125,3/14/07
西安,95,3/15/07
西安,56,3/16/07
西安,67,3/17/07
西安,80,3/18/07
西安,84,3/19/07
西安,91,3/20/07
西安,98,3/21/07
西安,100,3/22/07
西安,99,3/23/07
西安,88,3/24/07
西安,98,3/25/07
西安,98,3/26/07
西安,97,3/27/07
西安,94,3/28/07
西安,143,3/29/07
西安,98,3/30/07
西安,141,3/31/07
西安,161,4/1/07
西安,82,4/2/07
西安,71,4/3/07
西安,76,4/4/07
西安,87,4/5/07
西安,90,4/6/07
西安,91,4/7/07
西安,79,4/8/07
西安,100,4/9/07
西安,91,4/10/07
西安,94,4/11/07
西安,99,4/12/07
西安,87,4/13/07
西安,83,4/14/07
西安,85,4/15/07
西安,133,4/16/07
西安,74,4/17/07
西安,60,4/18/07
西安,83,4/19/07
西安,97,4/20/07
西安,84,4/21/07
西安,82,4/22/07
西安,90,4/23/07
西安,90,4/24/07
西安,88,4/25/07
西安,82,4/26/07
西安,72,4/27/07
西安,83,4/28/07
西安,72,4/29/07
西安,83,4/30/07
西安,93,5/1/07
西安,91,5/2/07
西安,97,5/3/07
西安,74,5/4/07
西安,75,5/5/07
西安,79,5/6/07
西安,98,5/7/07
西安,93,5/8/07
西安,89,5/9/07
西安,86,5/10/07
西安,81,5/11/07
西安,78,5/12/07
西安,90,5/13/07
西安,93,5/14/07
西安,83,5/15/07
西安,89,5/16/07
西安,83,5/17/07
西安,80,5/18/07
西安,83,5/19/07
西安,93,5/20/07
西安,92,5/21/07
西安,121,5/22/07
西安,80,5/23/07
西安,132,5/24/07
西安,145,5/25/07
西安,98,5/26/07
西安,91,5/27/07
西安,90,5/28/07
西安,98,5/29/07
西安,95,5/30/07
西安,77,5/31/07
西安,65,6/1/07
西安,89,6/2/07
西安,91,6/3/07
西安,135,6/4/07
西安,87,6/5/07
西安,99,6/6/07
西安,95,6/7/07
西安,89,6/8/07
西安,80,6/9/07
西安,93,6/10/07
西安,175,6/11/07
西安,175,6/12/07
西安,100,6/13/07
西安,83,6/14/07
西安,82,6/15/07
西安,73,6/16/07
西安,61,6/17/07
西安,62,6/18/07
西安,44,6/19/07
西安,48,6/20/07
西安,55,6/21/07
西安,61,6/22/07
西安,72,6/23/07
西安,63,6/24/07
西安,66,6/25/07
西安,66,6/26/07
西安,62,6/27/07
西安,82,6/28/07
西安,72,6/29/07
西安,96,6/30/07
西安,85,7/1/07
西安,69,7/2/07
西安,78,7/3/07
西安,82,7/4/07
西安,78,7/5/07
西安,73,7/7/07
西安,81,7/8/07
西安,51,7/9/07
西安,61,7/10/07
西安,64,7/11/07
西安,78,7/12/07
西安,72,7/13/07
西安,81,7/14/07
西安,86,7/15/07
西安,92,7/16/07
西安,91,7/17/07
西安,96,7/18/07
西安,81,7/19/07
西安,48,7/20/07
西安,62,7/21/07
西安,70,7/22/07
西安,81,7/23/07
西安,90,7/24/07
西安,85,7/25/07
西安,84,7/26/07
西安,90,7/27/07
西安,85,7/28/07
西安,85,7/29/07
西安,92,7/30/07
西安,81,7/31/07
西安,70,8/1/07
西安,60,8/2/07
西安,73,8/3/07
西安,96,8/4/07
西安,89,8/5/07
西安,87,8/6/07
西安,79,8/7/07
西安,83,8/8/07
西安,87,8/9/07
西安,56,8/10/07
西安,70,8/11/07
西安,72,8/12/07
西安,61,8/13/07
西安,62,8/14/07
西安,81,8/15/07
西安,89,8/16/07
西安,84,8/17/07
西安,84,8/18/07
西安,94,8/19/07
西安,114,8/20/07
西安,97,8/21/07
西安,95,8/22/07
西安,94,8/23/07
西安,93,8/24/07
西安,94,8/25/07
西安,96,8/26/07
西安,62,8/27/07
西安,87,8/28/07
西安,92,8/29/07
西安,79,8/30/07
西安,68,8/31/07
西安,60,9/1/07
西安,78,9/2/07
西安,74,9/3/07
西安,59,9/4/07
西安,64,9/5/07
西安,64,9/6/07
西安,90,9/7/07
西安,74,9/8/07
西安,77,9/9/07
西安,84,9/10/07
西安,88,9/11/07
西安,82,9/12/07
西安,60,9/13/07
西安,50,9/14/07
西安,50,9/15/07
西安,81,9/16/07
西安,77,9/17/07
西安,55,9/18/07
西安,65,9/19/07
西安,63,9/20/07
西安,75,9/21/07
西安,72,9/22/07
西安,73,9/23/07
西安,85,9/24/07
西安,100,9/25/07
西安,113,9/26/07
西安,80,9/27/07
西安,39,9/28/07
西安,49,9/29/07
西安,62,9/30/07
西安,64,10/1/07
西安,53,10/2/07
西安,79,10/3/07
西安,100,10/4/07
西安,128,10/5/07
西安,99,10/6/07
西安,37,10/7/07
西安,38,10/8/07
西安,46,10/9/07
西安,59,10/10/07
西安,55,10/11/07
西安,60,10/12/07
西安,53,10/13/07
西安,58,10/14/07
西安,69,10/15/07
西安,66,10/16/07
西安,82,10/17/07
西安,86,10/18/07
西安,77,10/19/07
西安,89,10/20/07
西安,94,10/21/07
西安,92,10/22/07
西安,128,10/23/07
西安,91,10/24/07
西安,80,10/25/07
西安,123,10/26/07
西安,132,10/27/07
西安,80,10/28/07
西安,68,10/29/07
西安,94,10/30/07
西安,97,10/31/07
西安,91,11/1/07
西安,54,11/2/07
西安,84,11/3/07
西安,98,11/4/07
西安,113,11/5/07
西安,139,11/6/07
西安,99,11/7/07
西安,92,11/8/07
西安,99,11/9/07
西安,115,11/10/07
西安,139,11/11/07
西安,146,11/12/07
西安,160,11/13/07
西安,208,11/14/07
西安,203,11/15/07
西安,96,11/16/07
西安,78,11/17/07
西安,80,11/18/07
西安,95,11/19/07
西安,83,11/20/07
西安,119,11/21/07
西安,92,11/22/07
西安,91,11/23/07
西安,135,11/24/07
西安,86,11/25/07
西安,95,11/26/07
西安,95,11/27/07
西安,134,11/28/07
西安,173,11/29/07
西安,100,11/30/07
西安,95,12/1/07
西安,87,12/2/07
西安,80,12/3/07
西安,94,12/4/07
西安,121,12/5/07
西安,111,12/6/07
西安,115,12/7/07
西安,130,12/8/07
西安,171,12/9/07
西安,206,12/10/07
西安,98,12/12/07
西安,119,12/13/07
西安,130,12/14/07
西安,144,12/15/07
西安,161,12/16/07
西安,120,12/17/07
西安,108,12/18/07
西安,144,12/19/07
西安,192,12/20/07
西安,215,12/21/07
西安,159,12/22/07
西安,172,12/23/07
西安,143,12/24/07
西安,123,12/25/07
西安,131,12/26/07
西安,137,12/27/07
西安,98,12/28/07
西安,97,12/29/07
西安,91,12/30/07
西安,82,12/31/07
西安,70,1/1/08
西安,90,1/2/08
西安,96,1/3/08
西安,100,1/4/08
西安,98,1/5/08
西安,135,1/6/08
西安,90,1/7/08
西安,93,1/8/08
西安,136,1/9/08
西安,112,1/10/08
西安,96,1/11/08
西安,76,1/12/08
西安,57,1/13/08
西安,64,1/14/08
西安,90,1/15/08
西安,90,1/16/08
西安,92,1/17/08
西安,96,1/18/08
西安,90,1/19/08
西安,89,1/20/08
西安,74,1/21/08
西安,73,1/22/08
西安,75,1/23/08
西安,64,1/24/08
西安,57,1/25/08
西安,81,1/26/08
西安,81,1/27/08
西安,75,1/28/08
西安,60,1/29/08
西安,58,1/30/08
西安,59,1/31/08
西安,88,2/1/08
西安,86,2/2/08
西安,93,2/3/08
西安,100,2/4/08
西安,61,2/5/08
西安,60,2/6/08
西安,107,2/7/08
西安,61,2/8/08
西安,34,2/9/08
西安,63,2/10/08
西安,72,2/11/08
西安,56,2/12/08
西安,62,2/13/08
西安,71,2/14/08
西安,82,2/15/08
西安,107,2/16/08
西安,112,2/17/08
西安,106,2/18/08
西安,127,2/19/08
西安,100,2/20/08
西安,96,2/21/08
西安,99,2/22/08
西安,87,2/23/08
西安,81,2/24/08
西安,68,2/26/08
西安,65,2/27/08
西安,73,2/28/08
西安,88,2/29/08
西安,137,3/1/08
西安,114,3/2/08
西安,77,3/3/08
西安,84,3/4/08
西安,131,3/5/08
西安,97,3/6/08
西安,91,3/7/08
西安,99,3/8/08
西安,93,3/9/08
西安,83,3/10/08
西安,86,3/11/08
西安,135,3/12/08
西安,74,3/13/08
西安,83,3/14/08
西安,75,3/15/08
西安,76,3/16/08
西安,110,3/17/08
西安,124,3/18/08
西安,118,3/19/08
西安,107,3/20/08
西安,76,3/21/08
西安,83,3/22/08
西安,74,3/23/08
西安,78,3/24/08
西安,82,3/25/08
西安,81,3/26/08
西安,89,3/27/08
西安,98,3/28/08
西安,76,3/29/08
西安,66,3/30/08
西安,56,3/31/08
西安,46,4/1/08
西安,89,4/2/08
西安,95,4/3/08
西安,83,4/4/08
西安,91,4/5/08
西安,80,4/6/08
西安,95,4/7/08
西安,127,4/8/08
西安,87,4/9/08
西安,80,4/10/08
西安,82,4/11/08
西安,79,4/12/08
西安,60,4/13/08
西安,66,4/14/08
西安,90,4/15/08
西安,86,4/16/08
西安,91,4/17/08
西安,75,4/18/08
西安,69,4/19/08
西安,60,4/20/08
西安,66,4/21/08
西安,41,4/22/08
西安,62,4/23/08
西安,73,4/24/08
西安,64,4/25/08
西安,71,4/26/08
西安,79,4/27/08
西安,85,4/28/08
西安,102,4/29/08
西安,81,4/30/08
西安,107,5/1/08
西安,80,5/2/08
西安,152,5/3/08
西安,97,5/4/08
西安,96,5/5/08
西安,111,5/6/08
西安,96,5/7/08
西安,85,5/8/08
西安,54,5/9/08
西安,66,5/10/08
西安,86,5/11/08
西安,71,5/12/08
西安,71,5/13/08
西安,86,5/14/08
西安,78,5/16/08
西安,70,5/17/08
西安,72,5/18/08
西安,58,5/19/08
西安,68,5/20/08
西安,77,5/21/08
西安,93,5/22/08
西安,60,5/23/08
西安,80,5/24/08
西安,81,5/25/08
西安,83,5/26/08
西安,99,5/27/08
西安,90,5/28/08
西安,108,5/29/08
西安,150,5/30/08
西安,110,5/31/08
西安,97,6/1/08
西安,79,6/2/08
西安,79,6/3/08
西安,69,6/5/08
西安,86,6/6/08
西安,56,6/7/08
西安,55,6/8/08
西安,55,6/9/08
西安,58,6/10/08
西安,63,6/11/08
西安,90,6/12/08
西安,69,6/13/08
西安,72,6/14/08
西安,69,6/15/08
西安,58,6/16/08
西安,67,6/17/08
西安,75,6/18/08
西安,81,6/19/08
西安,91,6/20/08
西安,79,6/21/08
西安,89,6/22/08
西安,78,6/23/08
西安,71,6/24/08
西安,65,6/25/08
西安,63,6/26/08
西安,73,6/27/08
西安,57,6/28/08
西安,56,6/29/08
西安,59,6/30/08
西安,60,7/1/08
西安,76,7/2/08
西安,86,7/3/08
西安,82,7/4/08
西安,51,7/5/08
西安,44,7/6/08
西安,63,7/7/08
西安,55,7/8/08
西安,57,7/9/08
西安,71,7/10/08
西安,74,7/11/08
西安,64,7/12/08
西安,75,7/13/08
西安,81,7/14/08
西安,40,7/15/08
西安,51,7/16/08
西安,66,7/17/08
西安,84,7/18/08
西安,71,7/19/08
西安,61,7/20/08
西安,88,7/21/08
西安,75,7/22/08
西安,66,7/23/08
西安,74,7/24/08
西安,78,7/25/08
西安,81,7/26/08
西安,92,7/27/08
西安,118,7/28/08
西安,87,7/29/08
西安,88,7/30/08
西安,60,7/31/08
西安,58,8/1/08
西安,51,8/2/08
西安,52,8/3/08
西安,59,8/4/08
西安,58,8/5/08
西安,63,8/6/08
西安,53,8/7/08
西安,66,8/8/08
西安,55,8/9/08
西安,44,8/10/08
西安,52,8/11/08
西安,63,8/12/08
西安,37,8/13/08
西安,62,8/14/08
西安,110,8/15/08
西安,92,8/16/08
西安,86,8/16/08
西安,62,8/17/08
西安,77,8/18/08
西安,105,8/19/08
西安,66,8/20/08
西安,56,8/21/08
西安,68,8/22/08
西安,67,8/23/08
西安,75,8/24/08
西安,84,8/25/08
西安,98,8/26/08
西安,92,8/27/08
西安,77,8/28/08
西安,69,8/29/08
西安,34,8/30/08
西安,56,8/31/08
西安,48,9/1/08
西安,68,9/2/08
西安,68,9/3/08
西安,52,9/4/08
西安,65,9/5/08
西安,70,9/6/08
西安,52,9/7/08
西安,56,9/8/08
西安,56,9/9/08
西安,43,9/10/08
西安,49,9/11/08
西安,56,9/12/08
西安,69,9/13/08
西安,92,9/14/08
西安,68,9/15/08
西安,106,9/16/08
西安,97,9/17/08
西安,63,9/18/08
西安,55,9/19/08
西安,91,9/20/08
西安,85,9/21/08
西安,91,9/22/08
西安,66,9/23/08
西安,62,9/24/08
西安,67,9/25/08
西安,64,9/26/08
西安,35,9/27/08
西安,49,9/29/08
西安,59,9/30/08
西安,58,10/1/08
西安,82,10/2/08
西安,106,10/3/08
西安,108,10/4/08
西安,43,10/6/08
西安,81,10/7/08
西安,72,10/8/08
西安,85,10/9/08
西安,87,10/10/08
西安,72,10/11/08
西安,100,10/12/08
西安,99,10/13/08
西安,70,10/14/08
西安,108,10/15/08
西安,100,10/16/08
西安,100,10/17/08
西安,96,10/18/08
西安,61,10/19/08
西安,75,10/20/08
西安,94,10/21/08
西安,97,10/22/08
西安,57,10/23/08
西安,61,10/24/08
西安,84,10/25/08
西安,68,10/26/08
西安,87,10/27/08
西安,89,10/28/08
西安,118,10/29/08
西安,125,10/30/08
西安,98,10/31/08
西安,91,11/1/08
西安,60,11/2/08
西安,82,11/3/08
西安,100,11/4/08
西安,100,11/5/08
西安,63,11/6/08
西安,64,11/7/08
西安,73,11/8/08
西安,98,11/9/08
西安,78,11/10/08
西安,110,11/11/08
西安,152,11/12/08
西安,80,11/13/08
西安,58,11/14/08
西安,54,11/15/08
西安,75,11/16/08
西安,102,11/17/08
西安,64,11/18/08
西安,66,11/19/08
西安,104,11/20/08
西安,117,11/21/08
西安,106,11/22/08
西安,63,11/23/08
西安,104,11/24/08
西安,103,11/25/08
西安,102,11/26/08
西安,115,11/27/08
西安,98,11/28/08
西安,96,11/29/08
西安,105,11/30/08
西安,95,12/1/08
西安,105,12/2/08
西安,131,12/3/08
西安,67,12/4/08
西安,62,12/5/08
西安,92,12/6/08
西安,105,12/7/08
西安,80,12/8/08
西安,77,12/9/08
西安,84,12/10/08
西安,81,12/11/08
西安,101,12/12/08
西安,99,12/13/08
西安,101,12/14/08
西安,122,12/15/08
西安,151,12/16/08
西安,143,12/17/08
西安,186,12/18/08
西安,190,12/19/08
西安,127,12/20/08
西安,104,12/21/08
西安,53,12/22/08
西安,103,12/23/08
西安,125,12/24/08
西安,135,12/25/08
西安,106,12/26/08
西安,119,12/27/08
西安,122,12/28/08
西安,102,12/29/08
西安,103,12/30/08
西安,109,12/31/08
西安,121,1/1/09
西安,133,1/2/09
西安,111,1/3/09
西安,142,1/4/09
西安,112,1/5/09
西安,120,1/6/09
西安,129,1/7/09
西安,98,1/8/09
西安,84,1/9/09
西安,93,1/10/09
西安,112,1/11/09
西安,74,1/12/09
西安,62,1/13/09
西安,97,1/14/09
西安,99,1/15/09
西安,98,1/16/09
西安,138,1/17/09
西安,100,1/18/09
西安,79,1/19/09
西安,89,1/20/09
西安,71,1/21/09
西安,89,1/22/09
西安,62,1/23/09
西安,63,1/24/09
西安,78,1/25/09
西安,147,1/26/09
西安,114,1/27/09
西安,114,1/28/09
西安,120,1/29/09
西安,122,1/30/09
西安,143,1/31/09
西安,193,2/1/09
西安,99,2/2/09
西安,149,2/3/09
西安,134,2/4/09
西安,117,2/5/09
西安,130,2/6/09
西安,166,2/7/09
西安,87,2/8/09
西安,129,2/10/09
西安,132,2/11/09
西安,160,2/12/09
西安,99,2/13/09
西安,85,2/14/09
西安,87,2/15/09
西安,85,2/16/09
西安,88,2/17/09
西安,86,2/19/09
西安,85,2/20/09
西安,99,2/21/09
西安,111,2/22/09
西安,84,2/23/09
西安,87,2/24/09
西安,88,2/25/09
西安,59,2/26/09
西安,74,2/27/09
西安,82,2/28/09
西安,89,3/1/09
西安,62,3/2/09
西安,71,3/3/09
西安,97,3/4/09
西安,99,3/5/09
西安,76,3/6/09
西安,79,3/7/09
西安,77,3/8/09
西安,79,3/9/09
西安,94,3/10/09
西安,82,3/11/09
西安,78,3/12/09
西安,54,3/13/09
西安,59,3/14/09
西安,83,3/15/09
西安,78,3/16/09
西安,97,3/17/09
西安,92,3/18/09
西安,88,3/19/09
西安,93,3/20/09
西安,92,3/21/09
西安,94,3/22/09
西安,80,3/23/09
西安,62,3/24/09
西安,66,3/25/09
西安,86,3/26/09
西安,83,3/27/09
西安,67,3/28/09
西安,52,3/29/09
西安,72,3/30/09
西安,101,3/31/09
西安,77,4/1/09
西安,67,4/2/09
西安,57,4/3/09
西安,87,4/4/09
西安,71,4/5/09
西安,59,4/6/09
西安,79,4/7/09
西安,67,4/8/09
西安,65,4/9/09
西安,59,4/10/09
西安,70,4/11/09
西安,113,4/12/09
西安,99,4/13/09
西安,75,4/14/09
西安,92,4/15/09
西安,61,4/16/09
西安,62,4/17/09
西安,86,4/18/09
西安,64,4/19/09
西安,71,4/20/09
西安,71,4/21/09
西安,58,4/22/09
西安,64,4/23/09
西安,86,4/24/09
西安,77,4/25/09
西安,61,4/26/09
西安,74,4/27/09
西安,81,4/28/09
西安,74,4/29/09
西安,64,4/30/09
西安,72,5/1/09
西安,64,5/2/09
西安,64,5/3/09
西安,65,5/4/09
西安,70,5/5/09
西安,68,5/6/09
西安,50,5/7/09
西安,41,5/8/09
西安,60,5/9/09
西安,55,5/10/09
西安,54,5/11/09
西安,54,5/12/09
西安,65,5/13/09
西安,69,5/14/09
西安,53,5/15/09
西安,60,5/16/09
西安,61,5/17/09
西安,42,5/18/09
西安,38,5/19/09
西安,53,5/20/09
西安,67,5/21/09
西安,60,5/22/09
西安,34,5/23/09
西安,54,5/24/09
西安,66,5/25/09
西安,58,5/26/09
西安,38,5/27/09
西安,54,5/28/09
西安,69,5/29/09
西安,79,5/30/09
西安,74,5/31/09
西安,70,6/1/09
西安,65,6/2/09
西安,56,6/3/09
西安,68,6/4/09
西安,66,6/5/09
西安,77,6/6/09
西安,86,6/7/09
西安,70,6/8/09
西安,58,6/9/09
西安,43,6/10/09
西安,56,6/11/09
西安,41,6/12/09
西安,62,6/13/09
西安,71,6/14/09
西安,69,6/15/09
西安,61,6/16/09
西安,55,6/17/09
西安,57,6/18/09
西安,79,6/19/09
西安,74,6/21/09
西安,67,6/22/09
西安,73,6/23/09
西安,61,6/24/09
西安,60,6/25/09
西安,56,6/26/09
西安,60,6/27/09
西安,71,6/28/09
西安,50,6/29/09
西安,59,6/30/09
西安,57,7/1/09
西安,72,7/2/09
西安,69,7/3/09
西安,53,7/4/09
西安,54,7/5/09
西安,56,7/6/09
西安,73,7/7/09
西安,56,7/8/09
西安,54,7/9/09
西安,55,7/10/09
西安,53,7/11/09
西安,57,7/12/09
西安,44,7/13/09
西安,53,7/14/09
西安,58,7/15/09
西安,93,7/16/09
西安,112,7/17/09
西安,56,7/18/09
西安,78,7/19/09
西安,72,7/20/09
西安,59,7/21/09
西安,61,7/22/09
西安,75,7/23/09
西安,50,7/24/09
西安,69,7/25/09
西安,96,7/26/09
西安,74,7/27/09
西安,69,7/28/09
西安,90,7/29/09
西安,63,7/30/09
西安,81,7/31/09
西安,88,8/1/09
西安,98,8/2/09
西安,78,8/3/09
西安,70,8/4/09
西安,79,8/5/09
西安,92,8/6/09
西安,81,8/7/09
西安,93,8/8/09
西安,92,8/9/09
西安,49,8/10/09
西安,46,8/11/09
西安,53,8/12/09
西安,61,8/13/09
西安,70,8/14/09
西安,70,8/15/09
西安,74,8/16/09
西安,68,8/17/09
西安,71,8/18/09
西安,44,8/19/09
西安,37,8/20/09
西安,62,8/21/09
西安,66,8/22/09
西安,60,8/23/09
西安,88,8/24/09
西安,109,8/25/09
西安,75,8/26/09
西安,38,8/27/09
西安,54,8/28/09
西安,52,8/29/09
西安,51,8/30/09
西安,66,8/31/09
西安,72,9/1/09
西安,67,9/2/09
西安,57,9/3/09
西安,73,9/4/09
西安,108,9/5/09
西安,99,9/6/09
西安,53,9/7/09
西安,62,9/8/09
西安,56,9/9/09
西安,66,9/10/09
西安,76,9/11/09
西安,71,9/12/09
西安,50,9/13/09
西安,34,9/14/09
西安,55,9/15/09
西安,61,9/16/09
西安,72,9/17/09
西安,90,9/18/09
西安,73,9/19/09
西安,58,9/20/09
西安,59,9/21/09
西安,64,9/22/09
西安,80,9/23/09
西安,99,9/24/09
西安,83,9/25/09
西安,99,9/26/09
西安,82,9/27/09
西安,73,9/28/09
西安,78,9/29/09
西安,65,9/30/09
西安,92,10/1/09
西安,69,10/2/09
西安,77,10/3/09
西安,56,10/4/09
西安,67,10/5/09
西安,94,10/6/09
西安,103,10/7/09
西安,100,10/8/09
西安,93,10/9/09
西安,87,10/10/09
西安,84,10/11/09
西安,82,10/12/09
西安,78,10/13/09
西安,87,10/14/09
西安,91,10/15/09
西安,65,10/16/09
西安,71,10/17/09
西安,79,10/18/09
西安,86,10/19/09
西安,86,10/20/09
西安,84,10/21/09
西安,85,10/22/09
西安,81,10/23/09
西安,97,10/24/09
西安,94,10/25/09
西安,92,10/26/09
西安,84,10/27/09
西安,97,10/28/09
西安,129,10/29/09
西安,148,10/30/09
西安,84,10/31/09
西安,54,11/1/09
西安,47,11/2/09
西安,58,11/3/09
西安,77,11/4/09
西安,95,11/5/09
西安,132,11/6/09
西安,150,11/7/09
西安,135,11/8/09
西安,180,11/9/09
西安,80,11/10/09
西安,35,11/11/09
西安,28,11/12/09
西安,80,11/13/09
西安,106,11/14/09
西安,95,11/15/09
西安,59,11/16/09
西安,71,11/17/09
西安,74,11/18/09
西安,82,11/19/09
西安,94,11/20/09
西安,86,11/21/09
西安,96,11/22/09
西安,144,11/23/09
西安,164,11/24/09
西安,144,11/25/09
西安,156,11/26/09
西安,111,11/27/09
西安,87,11/28/09
西安,69,11/29/09
西安,88,11/30/09
西安,119,12/1/09
西安,99,12/2/09
西安,67,12/3/09
西安,83,12/4/09
西安,74,12/5/09
西安,106,12/6/09
西安,116,12/7/09
西安,106,12/8/09
西安,116,12/9/09
西安,107,12/11/09
西安,81,12/12/09
西安,102,12/13/09
西安,98,12/14/09
西安,84,12/15/09
西安,98,12/16/09
西安,80,12/17/09
西安,91,12/18/09
西安,102,12/19/09
西安,96,12/20/09
西安,104,12/21/09
西安,108,12/22/09
西安,164,12/23/09
西安,279,12/24/09
西安,95,12/25/09
西安,103,12/26/09
西安,102,12/27/09
西安,104,12/28/09
西安,108,12/29/09
西安,110,12/30/09
西安,86,12/31/09
西安,96,1/1/10
西安,81,1/2/10
西安,98,1/3/10
西安,89,1/4/10
西安,69,1/5/10
西安,85,1/6/10
西安,105,1/7/10
西安,105,1/8/10
西安,133,1/9/10
西安,152,1/10/10
西安,108,1/11/10
西安,68,1/12/10
西安,63,1/13/10
西安,77,1/14/10
西安,106,1/15/10
西安,106,1/16/10
西安,128,1/17/10
西安,122,1/18/10
西安,123,1/19/10
西安,128,1/20/10
西安,91,1/21/10
西安,76,1/22/10
西安,76,1/23/10
西安,82,1/24/10
西安,83,1/25/10
西安,80,1/26/10
西安,84,1/27/10
西安,84,1/28/10
西安,84,1/30/10
西安,78,1/31/10
西安,86,2/1/10
西安,94,2/2/10
西安,95,2/3/10
西安,118,2/4/10
西安,124,2/5/10
西安,130,2/6/10
西安,126,2/7/10
西安,112,2/8/10
西安,118,2/9/10
西安,68,2/10/10
西安,47,2/11/10
西安,49,2/12/10
西安,70,2/13/10
西安,62,2/15/10
西安,61,2/16/10
西安,63,2/17/10
西安,57,2/18/10
西安,60,2/19/10
西安,70,2/20/10
西安,67,2/21/10
西安,71,2/22/10
西安,85,2/23/10
西安,111,2/24/10
西安,92,2/25/10
西安,86,2/26/10
西安,96,2/27/10
西安,94,2/28/10
西安,129,3/1/10
西安,100,3/2/10
西安,87,3/3/10
西安,76,3/4/10
西安,80,3/5/10
西安,67,3/6/10
西安,72,3/7/10
西安,77,3/8/10
西安,48,3/9/10
西安,69,3/10/10
西安,79,3/11/10
西安,83,3/12/10
西安,112,3/13/10
西安,93,3/14/10
西安,88,3/16/10
西安,97,3/17/10
西安,150,3/18/10
西安,100,3/19/10
西安,163,3/20/10
西安,135,3/21/10
西安,173,3/22/10
西安,89,3/23/10
西安,86,3/24/10
西安,89,3/25/10
西安,108,3/26/10
西安,95,3/27/10
西安,83,3/28/10
西安,93,3/29/10
西安,95,3/30/10
西安,93,3/31/10
西安,88,4/1/10
西安,86,4/2/10
西安,86,4/3/10
西安,71,4/4/10
西安,80,4/5/10
西安,81,4/6/10
西安,78,4/7/10
西安,96,4/8/10
西安,87,4/9/10
西安,89,4/10/10
西安,88,4/11/10
西安,79,4/12/10
西安,60,4/13/10
西安,59,4/14/10
西安,61,4/15/10
西安,76,4/16/10
西安,97,4/17/10
西安,81,4/18/10
西安,97,4/19/10
西安,75,4/20/10
西安,57,4/21/10
西安,48,4/22/10
西安,75,4/23/10
西安,85,4/24/10
西安,95,4/25/10
西安,474,4/26/10
西安,158,4/27/10
西安,156,4/28/10
西安,140,4/29/10
西安,131,4/30/10
西安,98,5/1/10
西安,96,5/2/10
西安,95,5/3/10
西安,89,5/4/10
西安,93,5/5/10
西安,71,5/6/10
西安,74,5/7/10
西安,80,5/8/10
西安,85,5/9/10
西安,133,5/10/10
西安,98,5/11/10
西安,97,5/12/10
西安,70,5/13/10
西安,65,5/14/10
西安,94,5/15/10
西安,96,5/16/10
西安,87,5/17/10
西安,61,5/18/10
西安,87,5/19/10
西安,92,5/20/10
西安,59,5/22/10
西安,75,5/23/10
西安,96,5/24/10
西安,88,5/25/10
西安,85,5/26/10
西安,49,5/27/10
西安,60,5/28/10
西安,92,5/29/10
西安,93,5/30/10
西安,58,6/1/10
西安,58,6/2/10
西安,75,6/3/10
西安,68,6/4/10
西安,73,6/5/10
西安,76,6/6/10
西安,75,6/7/10
西安,72,6/8/10
西安,59,6/9/10
西安,71,6/10/10
西安,86,6/11/10
西安,81,6/12/10
西安,85,6/13/10
西安,81,6/14/10
西安,94,6/15/10
西安,76,6/16/10
西安,87,6/17/10
西安,90,6/18/10
西安,100,6/19/10
西安,82,6/20/10
西安,85,6/21/10
西安,76,6/22/10
西安,81,6/24/10
西安,83,6/25/10
西安,89,6/26/10
西安,66,6/27/10
西安,82,6/28/10
西安,73,6/29/10
西安,59,6/30/10
西安,49,7/1/10
西安,66,7/2/10
西安,62,7/3/10
西安,62,7/4/10
西安,68,7/5/10
西安,85,7/6/10
西安,78,7/7/10
西安,82,7/8/10
西安,81,7/9/10
西安,35,7/10/10
西安,68,7/11/10
西安,76,7/12/10
西安,79,7/13/10
西安,85,7/14/10
西安,70,7/15/10
西安,71,7/16/10
西安,81,7/17/10
西安,63,7/18/10
西安,80,7/19/10
西安,85,7/20/10
西安,80,7/21/10
西安,62,7/22/10
西安,88,7/23/10
西安,64,7/24/10
西安,58,7/25/10
西安,66,7/26/10
西安,81,7/27/10
西安,86,7/28/10
西安,96,7/29/10
西安,89,7/30/10
西安,90,7/31/10
西安,84,8/1/10
西安,65,8/2/10
西安,89,8/3/10
西安,89,8/4/10
西安,64,8/5/10
西安,75,8/6/10
西安,86,8/7/10
西安,86,8/8/10
西安,91,8/9/10
西安,78,8/10/10
西安,85,8/11/10
西安,84,8/12/10
西安,61,8/13/10
西安,61,8/13/10
西安,49,8/14/10
西安,63,8/15/10
西安,78,8/16/10
西安,87,8/17/10
西安,93,8/18/10
西安,88,8/19/10
西安,49,8/20/10
西安,72,8/21/10
西安,48,8/22/10
西安,60,8/23/10
西安,24,8/24/10
西安,64,8/25/10
西安,71,8/26/10
西安,80,8/27/10
西安,87,8/28/10
西安,86,8/29/10
西安,92,8/30/10
西安,75,8/31/10
西安,73,9/1/10
西安,82,9/2/10
西安,83,9/3/10
西安,74,9/4/10
西安,78,9/5/10
西安,89,9/6/10
西安,66,9/7/10
西安,71,9/8/10
西安,81,9/9/10
西安,62,9/10/10
西安,72,9/11/10
西安,85,9/12/10
西安,79,9/13/10
西安,77,9/14/10
西安,81,9/15/10
西安,87,9/16/10
西安,73,9/17/10
西安,77,9/18/10
西安,81,9/19/10
西安,75,9/20/10
西安,79,9/21/10
西安,46,9/22/10
西安,54,9/23/10
西安,83,9/24/10
西安,65,9/25/10
西安,75,9/26/10
西安,91,9/27/10
西安,115,9/28/10
西安,89,9/29/10
西安,87,9/30/10
西安,93,10/1/10
西安,71,10/2/10
西安,73,10/3/10
西安,65,10/4/10
西安,79,10/5/10
西安,85,10/6/10
西安,90,10/7/10
西安,93,10/8/10
西安,140,10/9/10
西安,93,10/10/10
西安,48,10/11/10
西安,72,10/12/10
西安,68,10/13/10
西安,76,10/14/10
西安,75,10/15/10
西安,96,10/16/10
西安,115,10/17/10
西安,119,10/18/10
西安,150,10/19/10
西安,135,10/20/10
西安,115,10/21/10
西安,98,10/22/10
西安,98,10/23/10
西安,118,10/24/10
西安,58,10/25/10
西安,40,10/26/10
西安,67,10/27/10
西安,76,10/28/10
西安,86,10/29/10
西安,93,10/30/10
西安,123,10/31/10
西安,131,11/1/10
西安,82,11/2/10
西安,81,11/3/10
西安,84,11/4/10
西安,94,11/5/10
西安,118,11/6/10
西安,92,11/7/10
西安,92,11/8/10
西安,94,11/9/10
西安,94,11/10/10
西安,96,11/11/10
西安,108,11/12/10
西安,96,11/13/10
西安,80,11/14/10
西安,80,11/15/10
西安,98,11/16/10
西安,121,11/17/10
西安,144,11/18/10
西安,88,11/19/10
西安,130,11/20/10
西安,95,11/21/10
西安,91,11/22/10
西安,97,11/23/10
西安,141,11/24/10
西安,124,11/25/10
西安,148,11/26/10
西安,98,11/27/10
西安,98,11/28/10
西安,87,11/29/10
西安,86,11/30/10
西安,98,12/1/10
西安,96,12/2/10
西安,97,12/3/10
西安,137,12/4/10
西安,140,12/5/10
西安,97,12/6/10
西安,93,12/7/10
西安,84,12/8/10
西安,122,12/9/10
西安,133,12/10/10
西安,95,12/11/10
西安,122,12/12/10
西安,160,12/13/10
西安,92,12/14/10
西安,63,12/15/10
西安,60,12/16/10
西安,94,12/17/10
西安,121,12/18/10
西安,94,12/19/10
西安,97,12/20/10
西安,111,12/21/10
西安,109,12/22/10
西安,140,12/23/10
西安,91,12/24/10
西安,77,12/25/10
西安,88,12/26/10
西安,123,12/27/10
西安,78,12/28/10
西安,106,12/29/10
西安,70,12/30/10
西安,71,12/31/10
西安,83,1/1/11
西安,83,1/2/11
西安,78,1/3/11
西安,95,1/4/11
西安,123,1/5/11
西安,83,1/6/11
西安,88,1/7/11
西安,94,1/8/11
西安,98,1/9/11
西安,86,1/10/11
西安,87,1/11/11
西安,97,1/12/11
西安,123,1/13/11
西安,158,1/14/11
西安,118,1/15/11
西安,97,1/16/11
西安,84,1/17/11
西安,96,1/18/11
西安,117,1/19/11
西安,136,1/20/11
西安,148,1/21/11
西安,155,1/22/11
西安,121,1/23/11
西安,98,1/24/11
西安,119,1/25/11
西安,119,1/26/11
西安,139,1/27/11
西安,97,1/28/11
西安,68,1/29/11
西安,82,1/30/11
西安,83,1/31/11
西安,117,2/1/11
西安,125,2/2/11
西安,199,2/3/11
西安,170,2/4/11
西安,100,2/5/11
西安,121,2/6/11
西安,96,2/7/11
西安,95,2/8/11
西安,126,2/9/11
西安,79,2/10/11
西安,98,2/11/11
西安,86,2/12/11
西安,89,2/13/11
西安,56,2/14/11
西安,89,2/15/11
西安,100,2/16/11
西安,149,2/17/11
西安,128,2/18/11
西安,136,2/19/11
西安,172,2/20/11
西安,165,2/21/11
西安,135,2/22/11
西安,160,2/23/11
西安,182,2/24/11
西安,173,2/25/11
西安,124,2/26/11
西安,89,2/27/11
西安,81,2/28/11
西安,47,3/1/11
西安,77,3/2/11
西安,90,3/3/11
西安,68,3/4/11
西安,97,3/5/11
西安,120,3/6/11
西安,93,3/7/11
西安,94,3/8/11
西安,89,3/9/11
西安,88,3/10/11
西安,95,3/11/11
西安,94,3/12/11
西安,96,3/13/11
西安,187,3/14/11
西安,82,3/15/11
西安,87,3/16/11
西安,91,3/17/11
西安,145,3/18/11
西安,162,3/19/11
西安,95,3/20/11
西安,55,3/21/11
西安,61,3/22/11
西安,83,3/23/11
西安,89,3/24/11
西安,96,3/25/11
西安,93,3/26/11
西安,94,3/27/11
西安,96,3/28/11
西安,92,3/29/11
西安,109,3/30/11
西安,95,3/31/11
西安,95,4/1/11
西安,85,4/2/11
西安,70,4/3/11
西安,90,4/4/11
西安,93,4/5/11
西安,91,4/6/11
西安,92,4/7/11
西安,95,4/8/11
西安,95,4/9/11
西安,126,4/10/11
西安,93,4/11/11
西安,121,4/12/11
西安,135,4/13/11
西安,125,4/14/11
西安,94,4/15/11
西安,92,4/16/11
西安,85,4/17/11
西安,89,4/18/11
西安,88,4/19/11
西安,97,4/20/11
西安,92,4/21/11
西安,92,4/22/11
西安,82,4/23/11
西安,80,4/24/11
西安,96,4/25/11
西安,99,4/26/11
西安,82,4/28/11
西安,97,4/29/11
西安,157,4/30/11
西安,89,5/1/11
西安,49,5/2/11
西安,61,5/3/11
西安,83,5/4/11
西安,77,5/5/11
西安,85,5/6/11
西安,89,5/7/11
西安,94,5/8/11
西安,92,5/9/11
西安,60,5/10/11
西安,57,5/11/11
西安,67,5/12/11
西安,59,5/13/11
西安,50,5/14/11
西安,60,5/15/11
西安,57,5/16/11
西安,69,5/17/11
西安,92,5/18/11
西安,99,5/19/11
西安,94,5/20/11
西安,38,5/21/11
西安,35,5/22/11
西安,40,5/23/11
西安,57,5/24/11
西安,72,5/25/11
西安,75,5/26/11
西安,71,5/27/11
西安,78,5/28/11
西安,76,5/29/11
西安,77,5/30/11
西安,59,5/31/11
西安,67,6/1/11
西安,81,6/2/11
西安,78,6/3/11
西安,85,6/4/11
西安,88,6/5/11
西安,95,6/6/11
西安,82,6/7/11
西安,72,6/8/11
西安,82,6/9/11
西安,48,6/10/11
西安,58,6/11/11
西安,77,6/12/11
西安,81,6/13/11
西安,65,6/14/11
西安,67,6/15/11
西安,79,6/16/11
西安,73,6/17/11
西安,49,6/18/11
西安,70,6/19/11
西安,75,6/20/11
西安,61,6/21/11
西安,58,6/22/11
西安,42,6/23/11
西安,47,6/24/11
西安,63,6/25/11
西安,61,6/26/11
西安,58,6/27/11
西安,54,6/28/11
西安,54,6/29/11
西安,59,6/30/11
西安,60,7/1/11
西安,48,7/2/11
西安,56,7/3/11
西安,49,7/4/11
西安,73,7/5/11
西安,42,7/7/11
西安,82,7/8/11
西安,75,7/9/11
西安,95,7/10/11
西安,91,7/11/11
西安,88,7/12/11
西安,85,7/13/11
西安,71,7/14/11
西安,83,7/15/11
西安,81,7/16/11
西安,75,7/17/11
西安,71,7/18/11
西安,84,7/19/11
西安,86,7/20/11
西安,69,7/21/11
西安,61,7/22/11
西安,77,7/23/11
西安,89,7/24/11
西安,67,7/25/11
西安,73,7/26/11
西安,79,7/27/11
西安,71,7/28/11
西安,56,7/29/11
西安,40,7/30/11
西安,50,7/31/11
西安,41,8/1/11
西安,52,8/2/11
西安,74,8/3/11
西安,91,8/4/11
西安,75,8/5/11
西安,55,8/6/11
西安,81,8/7/11
西安,92,8/8/11
西安,95,8/9/11
西安,90,8/10/11
西安,87,8/11/11
西安,88,8/13/11
西安,98,8/14/11
西安,89,8/15/11
西安,69,8/16/11
西安,56,8/17/11
西安,58,8/18/11
西安,42,8/19/11
西安,43,8/20/11
西安,48,8/21/11
西安,52,8/22/11
西安,67,8/23/11
西安,75,8/24/11
西安,83,8/25/11
西安,60,8/26/11
西安,64,8/27/11
西安,74,8/28/11
西安,83,8/29/11
西安,86,8/30/11
西安,92,8/31/11
西安,90,9/1/11
西安,93,9/2/11
西安,76,9/3/11
西安,62,9/4/11
西安,38,9/5/11
西安,31,9/6/11
西安,38,9/7/11
西安,49,9/8/11
西安,68,9/9/11
西安,63,9/10/11
西安,52,9/11/11
西安,31,9/12/11
西安,40,9/13/11
西安,46,9/14/11
西安,55,9/15/11
西安,67,9/16/11
西安,46,9/17/11
西安,33,9/18/11
西安,31,9/19/11
西安,41,9/20/11
西安,55,9/21/11
西安,61,9/22/11
西安,68,9/23/11
西安,83,9/24/11
西安,93,9/25/11
西安,85,9/26/11
西安,74,9/27/11
西安,63,9/28/11
西安,52,9/29/11
西安,63,9/30/11
西安,69,10/1/11
西安,74,10/2/11
西安,62,10/3/11
西安,66,10/4/11
西安,64,10/5/11
西安,77,10/7/11
西安,86,10/8/11
西安,83,10/9/11
西安,74,10/10/11
西安,77,10/11/11
西安,65,10/12/11
西安,48,10/13/11
西安,52,10/14/11
西安,59,10/15/11
西安,53,10/16/11
西安,53,10/17/11
西安,80,10/18/11
西安,89,10/19/11
西安,92,10/20/11
西安,98,10/21/11
西安,91,10/22/11
西安,75,10/23/11
西安,56,10/24/11
西安,53,10/25/11
西安,54,10/26/11
西安,80,10/27/11
西安,91,10/29/11
西安,99,10/30/11
西安,107,10/31/11
西安,103,11/1/11
西安,96,11/2/11
西安,85,11/3/11
西安,74,11/4/11
西安,58,11/5/11
西安,67,11/6/11
西安,46,11/7/11
西安,36,11/8/11
西安,57,11/9/11
西安,70,11/10/11
西安,87,11/11/11
西安,83,11/12/11
西安,72,11/13/11
西安,81,11/14/11
西安,89,11/15/11
西安,85,11/16/11
西安,68,11/17/11
西安,65,11/18/11
西安,53,11/19/11
西安,53,11/20/11
西安,81,11/21/11
西安,72,11/22/11
西安,70,11/23/11
西安,68,11/24/11
西安,110,11/25/11
西安,107,11/26/11
西安,108,11/27/11
西安,117,11/28/11
西安,85,11/29/11
西安,44,11/30/11
西安,60,12/1/11
西安,79,12/2/11
西安,107,12/3/11
西安,106,12/4/11
西安,80,12/5/11
西安,69,12/6/11
西安,68,12/7/11
西安,63,12/8/11
西安,79,12/9/11
西安,76,12/10/11
西安,105,12/11/11
西安,79,12/12/11
西安,107,12/13/11
西安,108,12/14/11
西安,106,12/15/11
西安,91,12/16/11
西安,86,12/17/11
西安,109,12/18/11
西安,118,12/19/11
西安,126,12/20/11
西安,98,12/21/11
西安,78,12/22/11
西安,84,12/23/11
西安,65,12/24/11
西安,107,12/25/11
西安,109,12/26/11
西安,112,12/27/11
西安,115,12/28/11
西安,128,12/29/11
西安,187,12/30/11
西安,156,12/31/11
西安,218,1/1/12
西安,147,1/2/12
西安,65,1/3/12
西安,47,1/4/12
西安,58,1/5/12
西安,87,1/6/12
西安,86,1/7/12
西安,120,1/8/12
西安,130,1/9/12
西安,165,1/10/12
西安,144,1/11/12
西安,107,1/12/12
西安,118,1/13/12
西安,123,1/14/12
西安,99,1/15/12
西安,120,1/16/12
西安,122,1/17/12
西安,167,1/18/12
西安,96,1/20/12
西安,66,1/21/12
西安,57,1/22/12
西安,75,1/23/12
西安,72,1/24/12
西安,50,1/25/12
西安,79,1/26/12
西安,85,1/27/12
西安,96,1/28/12
西安,107,1/29/12
西安,117,1/30/12
西安,123,1/31/12
西安,132,2/1/12
西安,49,2/2/12
西安,54,2/3/12
西安,75,2/4/12
西安,84,2/5/12
西安,133,2/6/12
西安,51,2/7/12
西安,53,2/8/12
西安,46,2/9/12
西安,53,2/10/12
西安,67,2/11/12
西安,86,2/12/12
西安,89,2/13/12
西安,114,2/14/12
西安,119,2/15/12
西安,108,2/16/12
西安,55,2/17/12
西安,53,2/18/12
西安,56,2/19/12
西安,84,2/20/12
西安,99,2/21/12
西安,118,2/22/12
西安,120,2/23/12
西安,99,2/24/12
西安,81,2/25/12
西安,68,2/26/12
西安,84,2/27/12
西安,104,2/28/12
西安,122,2/29/12
西安,126,3/1/12
西安,109,3/2/12
西安,68,3/3/12
西安,66,3/4/12
西安,77,3/5/12
西安,60,3/6/12
西安,69,3/7/12
西安,66,3/8/12
西安,70,3/9/12
西安,83,3/10/12
西安,70,3/11/12
西安,86,3/12/12
西安,110,3/13/12
西安,98,3/14/12
西安,88,3/15/12
西安,82,3/16/12
西安,93,3/17/12
西安,119,3/18/12
西安,109,3/19/12
西安,68,3/20/12
西安,76,3/21/12
西安,64,3/22/12
西安,66,3/23/12
西安,76,3/24/12
西安,83,3/25/12
西安,85,3/26/12
西安,98,3/27/12
西安,93,3/28/12
西安,91,3/29/12
西安,76,3/30/12
西安,56,3/31/12
西安,79,4/1/12
西安,80,4/2/12
西安,80,4/3/12
西安,81,4/4/12
西安,81,4/4/12
西安,76,4/5/12
西安,82,4/6/12
西安,84,4/7/12
西安,81,4/8/12
西安,63,4/9/12
西安,57,4/10/12
西安,65,4/11/12
西安,49,4/12/12
西安,48,4/13/12
西安,64,4/14/12
西安,68,4/15/12
西安,65,4/16/12
西安,84,4/17/12
西安,85,4/18/12
西安,64,4/19/12
西安,81,4/20/12
西安,87,4/21/12
西安,87,4/22/12
西安,94,4/23/12
西安,75,4/24/12
西安,90,4/25/12
西安,95,4/26/12
西安,90,4/27/12
西安,96,4/28/12
西安,95,4/29/12
西安,87,4/30/12
西安,91,5/1/12
西安,69,5/2/12
西安,75,5/3/12
西安,82,5/4/12
西安,80,5/5/12
西安,87,5/6/12
西安,93,5/7/12
西安,87,5/8/12
西安,80,5/9/12
西安,80,5/10/12
西安,59,5/11/12
西安,63,5/12/12
西安,87,5/13/12
西安,71,5/14/12
西安,59,5/15/12
西安,73,5/16/12
西安,72,5/17/12
西安,81,5/18/12
西安,92,5/19/12
西安,77,5/20/12
西安,67,5/21/12
西安,56,5/22/12
西安,93,5/23/12
西安,93,5/24/12
西安,84,5/25/12
西安,78,5/26/12
西安,71,5/27/12
西安,57,5/28/12
西安,57,5/29/12
西安,50,5/30/12
西安,58,5/31/12
西安,70,6/1/12
西安,62,6/2/12
西安,58,6/3/12
西安,73,6/4/12
西安,82,6/5/12
西安,68,6/6/12
西安,74,6/7/12
西安,56,6/8/12
西安,61,6/9/12
西安,59,6/10/12
西安,70,6/11/12
西安,66,6/12/12
西安,63,6/13/12
西安,64,6/14/12
西安,65,6/15/12
西安,66,6/16/12
西安,67,6/17/12
西安,64,6/18/12
西安,72,6/19/12
西安,70,6/20/12
西安,70,6/21/12
西安,61,6/22/12
西安,59,6/23/12
西安,63,6/24/12
西安,69,6/25/12
西安,58,6/26/12
西安,72,6/27/12
西安,54,6/28/12
西安,56,6/29/12
西安,44,6/30/12
西安,42,7/1/12
西安,60,7/2/12
西安,48,7/3/12
西安,43,7/4/12
西安,48,7/5/12
西安,58,7/6/12
西安,51,7/7/12
西安,60,7/8/12
西安,49,7/9/12
西安,52,7/10/12
西安,62,7/11/12
西安,62,7/12/12
西安,62,7/13/12
西安,66,7/14/12
西安,68,7/15/12
西安,73,7/16/12
西安,72,7/17/12
西安,76,7/18/12
西安,83,7/19/12
西安,85,7/20/12
西安,71,7/21/12
西安,54,7/22/12
西安,53,7/23/12
西安,57,7/24/12
西安,69,7/25/12
西安,78,7/26/12
西安,78,7/26/12
西安,45,7/27/12
西安,49,7/28/12
西安,66,7/29/12
西安,64,7/30/12
西安,53,7/31/12
西安,47,8/1/12
西安,52,8/2/12
西安,65,8/3/12
西安,75,8/4/12
西安,71,8/5/12
西安,59,8/6/12
西安,62,8/7/12
西安,72,8/8/12
西安,75,8/9/12
西安,77,8/10/12
西安,81,8/11/12
西安,83,8/12/12
西安,73,8/13/12
西安,56,8/14/12
西安,66,8/15/12
西安,83,8/16/12
西安,67,8/17/12
西安,59,8/18/12
西安,42,8/19/12
西安,39,8/20/12
西安,42,8/21/12
西安,58,8/22/12
西安,55,8/23/12
西安,58,8/24/12
西安,72,8/25/12
西安,85,8/26/12
西安,92,8/27/12
西安,78,8/28/12
西安,62,8/29/12
西安,70,8/30/12
西安,71,8/31/12
西安,37,9/1/12
西安,36,9/2/12
西安,37,9/3/12
西安,54,9/4/12
西安,74,9/5/12
西安,81,9/6/12
西安,75,9/7/12
西安,71,9/8/12
西安,60,9/9/12
西安,66,9/10/12
西安,60,9/11/12
西安,54,9/12/12
西安,53,9/13/12
西安,58,9/14/12
西安,73,9/15/12
西安,58,9/16/12
西安,81,9/17/12
西安,82,9/18/12
西安,77,9/19/12
西安,79,9/20/12
西安,85,9/21/12
西安,88,9/22/12
西安,108,9/23/12
西安,116,9/24/12
西安,97,9/25/12
西安,52,9/26/12
西安,77,9/27/12
西安,63,9/28/12
西安,73,9/29/12
西安,88,9/30/12
西安,89,10/1/12
西安,109,10/2/12
西安,95,10/3/12
西安,78,10/4/12
西安,86,10/5/12
西安,97,10/6/12
西安,117,10/7/12
西安,137,10/8/12
西安,92,10/9/12
西安,75,10/10/12
西安,123,10/11/12
西安,126,10/12/12
西安,90,10/13/12
西安,94,10/14/12
西安,138,10/15/12
西安,94,10/16/12
西安,72,10/17/12
西安,95,10/18/12
西安,97,10/19/12
西安,98,10/20/12
西安,115,10/21/12
西安,55,10/22/12
西安,86,10/23/12
西安,86,10/24/12
西安,83,10/25/12
西安,116,10/26/12
西安,97,10/27/12
西安,98,10/28/12
西安,93,10/29/12
西安,88,10/30/12
西安,84,10/31/12
西安,88,11/1/12
西安,148,11/2/12
西安,95,11/3/12
西安,71,11/4/12
西安,79,11/5/12
西安,86,11/6/12
西安,92,11/7/12
西安,59,11/8/12
西安,89,11/9/12
西安,94,11/10/12
西安,71,11/11/12
西安,75,11/12/12
西安,86,11/13/12
西安,95,11/14/12
西安,130,11/15/12
西安,64,11/16/12
西安,93,11/17/12
西安,98,11/18/12
西安,91,11/19/12
西安,125,11/20/12
西安,140,11/21/12
西安,162,11/22/12
西安,68,11/23/12
西安,74,11/24/12
西安,78,11/26/12
西安,85,11/27/12
西安,88,11/28/12
西安,95,11/29/12
西安,192,12/1/12
西安,242,12/2/12
西安,124,12/3/12
西安,119,12/4/12
西安,94,12/5/12
西安,94,12/6/12
西安,91,12/7/12
西安,89,12/8/12
西安,88,12/9/12
西安,116,12/10/12
西安,119,12/11/12
西安,289,12/12/12
西安,292,12/13/12
西安,293,12/14/12
西安,282,12/15/12
西安,314,12/16/12
西安,177,12/17/12
西安,82,12/18/12
西安,91,12/19/12
西安,95,12/20/12
西安,89,12/21/12
西安,79,12/22/12
西安,66,12/23/12
西安,87,12/24/12
西安,107,12/25/12
西安,96,12/26/12
西安,220,12/28/12
西安,92,12/29/12
西安,76,12/30/12
西安,96,12/31/12
西安,109,1/1/13
西安,101,1/2/13
西安,74,1/3/13
西安,70,1/4/13
西安,149,1/5/13
西安,199,1/6/13
西安,334,1/7/13
西安,296,1/8/13
西安,242,1/9/13
西安,183,1/10/13
西安,292,1/11/13
西安,156,1/12/13
西安,240,1/13/13
西安,342,1/14/13
西安,130,1/1/14
西安,112,1/2/14
西安,93,1/3/14
西安,114,1/4/14
西安,205,1/5/14
西安,218,1/6/14
西安,97,1/7/14
西安,71,1/8/14
西安,95,1/9/14
西安,201,1/10/14
西安,153,1/11/14
西安,90,1/12/14
西安,119,1/13/14
西安,185,1/14/14
西安,285,1/15/14
西安,310,1/16/14
西安,227,1/17/14
西安,127,1/18/14
西安,98,1/19/14
西安,80,1/20/14
西安,119,1/21/14
西安,198,1/22/14
西安,204,1/24/14
西安,128,1/25/14
西安,168,1/26/14
西安,248,1/27/14
西安,245,1/28/14
西安,288,1/29/14
西安,353,1/30/14
西安,500,1/31/14
西安,392,2/1/14
西安,425,2/2/14
西安,246,2/3/14
西安,118,2/4/14
西安,82,2/5/14
西安,110,2/6/14
西安,168,2/7/14
西安,229,2/8/14
西安,87,2/9/14
西安,110,2/10/14
西安,168,2/11/14
西安,232,2/12/14
西安,201,2/13/14
西安,237,2/14/14
西安,289,2/15/14
西安,274,2/16/14
西安,175,2/17/14
西安,193,2/18/14
西安,173,2/19/14
西安,215,2/20/14
西安,251,2/21/14
西安,251,2/22/14
西安,295,2/23/14
西安,290,2/24/14
西安,295,2/25/14
西安,202,2/26/14
西安,129,2/27/14
西安,118,2/28/14
西安,159,3/1/14
西安,215,3/2/14
西安,251,3/3/14
西安,132,3/4/14
西安,153,3/5/14
西安,163,3/6/14
西安,149,3/7/14
西安,113,3/8/14
西安,108,3/9/14
西安,140,3/10/14
西安,100,3/11/14
西安,104,3/12/14
西安,75,3/13/14
西安,100,3/14/14
西安,108,3/15/14
西安,126,3/16/14
西安,145,3/17/14
西安,200,3/18/14
西安,115,3/19/14
西安,76,3/20/14
西安,98,3/21/14
西安,112,3/22/14
西安,107,3/23/14
西安,99,3/24/14
西安,101,3/25/14
西安,129,3/26/14
西安,105,3/27/14
西安,175,3/28/14
西安,223,3/29/14
西安,120,3/30/14
西安,104,3/31/14
西安,96,4/1/14
西安,107,4/2/14
西安,100,4/3/14
西安,102,4/4/14
西安,90,4/5/14
西安,107,4/6/14
西安,91,4/7/14
西安,109,4/8/14
西安,118,4/9/14
西安,117,4/10/14
西安,83,4/11/14
西安,79,4/12/14
西安,97,4/13/14
西安,98,4/14/14
西安,75,4/15/14
西安,68,4/16/14
西安,83,4/17/14
西安,84,4/18/14
西安,55,4/19/14
西安,80,4/20/14
西安,60,4/21/14
西安,69,4/22/14
西安,98,4/23/14
西安,109,4/24/14
西安,126,4/25/14
西安,117,4/26/14
西安,177,4/27/14
西安,172,4/28/14
西安,137,4/29/14
西安,129,4/30/14
西安,132,5/1/14
西安,99,5/2/14
西安,117,5/3/14
西安,101,5/4/14
西安,101,5/5/14
西安,106,5/6/14
西安,98,5/7/14
西安,107,5/8/14
西安,121,5/9/14
西安,57,5/10/14
西安,63,5/11/14
西安,79,5/12/14
西安,76,5/13/14
西安,65,5/14/14
西安,73,5/15/14
西安,90,5/16/14
西安,90,5/17/14
西安,91,5/18/14
西安,102,5/19/14
西安,112,5/20/14
西安,93,5/21/14
西安,80,5/22/14
西安,59,5/23/14
西安,70,5/24/14
西安,216,5/25/14
西安,138,5/26/14
西安,101,5/27/14
西安,109,5/28/14
西安,96,5/29/14
西安,105,5/30/14
西安,106,5/31/14
西安,79,6/1/14
西安,99,6/2/14
西安,86,6/3/14
西安,59,6/4/14
西安,99,6/5/14
西安,73,6/6/14
西安,61,6/7/14
西安,95,6/8/14
西安,90,6/9/14
西安,88,6/10/14
西安,79,6/11/14
西安,130,6/12/14
西安,68,6/13/14
西安,74,6/14/14
西安,62,6/15/14
西安,83,6/16/14
西安,57,6/17/14
西安,77,6/18/14
西安,53,6/19/14
西安,67,6/20/14
西安,69,6/21/14
西安,79,6/22/14
西安,72,6/23/14
西安,54,6/24/14
西安,54,6/25/14
西安,103,6/26/14
西安,108,6/27/14
西安,86,6/28/14
西安,65,6/29/14
西安,102,6/30/14
西安,96,7/1/14
西安,101,7/2/14
西安,65,7/3/14
西安,93,7/4/14
西安,86,7/5/14
西安,95,7/6/14
西安,108,7/7/14
西安,99,7/8/14
西安,82,7/11/14
西安,82,7/12/14
西安,85,7/13/14
西安,97,7/14/14
西安,80,7/15/14
西安,80,7/16/14
西安,86,7/17/14
西安,76,7/18/14
西安,54,7/21/14
西安,106,7/22/14
西安,55,7/23/14
西安,80,7/24/14
西安,82,7/25/14
西安,92,7/26/14
西安,109,7/27/14
西安,96,7/28/14
西安,98,7/29/14
西安,93,7/30/14
西安,94,7/31/14
西安,115,8/1/14
西安,110,8/2/14
西安,109,8/3/14
西安,88,8/4/14
西安,90,8/5/14
西安,70,8/6/14
西安,54,8/9/14
西安,76,8/10/14
西安,90,8/11/14
西安,59,8/12/14
西安,56,8/13/14
西安,75,8/14/14
西安,72,8/15/14
西安,83,8/16/14
西安,78,8/17/14
西安,90,8/18/14
西安,90,8/19/14
西安,89,8/20/14
西安,105,8/21/14
西安,78,8/22/14
西安,72,8/23/14
西安,57,8/24/14
西安,77,8/25/14
西安,93,8/26/14
西安,64,8/27/14
西安,60,8/28/14
西安,63,8/29/14
西安,52,8/31/14
西安,67,9/1/14
西安,59,9/2/14
西安,60,9/3/14
西安,78,9/4/14
西安,80,9/5/14
西安,74,9/6/14
西安,68,9/7/14
西安,57,9/8/14
西安,62,9/9/14
西安,60,9/10/14
西安,63,9/11/14
西安,57,9/18/14
西安,73,9/19/14
西安,87,9/20/14
西安,89,9/21/14
西安,70,9/22/14
西安,62,9/24/14
西安,91,9/25/14
西安,110,9/26/14
西安,104,9/27/14
西安,52,9/29/14
西安,62,9/30/14
西安,65,10/1/14
西安,93,10/2/14
西安,112,10/3/14
西安,91,10/4/14
西安,75,10/5/14
西安,115,10/6/14
西安,150,10/7/14
西安,229,10/8/14
西安,248,10/9/14
西安,130,10/10/14
西安,89,10/11/14
西安,65,10/14/14
西安,78,10/15/14
西安,117,10/16/14
西安,99,10/17/14
西安,124,10/18/14
西安,137,10/19/14
西安,103,10/20/14
西安,129,10/21/14
西安,155,10/22/14
西安,95,10/23/14
西安,98,10/24/14
西安,102,10/25/14
西安,115,10/26/14
西安,96,10/27/14
西安,90,10/28/14
西安,152,10/29/14
西安,166,10/30/14
西安,77,10/31/14
西安,51,11/1/14
西安,70,11/2/14
西安,83,11/3/14
西安,83,11/4/14
西安,67,11/5/14
西安,103,11/6/14
西安,129,11/7/14
西安,160,11/8/14
西安,185,11/9/14
西安,170,11/10/14
西安,74,11/11/14
西安,79,11/12/14
西安,84,11/13/14
西安,117,11/14/14
西安,92,11/15/14
西安,104,11/16/14
西安,134,11/17/14
西安,206,11/18/14
西安,176,11/19/14
西安,78,11/24/14
西安,64,11/25/14
西安,96,11/26/14
西安,90,11/27/14
西安,79,11/28/14
西安,120,11/29/14
西安,62,12/1/14
西安,96,12/2/14
西安,81,12/3/14
西安,70,12/4/14
西安,102,12/5/14
西安,130,12/6/14
西安,97,12/7/14
西安,116,12/8/14
西安,103,12/9/14
西安,81,12/10/14
西安,95,12/11/14
西安,86,12/12/14
西安,118,12/13/14
西安,145,12/14/14
西安,89,12/15/14
西安,60,12/16/14
西安,100,12/17/14
西安,158,12/18/14
西安,132,12/19/14
西安,69,12/20/14
西安,60,12/21/14
西安,91,12/22/14
西安,103,12/23/14
西安,193,12/24/14
西安,123,12/25/14
西安,153,12/26/14
西安,148,12/27/14
西安,83,12/28/14
西安,98,12/29/14
西安,94,12/30/14
西安,71,12/31/14
西安,90,1/1/15
西安,108,1/2/15
西安,153,1/3/15
西安,215,1/4/15
西安,85,1/5/15
西安,63,1/6/15
西安,93,1/8/15
西安,112,1/9/15
西安,159,1/10/15
西安,206,1/11/15
西安,220,1/12/15
西安,192,1/13/15
西安,248,1/14/15
西安,239,1/15/15
西安,127,1/16/15
西安,94,1/17/15
西安,75,1/18/15
西安,113,1/19/15
西安,93,1/20/15
西安,69,1/21/15
西安,86,1/22/15
西安,130,1/23/15
西安,176,1/24/15
西安,211,1/25/15
西安,240,1/26/15
西安,142,1/27/15
西安,64,1/28/15
西安,70,1/29/15
西安,60,1/30/15
西安,88,1/31/15
西安,149,2/1/15
西安,175,2/2/15
西安,204,2/3/15
西安,119,2/4/15
西安,76,2/5/15
西安,83,2/6/15
西安,65,2/7/15
西安,75,2/8/15
西安,87,2/9/15
西安,99,2/10/15
西安,96,2/11/15
西安,91,2/12/15
西安,94,2/13/15
西安,122,2/14/15
西安,93,2/15/15
西安,71,2/16/15
西安,90,2/17/15
西安,126,2/18/15
西安,99,2/19/15
西安,94,2/20/15
西安,102,2/21/15
西安,125,2/22/15
西安,104,2/23/15
西安,108,2/24/15
西安,91,2/25/15